This file contains any messages produced by compilers while
running configure, to aid debugging if configure makes a mistake.

It was created by PostgreSQL configure 12.22, which was
generated by GNU Autoconf 2.69.  Invocation command line was

  $ ../../configure --prefix=/tmp/pgbuild --without-readline

## --------- ##
## Platform. ##
## --------- ##

hostname = runnervm46oaq
uname -m = x86_64
uname -r = 6.14.0-1017-azure
uname -s = Linux
uname -v = #17~24.04.1-Ubuntu SMP Mon Dec  1 20:10:50 UTC 2025

/usr/bin/uname -p = x86_64
/bin/uname -X     = unknown

/bin/arch              = x86_64
/usr/bin/arch -k       = unknown
/usr/convex/getsysinfo = unknown
/usr/bin/hostinfo      = unknown
/bin/machine           = unknown
/usr/bin/oslevel       = unknown
/bin/universe          = unknown

PATH: /home/runner/work/_temp/ghcca-node/node/bin
PATH: /snap/bin
PATH: /home/runner/.local/bin
PATH: /opt/pipx_bin
PATH: /home/runner/.cargo/bin
PATH: /home/runner/.config/composer/vendor/bin
PATH: /usr/local/.ghcup/bin
PATH: /home/runner/.dotnet/tools
PATH: /usr/local/sbin
PATH: /usr/local/bin
PATH: /usr/sbin
PATH: /usr/bin
PATH: /sbin
PATH: /bin
PATH: /usr/games
PATH: /usr/local/games
PATH: /snap/bin


## ----------- ##
## Core tests. ##
## ----------- ##

configure:2854: checking build system type
configure:2868: result: x86_64-pc-linux-gnu
configure:2888: checking host system type
configure:2901: result: x86_64-pc-linux-gnu
configure:2923: checking which template to use
configure:2991: result: linux
configure:3116: checking whether NLS is wanted
configure:3148: result: no
configure:3156: checking for default port number
configure:3181: result: 5432
configure:3658: checking for block size
configure:3692: result: 8kB
configure:3704: checking for segment size
configure:3733: result: 1GB
configure:3745: checking for WAL block size
configure:3780: result: 8kB
configure:3877: checking for gcc
configure:3893: found /usr/bin/gcc
configure:3904: result: gcc
configure:3935: checking for C compiler version
configure:3944: gcc --version >&5
gcc (Ubuntu 13.3.0-6ubuntu2~24.04.1) 13.3.0
Copyright (C) 2023 Free Software Foundation, Inc.
This is free software; see the source for copying conditions.  There is NO
warranty; not even for MERCHANTABILITY or FITNESS FOR A PARTICULAR PURPOSE.

configure:3955: $? = 0
configure:3944: gcc -v >&5
Using built-in specs.
COLLECT_GCC=gcc
COLLECT_LTO_WRAPPER=/usr/libexec/gcc/x86_64-linux-gnu/13/lto-wrapper
OFFLOAD_TARGET_NAMES=nvptx-none:amdgcn-amdhsa
OFFLOAD_TARGET_DEFAULT=1
Target: x86_64-linux-gnu
Configured with: ../src/configure -v --with-pkgversion='Ubuntu 13.3.0-6ubuntu2~24.04.1' --with-bugurl=file:///usr/share/doc/gcc-13/README.Bugs --enable-languages=c,ada,c++,go,d,fortran,objc,obj-c++,m2 --prefix=/usr --with-gcc-major-version-only --program-suffix=-13 --program-prefix=x86_64-linux-gnu- --enable-shared --enable-linker-build-id --libexecdir=/usr/libexec --without-included-gettext --enable-threads=posix --libdir=/usr/lib --enable-nls --enable-bootstrap --enable-clocale=gnu --enable-libstdcxx-debug --enable-libstdcxx-time=yes --with-default-libstdcxx-abi=new --enable-libstdcxx-backtrace --enable-gnu-unique-object --disable-vtable-verify --enable-plugin --enable-default-pie --with-system-zlib --enable-libphobos-checking=release --with-target-system-zlib=auto --enable-objc-gc=auto --enable-multiarch --disable-werror --enable-cet --with-arch-32=i686 --with-abi=m64 --with-multilib-list=m32,m64,mx32 --enable-multilib --with-tune=generic --enable-offload-targets=nvptx-none=/build/gcc-13-EldibY/gcc-13-13.3.0/debian/tmp-nvptx/usr,amdgcn-amdhsa=/build/gcc-13-EldibY/gcc-13-13.3.0/debian/tmp-gcn/usr --enable-offload-defaulted --without-cuda-driver --enable-checking=release --build=x86_64-linux-gnu --host=x86_64-linux-gnu --target=x86_64-linux-gnu --with-build-config=bootstrap-lto-lean --enable-link-serialization=2
Thread model: posix
Supported LTO compression algorithms: zlib zstd
gcc version 13.3.0 (Ubuntu 13.3.0-6ubuntu2~24.04.1) 
... rest of stderr output deleted ...
configure:3955: $? = 0
configure:3944: gcc -V >&5
gcc: error: unrecognized command-line option '-V'
gcc: fatal error: no input files
compilation terminated.
configure:3955: $? = 1
configure:3944: gcc -qversion >&5
gcc: error: unrecognized command-line option '-qversion'; did you mean '--version'?
gcc: fatal error: no input files
compilation terminated.
configure:3955: $? = 1
configure:3975: checking whether the C compiler works
configure:3997: gcc    conftest.c  >&5
configure:4001: $? = 0
configure:4049: result: yes
configure:4052: checking for C compiler default output file name
configure:4054: result: a.out
configure:4060: checking for suffix of executables
configure:4067: gcc -o conftest    conftest.c  >&5
configure:4071: $? = 0
configure:4093: result: 
configure:4115: checking whether we are cross compiling
configure:4123: gcc -o conftest    conftest.c  >&5
configure:4127: $? = 0
configure:4134: ./conftest
configure:4138: $? = 0
configure:4153: result: no
configure:4158: checking for suffix of object files
configure:4180: gcc -c   conftest.c >&5
configure:4184: $? = 0
configure:4205: result: o
configure:4209: checking whether we are using the GNU C compiler
configure:4228: gcc -c   conftest.c >&5
configure:4228: $? = 0
configure:4237: result: yes
configure:4246: checking whether gcc accepts -g
configure:4266: gcc -c -g  conftest.c >&5
configure:4266: $? = 0
configure:4307: result: yes
configure:4324: checking for gcc option to accept ISO C89
configure:4387: gcc  -c -g -O2  conftest.c >&5
configure:4387: $? = 0
configure:4400: result: none needed
configure:4420: checking for gcc option to accept ISO C99
configure:4569: gcc  -c -g -O2  conftest.c >&5
configure:4569: $? = 0
configure:4582: result: none needed
configure:4662: checking for g++
configure:4678: found /usr/bin/g++
configure:4689: result: g++
configure:4716: checking for C++ compiler version
configure:4725: g++ --version >&5
g++ (Ubuntu 13.3.0-6ubuntu2~24.04.1) 13.3.0
Copyright (C) 2023 Free Software Foundation, Inc.
This is free software; see the source for copying conditions.  There is NO
warranty; not even for MERCHANTABILITY or FITNESS FOR A PARTICULAR PURPOSE.

configure:4736: $? = 0
configure:4725: g++ -v >&5
Using built-in specs.
COLLECT_GCC=g++
COLLECT_LTO_WRAPPER=/usr/libexec/gcc/x86_64-linux-gnu/13/lto-wrapper
OFFLOAD_TARGET_NAMES=nvptx-none:amdgcn-amdhsa
OFFLOAD_TARGET_DEFAULT=1
Target: x86_64-linux-gnu
Configured with: ../src/configure -v --with-pkgversion='Ubuntu 13.3.0-6ubuntu2~24.04.1' --with-bugurl=file:///usr/share/doc/gcc-13/README.Bugs --enable-languages=c,ada,c++,go,d,fortran,objc,obj-c++,m2 --prefix=/usr --with-gcc-major-version-only --program-suffix=-13 --program-prefix=x86_64-linux-gnu- --enable-shared --enable-linker-build-id --libexecdir=/usr/libexec --without-included-gettext --enable-threads=posix --libdir=/usr/lib --enable-nls --enable-bootstrap --enable-clocale=gnu --enable-libstdcxx-debug --enable-libstdcxx-time=yes --with-default-libstdcxx-abi=new --enable-libstdcxx-backtrace --enable-gnu-unique-object --disable-vtable-verify --enable-plugin --enable-default-pie --with-system-zlib --enable-libphobos-checking=release --with-target-system-zlib=auto --enable-objc-gc=auto --enable-multiarch --disable-werror --enable-cet --with-arch-32=i686 --with-abi=m64 --with-multilib-list=m32,m64,mx32 --enable-multilib --with-tune=generic --enable-offload-targets=nvptx-none=/build/gcc-13-EldibY/gcc-13-13.3.0/debian/tmp-nvptx/usr,amdgcn-amdhsa=/build/gcc-13-EldibY/gcc-13-13.3.0/debian/tmp-gcn/usr --enable-offload-defaulted --without-cuda-driver --enable-checking=release --build=x86_64-linux-gnu --host=x86_64-linux-gnu --target=x86_64-linux-gnu --with-build-config=bootstrap-lto-lean --enable-link-serialization=2
Thread model: posix
Supported LTO compression algorithms: zlib zstd
gcc version 13.3.0 (Ubuntu 13.3.0-6ubuntu2~24.04.1) 
... rest of stderr output deleted ...
configure:4736: $? = 0
configure:4725: g++ -V >&5
g++: error: unrecognized command-line option '-V'
g++: fatal error: no input files
compilation terminated.
configure:4736: $? = 1
configure:4725: g++ -qversion >&5
g++: error: unrecognized command-line option '-qversion'; did you mean '--version'?
g++: fatal error: no input files
compilation terminated.
configure:4736: $? = 1
configure:4740: checking whether we are using the GNU C++ compiler
configure:4759: g++ -c   conftest.cpp >&5
configure:4759: $? = 0
configure:4768: result: yes
configure:4777: checking whether g++ accepts -g
configure:4797: g++ -c -g  conftest.cpp >&5
configure:4797: $? = 0
configure:4838: result: yes
configure:4879: gcc -c -g -O2  conftest.c >&5
conftest.c: In function 'main':
conftest.c:21:1: error: unknown type name 'choke'
   21 | choke me
      | ^~~~~
configure:4879: $? = 1
configure: failed program was:
| /* confdefs.h */
| #define PACKAGE_NAME "PostgreSQL"
| #define PACKAGE_TARNAME "postgresql"
| #define PACKAGE_VERSION "12.22"
| #define PACKAGE_STRING "PostgreSQL 12.22"
| #define PACKAGE_BUGREPORT "pgsql-bugs@lists.postgresql.org"
| #define PACKAGE_URL ""
| #define PG_MAJORVERSION "12"
| #define PG_VERSION "12.22"
| #define DEF_PGPORT 5432
| #define DEF_PGPORT_STR "5432"
| #define BLCKSZ 8192
| #define RELSEG_SIZE 131072
| #define XLOG_BLCKSZ 8192
| /* end confdefs.h.  */
| 
| int
| main ()
| {
| #ifndef __INTEL_COMPILER
| choke me
| #endif
|   ;
|   return 0;
| }
configure:4901: gcc -c -g -O2  conftest.c >&5
conftest.c: In function 'main':
conftest.c:21:1: error: unknown type name 'choke'
   21 | choke me
      | ^~~~~
configure:4901: $? = 1
configure: failed program was:
| /* confdefs.h */
| #define PACKAGE_NAME "PostgreSQL"
| #define PACKAGE_TARNAME "postgresql"
| #define PACKAGE_VERSION "12.22"
| #define PACKAGE_STRING "PostgreSQL 12.22"
| #define PACKAGE_BUGREPORT "pgsql-bugs@lists.postgresql.org"
| #define PACKAGE_URL ""
| #define PG_MAJORVERSION "12"
| #define PG_VERSION "12.22"
| #define DEF_PGPORT 5432
| #define DEF_PGPORT_STR "5432"
| #define BLCKSZ 8192
| #define RELSEG_SIZE 131072
| #define XLOG_BLCKSZ 8192
| /* end confdefs.h.  */
| 
| int
| main ()
| {
| #ifndef __SUNPRO_C
| choke me
| #endif
|   ;
|   return 0;
| }
configure:4946: checking for gawk
configure:4962: found /usr/bin/gawk
configure:4973: result: gawk
configure:5254: checking whether gcc reports a C standard higher than ISO C17
configure:5269: gcc -c -O2  -D_GNU_SOURCE conftest.c >&5
configure:5269: $? = 0
configure:5275: result: no
configure:5353: checking whether gcc supports -Wdeclaration-after-statement, for CFLAGS
configure:5375: gcc -c -Wall -Wmissing-prototypes -Wpointer-arith -Wdeclaration-after-statement  -D_GNU_SOURCE conftest.c >&5
configure:5375: $? = 0
configure:5385: result: yes
configure:5401: checking whether gcc supports -Werror=vla, for CFLAGS
configure:5423: gcc -c -Wall -Wmissing-prototypes -Wpointer-arith -Wdeclaration-after-statement -Werror=vla  -D_GNU_SOURCE conftest.c >&5
configure:5423: $? = 0
configure:5433: result: yes
configure:5442: checking whether gcc supports -Wendif-labels, for CFLAGS
configure:5464: gcc -c -Wall -Wmissing-prototypes -Wpointer-arith -Wdeclaration-after-statement -Werror=vla -Wendif-labels  -D_GNU_SOURCE conftest.c >&5
configure:5464: $? = 0
configure:5474: result: yes
configure:5481: checking whether g++ supports -Wendif-labels, for CXXFLAGS
configure:5509: g++ -c -Wall -Wpointer-arith -Wendif-labels  -D_GNU_SOURCE conftest.cpp >&5
configure:5509: $? = 0
configure:5525: result: yes
configure:5533: checking whether gcc supports -Wmissing-format-attribute, for CFLAGS
configure:5555: gcc -c -Wall -Wmissing-prototypes -Wpointer-arith -Wdeclaration-after-statement -Werror=vla -Wendif-labels -Wmissing-format-attribute  -D_GNU_SOURCE conftest.c >&5
configure:5555: $? = 0
configure:5565: result: yes
configure:5572: checking whether g++ supports -Wmissing-format-attribute, for CXXFLAGS
configure:5600: g++ -c -Wall -Wpointer-arith -Wendif-labels -Wmissing-format-attribute  -D_GNU_SOURCE conftest.cpp >&5
configure:5600: $? = 0
configure:5616: result: yes
configure:5625: checking whether gcc supports -Wformat-security, for CFLAGS
configure:5647: gcc -c -Wall -Wmissing-prototypes -Wpointer-arith -Wdeclaration-after-statement -Werror=vla -Wendif-labels -Wmissing-format-attribute -Wformat-security  -D_GNU_SOURCE conftest.c >&5
configure:5647: $? = 0
configure:5657: result: yes
configure:5664: checking whether g++ supports -Wformat-security, for CXXFLAGS
configure:5692: g++ -c -Wall -Wpointer-arith -Wendif-labels -Wmissing-format-attribute -Wformat-security  -D_GNU_SOURCE conftest.cpp >&5
configure:5692: $? = 0
configure:5708: result: yes
configure:5717: checking whether gcc supports -fno-strict-aliasing, for CFLAGS
configure:5739: gcc -c -Wall -Wmissing-prototypes -Wpointer-arith -Wdeclaration-after-statement -Werror=vla -Wendif-labels -Wmissing-format-attribute -Wformat-security -fno-strict-aliasing  -D_GNU_SOURCE conftest.c >&5
configure:5739: $? = 0
configure:5749: result: yes
configure:5756: checking whether g++ supports -fno-strict-aliasing, for CXXFLAGS
configure:5784: g++ -c -Wall -Wpointer-arith -Wendif-labels -Wmissing-format-attribute -Wformat-security -fno-strict-aliasing  -D_GNU_SOURCE conftest.cpp >&5
configure:5784: $? = 0
configure:5800: result: yes
configure:5809: checking whether gcc supports -fwrapv, for CFLAGS
configure:5831: gcc -c -Wall -Wmissing-prototypes -Wpointer-arith -Wdeclaration-after-statement -Werror=vla -Wendif-labels -Wmissing-format-attribute -Wformat-security -fno-strict-aliasing -fwrapv  -D_GNU_SOURCE conftest.c >&5
configure:5831: $? = 0
configure:5841: result: yes
configure:5848: checking whether g++ supports -fwrapv, for CXXFLAGS
configure:5876: g++ -c -Wall -Wpointer-arith -Wendif-labels -Wmissing-format-attribute -Wformat-security -fno-strict-aliasing -fwrapv  -D_GNU_SOURCE conftest.cpp >&5
configure:5876: $? = 0
configure:5892: result: yes
configure:5901: checking whether gcc supports -fexcess-precision=standard, for CFLAGS
configure:5923: gcc -c -Wall -Wmissing-prototypes -Wpointer-arith -Wdeclaration-after-statement -Werror=vla -Wendif-labels -Wmissing-format-attribute -Wformat-security -fno-strict-aliasing -fwrapv -fexcess-precision=standard  -D_GNU_SOURCE conftest.c >&5
configure:5923: $? = 0
configure:5933: result: yes
configure:5940: checking whether g++ supports -fexcess-precision=standard, for CXXFLAGS
configure:5968: g++ -c -Wall -Wpointer-arith -Wendif-labels -Wmissing-format-attribute -Wformat-security -fno-strict-aliasing -fwrapv -fexcess-precision=standard  -D_GNU_SOURCE conftest.cpp >&5
configure:5968: $? = 0
configure:5984: result: yes
configure:5992: checking whether gcc supports -funroll-loops, for CFLAGS_VECTOR
configure:6014: gcc -c  -funroll-loops  -D_GNU_SOURCE conftest.c >&5
configure:6014: $? = 0
configure:6024: result: yes
configure:6031: checking whether gcc supports -ftree-vectorize, for CFLAGS_VECTOR
configure:6053: gcc -c  -funroll-loops -ftree-vectorize  -D_GNU_SOURCE conftest.c >&5
configure:6053: $? = 0
configure:6063: result: yes
configure:6079: checking whether gcc supports -Wunused-command-line-argument, for NOT_THE_CFLAGS
configure:6101: gcc -c  -Wunused-command-line-argument  -D_GNU_SOURCE conftest.c >&5
gcc: error: unrecognized command-line option '-Wunused-command-line-argument'; did you mean '-Wunused-dummy-argument'?
configure:6101: $? = 1
configure: failed program was:
| /* confdefs.h */
| #define PACKAGE_NAME "PostgreSQL"
| #define PACKAGE_TARNAME "postgresql"
| #define PACKAGE_VERSION "12.22"
| #define PACKAGE_STRING "PostgreSQL 12.22"
| #define PACKAGE_BUGREPORT "pgsql-bugs@lists.postgresql.org"
| #define PACKAGE_URL ""
| #define PG_MAJORVERSION "12"
| #define PG_VERSION "12.22"
| #define DEF_PGPORT 5432
| #define DEF_PGPORT_STR "5432"
| #define BLCKSZ 8192
| #define RELSEG_SIZE 131072
| #define XLOG_BLCKSZ 8192
| /* end confdefs.h.  */
| 
| int
| main ()
| {
| 
|   ;
|   return 0;
| }
configure:6111: result: no
configure:6124: checking whether gcc supports -Wcompound-token-split-by-macro, for NOT_THE_CFLAGS
configure:6146: gcc -c  -Wcompound-token-split-by-macro  -D_GNU_SOURCE conftest.c >&5
gcc: error: unrecognized command-line option '-Wcompound-token-split-by-macro'
configure:6146: $? = 1
configure: failed program was:
| /* confdefs.h */
| #define PACKAGE_NAME "PostgreSQL"
| #define PACKAGE_TARNAME "postgresql"
| #define PACKAGE_VERSION "12.22"
| #define PACKAGE_STRING "PostgreSQL 12.22"
| #define PACKAGE_BUGREPORT "pgsql-bugs@lists.postgresql.org"
| #define PACKAGE_URL ""
| #define PG_MAJORVERSION "12"
| #define PG_VERSION "12.22"
| #define DEF_PGPORT 5432
| #define DEF_PGPORT_STR "5432"
| #define BLCKSZ 8192
| #define RELSEG_SIZE 131072
| #define XLOG_BLCKSZ 8192
| /* end confdefs.h.  */
| 
| int
| main ()
| {
| 
|   ;
|   return 0;
| }
configure:6156: result: no
configure:6169: checking whether gcc supports -Wdeprecated-non-prototype, for NOT_THE_CFLAGS
configure:6191: gcc -c  -Wdeprecated-non-prototype  -D_GNU_SOURCE conftest.c >&5
gcc: error: unrecognized command-line option '-Wdeprecated-non-prototype'
configure:6191: $? = 1
configure: failed program was:
| /* confdefs.h */
| #define PACKAGE_NAME "PostgreSQL"
| #define PACKAGE_TARNAME "postgresql"
| #define PACKAGE_VERSION "12.22"
| #define PACKAGE_STRING "PostgreSQL 12.22"
| #define PACKAGE_BUGREPORT "pgsql-bugs@lists.postgresql.org"
| #define PACKAGE_URL ""
| #define PG_MAJORVERSION "12"
| #define PG_VERSION "12.22"
| #define DEF_PGPORT 5432
| #define DEF_PGPORT_STR "5432"
| #define BLCKSZ 8192
| #define RELSEG_SIZE 131072
| #define XLOG_BLCKSZ 8192
| /* end confdefs.h.  */
| 
| int
| main ()
| {
| 
|   ;
|   return 0;
| }
configure:6201: result: no
configure:6213: checking whether gcc supports -Wformat-truncation, for NOT_THE_CFLAGS
configure:6235: gcc -c  -Wformat-truncation  -D_GNU_SOURCE conftest.c >&5
configure:6235: $? = 0
configure:6245: result: yes
configure:6256: checking whether gcc supports -Wstringop-truncation, for NOT_THE_CFLAGS
configure:6278: gcc -c  -Wstringop-truncation  -D_GNU_SOURCE conftest.c >&5
configure:6278: $? = 0
configure:6288: result: yes
configure:7394: checking whether the C compiler still works
configure:7407: gcc -o conftest -Wall -Wmissing-prototypes -Wpointer-arith -Wdeclaration-after-statement -Werror=vla -Wendif-labels -Wmissing-format-attribute -Wformat-security -fno-strict-aliasing -fwrapv -fexcess-precision=standard -Wno-format-truncation -Wno-stringop-truncation -O2  -D_GNU_SOURCE  conftest.c  >&5
configure:7407: $? = 0
configure:7408: result: yes
configure:7433: gcc -c -Wall -Wmissing-prototypes -Wpointer-arith -Wdeclaration-after-statement -Werror=vla -Wendif-labels -Wmissing-format-attribute -Wformat-security -fno-strict-aliasing -fwrapv -fexcess-precision=standard -Wno-format-truncation -Wno-stringop-truncation -O2  -D_GNU_SOURCE conftest.c >&5
configure:7433: $? = 0
configure:7479: checking how to run the C preprocessor
configure:7510: gcc -E  -D_GNU_SOURCE conftest.c
configure:7510: $? = 0
configure:7524: gcc -E  -D_GNU_SOURCE conftest.c
conftest.c:16:10: fatal error: ac_nonexistent.h: No such file or directory
   16 | #include <ac_nonexistent.h>
      |          ^~~~~~~~~~~~~~~~~~
compilation terminated.
configure:7524: $? = 1
configure: failed program was:
| /* confdefs.h */
| #define PACKAGE_NAME "PostgreSQL"
| #define PACKAGE_TARNAME "postgresql"
| #define PACKAGE_VERSION "12.22"
| #define PACKAGE_STRING "PostgreSQL 12.22"
| #define PACKAGE_BUGREPORT "pgsql-bugs@lists.postgresql.org"
| #define PACKAGE_URL ""
| #define PG_MAJORVERSION "12"
| #define PG_VERSION "12.22"
| #define DEF_PGPORT 5432
| #define DEF_PGPORT_STR "5432"
| #define BLCKSZ 8192
| #define RELSEG_SIZE 131072
| #define XLOG_BLCKSZ 8192
| /* end confdefs.h.  */
| #include <ac_nonexistent.h>
configure:7549: result: gcc -E
configure:7569: gcc -E  -D_GNU_SOURCE conftest.c
configure:7569: $? = 0
configure:7583: gcc -E  -D_GNU_SOURCE conftest.c
conftest.c:16:10: fatal error: ac_nonexistent.h: No such file or directory
   16 | #include <ac_nonexistent.h>
      |          ^~~~~~~~~~~~~~~~~~
compilation terminated.
configure:7583: $? = 1
configure: failed program was:
| /* confdefs.h */
| #define PACKAGE_NAME "PostgreSQL"
| #define PACKAGE_TARNAME "postgresql"
| #define PACKAGE_VERSION "12.22"
| #define PACKAGE_STRING "PostgreSQL 12.22"
| #define PACKAGE_BUGREPORT "pgsql-bugs@lists.postgresql.org"
| #define PACKAGE_URL ""
| #define PG_MAJORVERSION "12"
| #define PG_VERSION "12.22"
| #define DEF_PGPORT 5432
| #define DEF_PGPORT_STR "5432"
| #define BLCKSZ 8192
| #define RELSEG_SIZE 131072
| #define XLOG_BLCKSZ 8192
| /* end confdefs.h.  */
| #include <ac_nonexistent.h>
configure:7685: checking for pkg-config
configure:7703: found /usr/bin/pkg-config
configure:7715: result: /usr/bin/pkg-config
configure:7740: checking pkg-config is at least version 0.9.0
configure:7743: result: yes
configure:7848: checking allow thread-safe client libraries
configure:7878: result: yes
configure:7885: checking whether to build with ICU support
configure:7913: result: no
configure:8014: checking whether to build with Tcl
configure:8040: result: no
configure:8072: checking whether to build Perl modules
configure:8098: result: no
configure:8105: checking whether to build Python modules
configure:8131: result: no
configure:8138: checking whether to build with GSSAPI support
configure:8169: result: no
configure:8214: checking whether to build with PAM support
configure:8242: result: no
configure:8249: checking whether to build with BSD Authentication support
configure:8277: result: no
configure:8284: checking whether to build with LDAP support
configure:8312: result: no
configure:8320: checking whether to build with Bonjour support
configure:8348: result: no
configure:8355: checking whether to build with OpenSSL support
configure:8383: result: no
configure:8390: checking whether to build with SELinux support
configure:8417: result: no
configure:8423: checking whether to build with systemd support
configure:8452: result: no
configure:8610: checking whether to build with XML support
configure:8638: result: no
configure:8893: checking for grep that handles long lines and -e
configure:8951: result: /usr/bin/grep
configure:8956: checking for egrep
configure:9018: result: /usr/bin/grep -E
configure:9065: checking for ld used by GCC
configure:9128: result: /usr/bin/ld
configure:9135: checking if the linker (/usr/bin/ld) is GNU ld
GNU ld (GNU Binutils for Ubuntu) 2.42
configure:9147: result: yes
configure:9197: checking for ranlib
configure:9213: found /usr/bin/ranlib
configure:9224: result: ranlib
configure:9290: checking for strip
configure:9306: found /usr/bin/strip
configure:9317: result: strip
configure:9340: checking whether it is possible to strip libraries
configure:9345: result: yes
configure:9410: checking for ar
configure:9426: found /usr/bin/ar
configure:9437: result: ar
configure:9752: checking for a BSD-compatible install
configure:9820: result: /usr/bin/install -c
configure:9845: checking for tar
configure:9863: found /usr/bin/tar
configure:9875: result: /usr/bin/tar
configure:9894: checking whether ln -s works
configure:9898: result: yes
configure:9905: checking for a thread-safe mkdir -p
configure:9944: result: /usr/bin/mkdir -p
configure:9959: checking for bison
configure:9977: found /usr/bin/bison
configure:9989: result: /usr/bin/bison
configure:10011: using bison (GNU Bison) 3.8.2
configure:10049: checking for flex
configure:10094: result: /usr/bin/flex
configure:10114: using flex 2.6.4
configure:10127: checking for perl
configure:10145: found /usr/bin/perl
configure:10157: result: /usr/bin/perl
configure:10179: using perl 5.38.2
configure:10554: checking for a sed that does not truncate output
configure:10618: result: /usr/bin/sed
configure:10623: checking for ANSI C header files
configure:10643: gcc -c -Wall -Wmissing-prototypes -Wpointer-arith -Wdeclaration-after-statement -Werror=vla -Wendif-labels -Wmissing-format-attribute -Wformat-security -fno-strict-aliasing -fwrapv -fexcess-precision=standard -Wno-format-truncation -Wno-stringop-truncation -O2  -D_GNU_SOURCE  conftest.c >&5
configure:10643: $? = 0
configure:10716: gcc -o conftest -Wall -Wmissing-prototypes -Wpointer-arith -Wdeclaration-after-statement -Werror=vla -Wendif-labels -Wmissing-format-attribute -Wformat-security -fno-strict-aliasing -fwrapv -fexcess-precision=standard -Wno-format-truncation -Wno-stringop-truncation -O2  -D_GNU_SOURCE    conftest.c  >&5
configure:10716: $? = 0
configure:10716: ./conftest
configure:10716: $? = 0
configure:10727: result: yes
configure:10740: checking for sys/types.h
configure:10740: gcc -c -Wall -Wmissing-prototypes -Wpointer-arith -Wdeclaration-after-statement -Werror=vla -Wendif-labels -Wmissing-format-attribute -Wformat-security -fno-strict-aliasing -fwrapv -fexcess-precision=standard -Wno-format-truncation -Wno-stringop-truncation -O2  -D_GNU_SOURCE  conftest.c >&5
configure:10740: $? = 0
configure:10740: result: yes
configure:10740: checking for sys/stat.h
configure:10740: gcc -c -Wall -Wmissing-prototypes -Wpointer-arith -Wdeclaration-after-statement -Werror=vla -Wendif-labels -Wmissing-format-attribute -Wformat-security -fno-strict-aliasing -fwrapv -fexcess-precision=standard -Wno-format-truncation -Wno-stringop-truncation -O2  -D_GNU_SOURCE  conftest.c >&5
configure:10740: $? = 0
configure:10740: result: yes
configure:10740: checking for stdlib.h
configure:10740: gcc -c -Wall -Wmissing-prototypes -Wpointer-arith -Wdeclaration-after-statement -Werror=vla -Wendif-labels -Wmissing-format-attribute -Wformat-security -fno-strict-aliasing -fwrapv -fexcess-precision=standard -Wno-format-truncation -Wno-stringop-truncation -O2  -D_GNU_SOURCE  conftest.c >&5
configure:10740: $? = 0
configure:10740: result: yes
configure:10740: checking for string.h
configure:10740: gcc -c -Wall -Wmissing-prototypes -Wpointer-arith -Wdeclaration-after-statement -Werror=vla -Wendif-labels -Wmissing-format-attribute -Wformat-security -fno-strict-aliasing -fwrapv -fexcess-precision=standard -Wno-format-truncation -Wno-stringop-truncation -O2  -D_GNU_SOURCE  conftest.c >&5
configure:10740: $? = 0
configure:10740: result: yes
configure:10740: checking for memory.h
configure:10740: gcc -c -Wall -Wmissing-prototypes -Wpointer-arith -Wdeclaration-after-statement -Werror=vla -Wendif-labels -Wmissing-format-attribute -Wformat-security -fno-strict-aliasing -fwrapv -fexcess-precision=standard -Wno-format-truncation -Wno-stringop-truncation -O2  -D_GNU_SOURCE  conftest.c >&5
configure:10740: $? = 0
configure:10740: result: yes
configure:10740: checking for strings.h
configure:10740: gcc -c -Wall -Wmissing-prototypes -Wpointer-arith -Wdeclaration-after-statement -Werror=vla -Wendif-labels -Wmissing-format-attribute -Wformat-security -fno-strict-aliasing -fwrapv -fexcess-precision=standard -Wno-format-truncation -Wno-stringop-truncation -O2  -D_GNU_SOURCE  conftest.c >&5
configure:10740: $? = 0
configure:10740: result: yes
configure:10740: checking for inttypes.h
configure:10740: gcc -c -Wall -Wmissing-prototypes -Wpointer-arith -Wdeclaration-after-statement -Werror=vla -Wendif-labels -Wmissing-format-attribute -Wformat-security -fno-strict-aliasing -fwrapv -fexcess-precision=standard -Wno-format-truncation -Wno-stringop-truncation -O2  -D_GNU_SOURCE  conftest.c >&5
configure:10740: $? = 0
configure:10740: result: yes
configure:10740: checking for stdint.h
configure:10740: gcc -c -Wall -Wmissing-prototypes -Wpointer-arith -Wdeclaration-after-statement -Werror=vla -Wendif-labels -Wmissing-format-attribute -Wformat-security -fno-strict-aliasing -fwrapv -fexcess-precision=standard -Wno-format-truncation -Wno-stringop-truncation -O2  -D_GNU_SOURCE  conftest.c >&5
configure:10740: $? = 0
configure:10740: result: yes
configure:10740: checking for unistd.h
configure:10740: gcc -c -Wall -Wmissing-prototypes -Wpointer-arith -Wdeclaration-after-statement -Werror=vla -Wendif-labels -Wmissing-format-attribute -Wformat-security -fno-strict-aliasing -fwrapv -fexcess-precision=standard -Wno-format-truncation -Wno-stringop-truncation -O2  -D_GNU_SOURCE  conftest.c >&5
configure:10740: $? = 0
configure:10740: result: yes
configure:10937: checking whether gcc is Clang
configure:10962: result: no
configure:11085: checking whether pthreads work with -pthread
configure:11179: gcc -o conftest -Wall -Wmissing-prototypes -Wpointer-arith -Wdeclaration-after-statement -Werror=vla -Wendif-labels -Wmissing-format-attribute -Wformat-security -fno-strict-aliasing -fwrapv -fexcess-precision=standard -Wno-format-truncation -Wno-stringop-truncation -O2 -pthread  -D_GNU_SOURCE    conftest.c   >&5
configure:11179: $? = 0
configure:11188: result: yes
configure:11207: checking for joinable pthread attribute
configure:11225: gcc -o conftest -Wall -Wmissing-prototypes -Wpointer-arith -Wdeclaration-after-statement -Werror=vla -Wendif-labels -Wmissing-format-attribute -Wformat-security -fno-strict-aliasing -fwrapv -fexcess-precision=standard -Wno-format-truncation -Wno-stringop-truncation -O2 -pthread  -D_GNU_SOURCE    conftest.c   >&5
configure:11225: $? = 0
configure:11233: result: PTHREAD_CREATE_JOINABLE
configure:11247: checking whether more special flags are required for pthreads
configure:11260: result: no
configure:11268: checking for PTHREAD_PRIO_INHERIT
configure:11284: gcc -o conftest -Wall -Wmissing-prototypes -Wpointer-arith -Wdeclaration-after-statement -Werror=vla -Wendif-labels -Wmissing-format-attribute -Wformat-security -fno-strict-aliasing -fwrapv -fexcess-precision=standard -Wno-format-truncation -Wno-stringop-truncation -O2 -pthread  -D_GNU_SOURCE    conftest.c   >&5
conftest.c: In function 'main':
conftest.c:32:5: warning: unused variable 'i' [-Wunused-variable]
   32 | int i = PTHREAD_PRIO_INHERIT;
      |     ^
configure:11284: $? = 0
configure:11293: result: yes
configure:11407: checking pthread.h usability
configure:11407: gcc -c -Wall -Wmissing-prototypes -Wpointer-arith -Wdeclaration-after-statement -Werror=vla -Wendif-labels -Wmissing-format-attribute -Wformat-security -fno-strict-aliasing -fwrapv -fexcess-precision=standard -Wno-format-truncation -Wno-stringop-truncation -O2 -pthread -D_REENTRANT -D_THREAD_SAFE -D_POSIX_PTHREAD_SEMANTICS  -D_GNU_SOURCE  conftest.c >&5
configure:11407: $? = 0
configure:11407: result: yes
configure:11407: checking pthread.h presence
configure:11407: gcc -E  -D_GNU_SOURCE  conftest.c
configure:11407: $? = 0
configure:11407: result: yes
configure:11407: checking for pthread.h
configure:11407: result: yes
configure:11420: checking for strerror_r
configure:11420: gcc -o conftest -Wall -Wmissing-prototypes -Wpointer-arith -Wdeclaration-after-statement -Werror=vla -Wendif-labels -Wmissing-format-attribute -Wformat-security -fno-strict-aliasing -fwrapv -fexcess-precision=standard -Wno-format-truncation -Wno-stringop-truncation -O2 -pthread -D_REENTRANT -D_THREAD_SAFE -D_POSIX_PTHREAD_SEMANTICS  -D_GNU_SOURCE    conftest.c   >&5
configure:11420: $? = 0
configure:11420: result: yes
configure:11420: checking for getpwuid_r
configure:11420: gcc -o conftest -Wall -Wmissing-prototypes -Wpointer-arith -Wdeclaration-after-statement -Werror=vla -Wendif-labels -Wmissing-format-attribute -Wformat-security -fno-strict-aliasing -fwrapv -fexcess-precision=standard -Wno-format-truncation -Wno-stringop-truncation -O2 -pthread -D_REENTRANT -D_THREAD_SAFE -D_POSIX_PTHREAD_SEMANTICS  -D_GNU_SOURCE    conftest.c   >&5
configure:11420: $? = 0
configure:11420: result: yes
configure:11420: checking for gethostbyname_r
configure:11420: gcc -o conftest -Wall -Wmissing-prototypes -Wpointer-arith -Wdeclaration-after-statement -Werror=vla -Wendif-labels -Wmissing-format-attribute -Wformat-security -fno-strict-aliasing -fwrapv -fexcess-precision=standard -Wno-format-truncation -Wno-stringop-truncation -O2 -pthread -D_REENTRANT -D_THREAD_SAFE -D_POSIX_PTHREAD_SEMANTICS  -D_GNU_SOURCE    conftest.c   >&5
configure:11420: $? = 0
configure:11420: result: yes
configure:11431: checking whether strerror_r returns int
configure:11450: gcc -c -Wall -Wmissing-prototypes -Wpointer-arith -Wdeclaration-after-statement -Werror=vla -Wendif-labels -Wmissing-format-attribute -Wformat-security -fno-strict-aliasing -fwrapv -fexcess-precision=standard -Wno-format-truncation -Wno-stringop-truncation -O2 -pthread -D_REENTRANT -D_THREAD_SAFE -D_POSIX_PTHREAD_SEMANTICS  -D_GNU_SOURCE  conftest.c >&5
conftest.c: In function 'main':
conftest.c:38:11: error: switch quantity not an integer
   38 |   switch (strerror_r(1, buf, sizeof(buf)))
      |           ^~~~~~~~~~
configure:11450: $? = 1
configure: failed program was:
| /* confdefs.h */
| #define PACKAGE_NAME "PostgreSQL"
| #define PACKAGE_TARNAME "postgresql"
| #define PACKAGE_VERSION "12.22"
| #define PACKAGE_STRING "PostgreSQL 12.22"
| #define PACKAGE_BUGREPORT "pgsql-bugs@lists.postgresql.org"
| #define PACKAGE_URL ""
| #define PG_MAJORVERSION "12"
| #define PG_VERSION "12.22"
| #define DEF_PGPORT 5432
| #define DEF_PGPORT_STR "5432"
| #define BLCKSZ 8192
| #define RELSEG_SIZE 131072
| #define XLOG_BLCKSZ 8192
| #define ENABLE_THREAD_SAFETY 1
| #define PG_KRB_SRVNAM "postgres"
| #define STDC_HEADERS 1
| #define HAVE_SYS_TYPES_H 1
| #define HAVE_SYS_STAT_H 1
| #define HAVE_STDLIB_H 1
| #define HAVE_STRING_H 1
| #define HAVE_MEMORY_H 1
| #define HAVE_STRINGS_H 1
| #define HAVE_INTTYPES_H 1
| #define HAVE_STDINT_H 1
| #define HAVE_UNISTD_H 1
| #define HAVE_PTHREAD_PRIO_INHERIT 1
| #define HAVE_PTHREAD 1
| #define HAVE_STRERROR_R 1
| #define HAVE_GETPWUID_R 1
| #define HAVE_GETHOSTBYNAME_R 1
| /* end confdefs.h.  */
| #include <string.h>
| int
| main ()
| {
| char buf[100];
|   switch (strerror_r(1, buf, sizeof(buf)))
|   { case 0: break; default: break; }
| 
|   ;
|   return 0;
| }
configure:11457: result: no
configure:11491: checking for main in -lm
configure:11510: gcc -o conftest -Wall -Wmissing-prototypes -Wpointer-arith -Wdeclaration-after-statement -Werror=vla -Wendif-labels -Wmissing-format-attribute -Wformat-security -fno-strict-aliasing -fwrapv -fexcess-precision=standard -Wno-format-truncation -Wno-stringop-truncation -O2  -D_GNU_SOURCE    conftest.c -lm   >&5
conftest.c: In function 'main':
conftest.c:36:1: warning: infinite recursion detected [-Winfinite-recursion]
   36 | main ()
      | ^~~~
conftest.c:38:8: note: recursive call
   38 | return main ();
      |        ^~~~~~~
configure:11510: $? = 0
configure:11519: result: yes
configure:11530: checking for library containing setproctitle
configure:11561: gcc -o conftest -Wall -Wmissing-prototypes -Wpointer-arith -Wdeclaration-after-statement -Werror=vla -Wendif-labels -Wmissing-format-attribute -Wformat-security -fno-strict-aliasing -fwrapv -fexcess-precision=standard -Wno-format-truncation -Wno-stringop-truncation -O2  -D_GNU_SOURCE    conftest.c -lm  >&5
/usr/bin/ld: /tmp/cczSHgOm.o: in function `main':
conftest.c:(.text.startup+0xb): undefined reference to `setproctitle'
collect2: error: ld returned 1 exit status
configure:11561: $? = 1
configure: failed program was:
| /* confdefs.h */
| #define PACKAGE_NAME "PostgreSQL"
| #define PACKAGE_TARNAME "postgresql"
| #define PACKAGE_VERSION "12.22"
| #define PACKAGE_STRING "PostgreSQL 12.22"
| #define PACKAGE_BUGREPORT "pgsql-bugs@lists.postgresql.org"
| #define PACKAGE_URL ""
| #define PG_MAJORVERSION "12"
| #define PG_VERSION "12.22"
| #define DEF_PGPORT 5432
| #define DEF_PGPORT_STR "5432"
| #define BLCKSZ 8192
| #define RELSEG_SIZE 131072
| #define XLOG_BLCKSZ 8192
| #define ENABLE_THREAD_SAFETY 1
| #define PG_KRB_SRVNAM "postgres"
| #define STDC_HEADERS 1
| #define HAVE_SYS_TYPES_H 1
| #define HAVE_SYS_STAT_H 1
| #define HAVE_STDLIB_H 1
| #define HAVE_STRING_H 1
| #define HAVE_MEMORY_H 1
| #define HAVE_STRINGS_H 1
| #define HAVE_INTTYPES_H 1
| #define HAVE_STDINT_H 1
| #define HAVE_UNISTD_H 1
| #define HAVE_PTHREAD_PRIO_INHERIT 1
| #define HAVE_PTHREAD 1
| #define HAVE_STRERROR_R 1
| #define HAVE_GETPWUID_R 1
| #define HAVE_GETHOSTBYNAME_R 1
| #define HAVE_LIBM 1
| /* end confdefs.h.  */
| 
| /* Override any GCC internal prototype to avoid an error.
|    Use char because int might match the return type of a GCC
|    builtin and then its argument prototype would still apply.  */
| #ifdef __cplusplus
| extern "C"
| #endif
| char setproctitle ();
| int
| main ()
| {
| return setproctitle ();
|   ;
|   return 0;
| }
configure:11561: gcc -o conftest -Wall -Wmissing-prototypes -Wpointer-arith -Wdeclaration-after-statement -Werror=vla -Wendif-labels -Wmissing-format-attribute -Wformat-security -fno-strict-aliasing -fwrapv -fexcess-precision=standard -Wno-format-truncation -Wno-stringop-truncation -O2  -D_GNU_SOURCE    conftest.c -lutil  -lm  >&5
/usr/bin/ld: /tmp/ccvXC0N4.o: in function `main':
conftest.c:(.text.startup+0xb): undefined reference to `setproctitle'
collect2: error: ld returned 1 exit status
configure:11561: $? = 1
configure: failed program was:
| /* confdefs.h */
| #define PACKAGE_NAME "PostgreSQL"
| #define PACKAGE_TARNAME "postgresql"
| #define PACKAGE_VERSION "12.22"
| #define PACKAGE_STRING "PostgreSQL 12.22"
| #define PACKAGE_BUGREPORT "pgsql-bugs@lists.postgresql.org"
| #define PACKAGE_URL ""
| #define PG_MAJORVERSION "12"
| #define PG_VERSION "12.22"
| #define DEF_PGPORT 5432
| #define DEF_PGPORT_STR "5432"
| #define BLCKSZ 8192
| #define RELSEG_SIZE 131072
| #define XLOG_BLCKSZ 8192
| #define ENABLE_THREAD_SAFETY 1
| #define PG_KRB_SRVNAM "postgres"
| #define STDC_HEADERS 1
| #define HAVE_SYS_TYPES_H 1
| #define HAVE_SYS_STAT_H 1
| #define HAVE_STDLIB_H 1
| #define HAVE_STRING_H 1
| #define HAVE_MEMORY_H 1
| #define HAVE_STRINGS_H 1
| #define HAVE_INTTYPES_H 1
| #define HAVE_STDINT_H 1
| #define HAVE_UNISTD_H 1
| #define HAVE_PTHREAD_PRIO_INHERIT 1
| #define HAVE_PTHREAD 1
| #define HAVE_STRERROR_R 1
| #define HAVE_GETPWUID_R 1
| #define HAVE_GETHOSTBYNAME_R 1
| #define HAVE_LIBM 1
| /* end confdefs.h.  */
| 
| /* Override any GCC internal prototype to avoid an error.
|    Use char because int might match the return type of a GCC
|    builtin and then its argument prototype would still apply.  */
| #ifdef __cplusplus
| extern "C"
| #endif
| char setproctitle ();
| int
| main ()
| {
| return setproctitle ();
|   ;
|   return 0;
| }
configure:11578: result: no
configure:11589: checking for library containing dlsym
configure:11620: gcc -o conftest -Wall -Wmissing-prototypes -Wpointer-arith -Wdeclaration-after-statement -Werror=vla -Wendif-labels -Wmissing-format-attribute -Wformat-security -fno-strict-aliasing -fwrapv -fexcess-precision=standard -Wno-format-truncation -Wno-stringop-truncation -O2  -D_GNU_SOURCE    conftest.c -lm  >&5
configure:11620: $? = 0
configure:11637: result: none required
configure:11645: checking for library containing socket
configure:11676: gcc -o conftest -Wall -Wmissing-prototypes -Wpointer-arith -Wdeclaration-after-statement -Werror=vla -Wendif-labels -Wmissing-format-attribute -Wformat-security -fno-strict-aliasing -fwrapv -fexcess-precision=standard -Wno-format-truncation -Wno-stringop-truncation -O2  -D_GNU_SOURCE    conftest.c -lm  >&5
configure:11676: $? = 0
configure:11693: result: none required
configure:11701: checking for library containing shl_load
configure:11732: gcc -o conftest -Wall -Wmissing-prototypes -Wpointer-arith -Wdeclaration-after-statement -Werror=vla -Wendif-labels -Wmissing-format-attribute -Wformat-security -fno-strict-aliasing -fwrapv -fexcess-precision=standard -Wno-format-truncation -Wno-stringop-truncation -O2  -D_GNU_SOURCE    conftest.c -lm  >&5
/usr/bin/ld: /tmp/ccip5F7C.o: in function `main':
conftest.c:(.text.startup+0xb): undefined reference to `shl_load'
collect2: error: ld returned 1 exit status
configure:11732: $? = 1
configure: failed program was:
| /* confdefs.h */
| #define PACKAGE_NAME "PostgreSQL"
| #define PACKAGE_TARNAME "postgresql"
| #define PACKAGE_VERSION "12.22"
| #define PACKAGE_STRING "PostgreSQL 12.22"
| #define PACKAGE_BUGREPORT "pgsql-bugs@lists.postgresql.org"
| #define PACKAGE_URL ""
| #define PG_MAJORVERSION "12"
| #define PG_VERSION "12.22"
| #define DEF_PGPORT 5432
| #define DEF_PGPORT_STR "5432"
| #define BLCKSZ 8192
| #define RELSEG_SIZE 131072
| #define XLOG_BLCKSZ 8192
| #define ENABLE_THREAD_SAFETY 1
| #define PG_KRB_SRVNAM "postgres"
| #define STDC_HEADERS 1
| #define HAVE_SYS_TYPES_H 1
| #define HAVE_SYS_STAT_H 1
| #define HAVE_STDLIB_H 1
| #define HAVE_STRING_H 1
| #define HAVE_MEMORY_H 1
| #define HAVE_STRINGS_H 1
| #define HAVE_INTTYPES_H 1
| #define HAVE_STDINT_H 1
| #define HAVE_UNISTD_H 1
| #define HAVE_PTHREAD_PRIO_INHERIT 1
| #define HAVE_PTHREAD 1
| #define HAVE_STRERROR_R 1
| #define HAVE_GETPWUID_R 1
| #define HAVE_GETHOSTBYNAME_R 1
| #define HAVE_LIBM 1
| /* end confdefs.h.  */
| 
| /* Override any GCC internal prototype to avoid an error.
|    Use char because int might match the return type of a GCC
|    builtin and then its argument prototype would still apply.  */
| #ifdef __cplusplus
| extern "C"
| #endif
| char shl_load ();
| int
| main ()
| {
| return shl_load ();
|   ;
|   return 0;
| }
configure:11732: gcc -o conftest -Wall -Wmissing-prototypes -Wpointer-arith -Wdeclaration-after-statement -Werror=vla -Wendif-labels -Wmissing-format-attribute -Wformat-security -fno-strict-aliasing -fwrapv -fexcess-precision=standard -Wno-format-truncation -Wno-stringop-truncation -O2  -D_GNU_SOURCE    conftest.c -ldld  -lm  >&5
/usr/bin/ld: cannot find -ldld: No such file or directory
collect2: error: ld returned 1 exit status
configure:11732: $? = 1
configure: failed program was:
| /* confdefs.h */
| #define PACKAGE_NAME "PostgreSQL"
| #define PACKAGE_TARNAME "postgresql"
| #define PACKAGE_VERSION "12.22"
| #define PACKAGE_STRING "PostgreSQL 12.22"
| #define PACKAGE_BUGREPORT "pgsql-bugs@lists.postgresql.org"
| #define PACKAGE_URL ""
| #define PG_MAJORVERSION "12"
| #define PG_VERSION "12.22"
| #define DEF_PGPORT 5432
| #define DEF_PGPORT_STR "5432"
| #define BLCKSZ 8192
| #define RELSEG_SIZE 131072
| #define XLOG_BLCKSZ 8192
| #define ENABLE_THREAD_SAFETY 1
| #define PG_KRB_SRVNAM "postgres"
| #define STDC_HEADERS 1
| #define HAVE_SYS_TYPES_H 1
| #define HAVE_SYS_STAT_H 1
| #define HAVE_STDLIB_H 1
| #define HAVE_STRING_H 1
| #define HAVE_MEMORY_H 1
| #define HAVE_STRINGS_H 1
| #define HAVE_INTTYPES_H 1
| #define HAVE_STDINT_H 1
| #define HAVE_UNISTD_H 1
| #define HAVE_PTHREAD_PRIO_INHERIT 1
| #define HAVE_PTHREAD 1
| #define HAVE_STRERROR_R 1
| #define HAVE_GETPWUID_R 1
| #define HAVE_GETHOSTBYNAME_R 1
| #define HAVE_LIBM 1
| /* end confdefs.h.  */
| 
| /* Override any GCC internal prototype to avoid an error.
|    Use char because int might match the return type of a GCC
|    builtin and then its argument prototype would still apply.  */
| #ifdef __cplusplus
| extern "C"
| #endif
| char shl_load ();
| int
| main ()
| {
| return shl_load ();
|   ;
|   return 0;
| }
configure:11749: result: no
configure:11757: checking for library containing getopt_long
configure:11788: gcc -o conftest -Wall -Wmissing-prototypes -Wpointer-arith -Wdeclaration-after-statement -Werror=vla -Wendif-labels -Wmissing-format-attribute -Wformat-security -fno-strict-aliasing -fwrapv -fexcess-precision=standard -Wno-format-truncation -Wno-stringop-truncation -O2  -D_GNU_SOURCE    conftest.c -lm  >&5
configure:11788: $? = 0
configure:11805: result: none required
configure:11813: checking for library containing crypt
configure:11844: gcc -o conftest -Wall -Wmissing-prototypes -Wpointer-arith -Wdeclaration-after-statement -Werror=vla -Wendif-labels -Wmissing-format-attribute -Wformat-security -fno-strict-aliasing -fwrapv -fexcess-precision=standard -Wno-format-truncation -Wno-stringop-truncation -O2  -D_GNU_SOURCE    conftest.c -lm  >&5
/usr/bin/ld: /tmp/ccq9z2Zr.o: in function `main':
conftest.c:(.text.startup+0xb): undefined reference to `crypt'
collect2: error: ld returned 1 exit status
configure:11844: $? = 1
configure: failed program was:
| /* confdefs.h */
| #define PACKAGE_NAME "PostgreSQL"
| #define PACKAGE_TARNAME "postgresql"
| #define PACKAGE_VERSION "12.22"
| #define PACKAGE_STRING "PostgreSQL 12.22"
| #define PACKAGE_BUGREPORT "pgsql-bugs@lists.postgresql.org"
| #define PACKAGE_URL ""
| #define PG_MAJORVERSION "12"
| #define PG_VERSION "12.22"
| #define DEF_PGPORT 5432
| #define DEF_PGPORT_STR "5432"
| #define BLCKSZ 8192
| #define RELSEG_SIZE 131072
| #define XLOG_BLCKSZ 8192
| #define ENABLE_THREAD_SAFETY 1
| #define PG_KRB_SRVNAM "postgres"
| #define STDC_HEADERS 1
| #define HAVE_SYS_TYPES_H 1
| #define HAVE_SYS_STAT_H 1
| #define HAVE_STDLIB_H 1
| #define HAVE_STRING_H 1
| #define HAVE_MEMORY_H 1
| #define HAVE_STRINGS_H 1
| #define HAVE_INTTYPES_H 1
| #define HAVE_STDINT_H 1
| #define HAVE_UNISTD_H 1
| #define HAVE_PTHREAD_PRIO_INHERIT 1
| #define HAVE_PTHREAD 1
| #define HAVE_STRERROR_R 1
| #define HAVE_GETPWUID_R 1
| #define HAVE_GETHOSTBYNAME_R 1
| #define HAVE_LIBM 1
| /* end confdefs.h.  */
| 
| /* Override any GCC internal prototype to avoid an error.
|    Use char because int might match the return type of a GCC
|    builtin and then its argument prototype would still apply.  */
| #ifdef __cplusplus
| extern "C"
| #endif
| char crypt ();
| int
| main ()
| {
| return crypt ();
|   ;
|   return 0;
| }
configure:11844: gcc -o conftest -Wall -Wmissing-prototypes -Wpointer-arith -Wdeclaration-after-statement -Werror=vla -Wendif-labels -Wmissing-format-attribute -Wformat-security -fno-strict-aliasing -fwrapv -fexcess-precision=standard -Wno-format-truncation -Wno-stringop-truncation -O2  -D_GNU_SOURCE    conftest.c -lcrypt  -lm  >&5
configure:11844: $? = 0
configure:11861: result: -lcrypt
configure:11869: checking for library containing shm_open
configure:11900: gcc -o conftest -Wall -Wmissing-prototypes -Wpointer-arith -Wdeclaration-after-statement -Werror=vla -Wendif-labels -Wmissing-format-attribute -Wformat-security -fno-strict-aliasing -fwrapv -fexcess-precision=standard -Wno-format-truncation -Wno-stringop-truncation -O2  -D_GNU_SOURCE    conftest.c -lcrypt -lm  >&5
configure:11900: $? = 0
configure:11917: result: none required
configure:11925: checking for library containing shm_unlink
configure:11956: gcc -o conftest -Wall -Wmissing-prototypes -Wpointer-arith -Wdeclaration-after-statement -Werror=vla -Wendif-labels -Wmissing-format-attribute -Wformat-security -fno-strict-aliasing -fwrapv -fexcess-precision=standard -Wno-format-truncation -Wno-stringop-truncation -O2  -D_GNU_SOURCE    conftest.c -lcrypt -lm  >&5
configure:11956: $? = 0
configure:11973: result: none required
configure:11981: checking for library containing clock_gettime
configure:12012: gcc -o conftest -Wall -Wmissing-prototypes -Wpointer-arith -Wdeclaration-after-statement -Werror=vla -Wendif-labels -Wmissing-format-attribute -Wformat-security -fno-strict-aliasing -fwrapv -fexcess-precision=standard -Wno-format-truncation -Wno-stringop-truncation -O2  -D_GNU_SOURCE    conftest.c -lcrypt -lm  >&5
configure:12012: $? = 0
configure:12029: result: none required
configure:12038: checking for library containing fdatasync
configure:12069: gcc -o conftest -Wall -Wmissing-prototypes -Wpointer-arith -Wdeclaration-after-statement -Werror=vla -Wendif-labels -Wmissing-format-attribute -Wformat-security -fno-strict-aliasing -fwrapv -fexcess-precision=standard -Wno-format-truncation -Wno-stringop-truncation -O2  -D_GNU_SOURCE    conftest.c -lcrypt -lm  >&5
configure:12069: $? = 0
configure:12086: result: none required
configure:12095: checking for library containing sched_yield
configure:12126: gcc -o conftest -Wall -Wmissing-prototypes -Wpointer-arith -Wdeclaration-after-statement -Werror=vla -Wendif-labels -Wmissing-format-attribute -Wformat-security -fno-strict-aliasing -fwrapv -fexcess-precision=standard -Wno-format-truncation -Wno-stringop-truncation -O2  -D_GNU_SOURCE    conftest.c -lcrypt -lm  >&5
configure:12126: $? = 0
configure:12143: result: none required
configure:12153: checking for library containing gethostbyname_r
configure:12184: gcc -o conftest -Wall -Wmissing-prototypes -Wpointer-arith -Wdeclaration-after-statement -Werror=vla -Wendif-labels -Wmissing-format-attribute -Wformat-security -fno-strict-aliasing -fwrapv -fexcess-precision=standard -Wno-format-truncation -Wno-stringop-truncation -O2  -D_GNU_SOURCE    conftest.c -lcrypt -lm  >&5
configure:12184: $? = 0
configure:12201: result: none required
configure:12210: checking for library containing shmget
configure:12241: gcc -o conftest -Wall -Wmissing-prototypes -Wpointer-arith -Wdeclaration-after-statement -Werror=vla -Wendif-labels -Wmissing-format-attribute -Wformat-security -fno-strict-aliasing -fwrapv -fexcess-precision=standard -Wno-format-truncation -Wno-stringop-truncation -O2  -D_GNU_SOURCE    conftest.c -lcrypt -lm  >&5
configure:12241: $? = 0
configure:12258: result: none required
configure:12347: checking for inflate in -lz
configure:12372: gcc -o conftest -Wall -Wmissing-prototypes -Wpointer-arith -Wdeclaration-after-statement -Werror=vla -Wendif-labels -Wmissing-format-attribute -Wformat-security -fno-strict-aliasing -fwrapv -fexcess-precision=standard -Wno-format-truncation -Wno-stringop-truncation -O2  -D_GNU_SOURCE    conftest.c -lz  -lcrypt -lm  >&5
configure:12372: $? = 0
configure:12381: result: yes
configure:13336: checking atomic.h usability
configure:13336: gcc -c -Wall -Wmissing-prototypes -Wpointer-arith -Wdeclaration-after-statement -Werror=vla -Wendif-labels -Wmissing-format-attribute -Wformat-security -fno-strict-aliasing -fwrapv -fexcess-precision=standard -Wno-format-truncation -Wno-stringop-truncation -O2  -D_GNU_SOURCE  conftest.c >&5
conftest.c:70:10: fatal error: atomic.h: No such file or directory
   70 | #include <atomic.h>
      |          ^~~~~~~~~~
compilation terminated.
configure:13336: $? = 1
configure: failed program was:
| /* confdefs.h */
| #define PACKAGE_NAME "PostgreSQL"
| #define PACKAGE_TARNAME "postgresql"
| #define PACKAGE_VERSION "12.22"
| #define PACKAGE_STRING "PostgreSQL 12.22"
| #define PACKAGE_BUGREPORT "pgsql-bugs@lists.postgresql.org"
| #define PACKAGE_URL ""
| #define PG_MAJORVERSION "12"
| #define PG_VERSION "12.22"
| #define DEF_PGPORT 5432
| #define DEF_PGPORT_STR "5432"
| #define BLCKSZ 8192
| #define RELSEG_SIZE 131072
| #define XLOG_BLCKSZ 8192
| #define ENABLE_THREAD_SAFETY 1
| #define PG_KRB_SRVNAM "postgres"
| #define STDC_HEADERS 1
| #define HAVE_SYS_TYPES_H 1
| #define HAVE_SYS_STAT_H 1
| #define HAVE_STDLIB_H 1
| #define HAVE_STRING_H 1
| #define HAVE_MEMORY_H 1
| #define HAVE_STRINGS_H 1
| #define HAVE_INTTYPES_H 1
| #define HAVE_STDINT_H 1
| #define HAVE_UNISTD_H 1
| #define HAVE_PTHREAD_PRIO_INHERIT 1
| #define HAVE_PTHREAD 1
| #define HAVE_STRERROR_R 1
| #define HAVE_GETPWUID_R 1
| #define HAVE_GETHOSTBYNAME_R 1
| #define HAVE_LIBM 1
| #define HAVE_LIBZ 1
| #define HAVE_SPINLOCKS 1
| #define HAVE_ATOMICS 1
| /* end confdefs.h.  */
| #include <stdio.h>
| #ifdef HAVE_SYS_TYPES_H
| # include <sys/types.h>
| #endif
| #ifdef HAVE_SYS_STAT_H
| # include <sys/stat.h>
| #endif
| #ifdef STDC_HEADERS
| # include <stdlib.h>
| # include <stddef.h>
| #else
| # ifdef HAVE_STDLIB_H
| #  include <stdlib.h>
| # endif
| #endif
| #ifdef HAVE_STRING_H
| # if !defined STDC_HEADERS && defined HAVE_MEMORY_H
| #  include <memory.h>
| # endif
| # include <string.h>
| #endif
| #ifdef HAVE_STRINGS_H
| # include <strings.h>
| #endif
| #ifdef HAVE_INTTYPES_H
| # include <inttypes.h>
| #endif
| #ifdef HAVE_STDINT_H
| # include <stdint.h>
| #endif
| #ifdef HAVE_UNISTD_H
| # include <unistd.h>
| #endif
| #include <atomic.h>
configure:13336: result: no
configure:13336: checking atomic.h presence
configure:13336: gcc -E  -D_GNU_SOURCE  conftest.c
conftest.c:37:10: fatal error: atomic.h: No such file or directory
   37 | #include <atomic.h>
      |          ^~~~~~~~~~
compilation terminated.
configure:13336: $? = 1
configure: failed program was:
| /* confdefs.h */
| #define PACKAGE_NAME "PostgreSQL"
| #define PACKAGE_TARNAME "postgresql"
| #define PACKAGE_VERSION "12.22"
| #define PACKAGE_STRING "PostgreSQL 12.22"
| #define PACKAGE_BUGREPORT "pgsql-bugs@lists.postgresql.org"
| #define PACKAGE_URL ""
| #define PG_MAJORVERSION "12"
| #define PG_VERSION "12.22"
| #define DEF_PGPORT 5432
| #define DEF_PGPORT_STR "5432"
| #define BLCKSZ 8192
| #define RELSEG_SIZE 131072
| #define XLOG_BLCKSZ 8192
| #define ENABLE_THREAD_SAFETY 1
| #define PG_KRB_SRVNAM "postgres"
| #define STDC_HEADERS 1
| #define HAVE_SYS_TYPES_H 1
| #define HAVE_SYS_STAT_H 1
| #define HAVE_STDLIB_H 1
| #define HAVE_STRING_H 1
| #define HAVE_MEMORY_H 1
| #define HAVE_STRINGS_H 1
| #define HAVE_INTTYPES_H 1
| #define HAVE_STDINT_H 1
| #define HAVE_UNISTD_H 1
| #define HAVE_PTHREAD_PRIO_INHERIT 1
| #define HAVE_PTHREAD 1
| #define HAVE_STRERROR_R 1
| #define HAVE_GETPWUID_R 1
| #define HAVE_GETHOSTBYNAME_R 1
| #define HAVE_LIBM 1
| #define HAVE_LIBZ 1
| #define HAVE_SPINLOCKS 1
| #define HAVE_ATOMICS 1
| /* end confdefs.h.  */
| #include <atomic.h>
configure:13336: result: no
configure:13336: checking for atomic.h
configure:13336: result: no
configure:13336: checking copyfile.h usability
configure:13336: gcc -c -Wall -Wmissing-prototypes -Wpointer-arith -Wdeclaration-after-statement -Werror=vla -Wendif-labels -Wmissing-format-attribute -Wformat-security -fno-strict-aliasing -fwrapv -fexcess-precision=standard -Wno-format-truncation -Wno-stringop-truncation -O2  -D_GNU_SOURCE  conftest.c >&5
conftest.c:70:10: fatal error: copyfile.h: No such file or directory
   70 | #include <copyfile.h>
      |          ^~~~~~~~~~~~
compilation terminated.
configure:13336: $? = 1
configure: failed program was:
| /* confdefs.h */
| #define PACKAGE_NAME "PostgreSQL"
| #define PACKAGE_TARNAME "postgresql"
| #define PACKAGE_VERSION "12.22"
| #define PACKAGE_STRING "PostgreSQL 12.22"
| #define PACKAGE_BUGREPORT "pgsql-bugs@lists.postgresql.org"
| #define PACKAGE_URL ""
| #define PG_MAJORVERSION "12"
| #define PG_VERSION "12.22"
| #define DEF_PGPORT 5432
| #define DEF_PGPORT_STR "5432"
| #define BLCKSZ 8192
| #define RELSEG_SIZE 131072
| #define XLOG_BLCKSZ 8192
| #define ENABLE_THREAD_SAFETY 1
| #define PG_KRB_SRVNAM "postgres"
| #define STDC_HEADERS 1
| #define HAVE_SYS_TYPES_H 1
| #define HAVE_SYS_STAT_H 1
| #define HAVE_STDLIB_H 1
| #define HAVE_STRING_H 1
| #define HAVE_MEMORY_H 1
| #define HAVE_STRINGS_H 1
| #define HAVE_INTTYPES_H 1
| #define HAVE_STDINT_H 1
| #define HAVE_UNISTD_H 1
| #define HAVE_PTHREAD_PRIO_INHERIT 1
| #define HAVE_PTHREAD 1
| #define HAVE_STRERROR_R 1
| #define HAVE_GETPWUID_R 1
| #define HAVE_GETHOSTBYNAME_R 1
| #define HAVE_LIBM 1
| #define HAVE_LIBZ 1
| #define HAVE_SPINLOCKS 1
| #define HAVE_ATOMICS 1
| /* end confdefs.h.  */
| #include <stdio.h>
| #ifdef HAVE_SYS_TYPES_H
| # include <sys/types.h>
| #endif
| #ifdef HAVE_SYS_STAT_H
| # include <sys/stat.h>
| #endif
| #ifdef STDC_HEADERS
| # include <stdlib.h>
| # include <stddef.h>
| #else
| # ifdef HAVE_STDLIB_H
| #  include <stdlib.h>
| # endif
| #endif
| #ifdef HAVE_STRING_H
| # if !defined STDC_HEADERS && defined HAVE_MEMORY_H
| #  include <memory.h>
| # endif
| # include <string.h>
| #endif
| #ifdef HAVE_STRINGS_H
| # include <strings.h>
| #endif
| #ifdef HAVE_INTTYPES_H
| # include <inttypes.h>
| #endif
| #ifdef HAVE_STDINT_H
| # include <stdint.h>
| #endif
| #ifdef HAVE_UNISTD_H
| # include <unistd.h>
| #endif
| #include <copyfile.h>
configure:13336: result: no
configure:13336: checking copyfile.h presence
configure:13336: gcc -E  -D_GNU_SOURCE  conftest.c
conftest.c:37:10: fatal error: copyfile.h: No such file or directory
   37 | #include <copyfile.h>
      |          ^~~~~~~~~~~~
compilation terminated.
configure:13336: $? = 1
configure: failed program was:
| /* confdefs.h */
| #define PACKAGE_NAME "PostgreSQL"
| #define PACKAGE_TARNAME "postgresql"
| #define PACKAGE_VERSION "12.22"
| #define PACKAGE_STRING "PostgreSQL 12.22"
| #define PACKAGE_BUGREPORT "pgsql-bugs@lists.postgresql.org"
| #define PACKAGE_URL ""
| #define PG_MAJORVERSION "12"
| #define PG_VERSION "12.22"
| #define DEF_PGPORT 5432
| #define DEF_PGPORT_STR "5432"
| #define BLCKSZ 8192
| #define RELSEG_SIZE 131072
| #define XLOG_BLCKSZ 8192
| #define ENABLE_THREAD_SAFETY 1
| #define PG_KRB_SRVNAM "postgres"
| #define STDC_HEADERS 1
| #define HAVE_SYS_TYPES_H 1
| #define HAVE_SYS_STAT_H 1
| #define HAVE_STDLIB_H 1
| #define HAVE_STRING_H 1
| #define HAVE_MEMORY_H 1
| #define HAVE_STRINGS_H 1
| #define HAVE_INTTYPES_H 1
| #define HAVE_STDINT_H 1
| #define HAVE_UNISTD_H 1
| #define HAVE_PTHREAD_PRIO_INHERIT 1
| #define HAVE_PTHREAD 1
| #define HAVE_STRERROR_R 1
| #define HAVE_GETPWUID_R 1
| #define HAVE_GETHOSTBYNAME_R 1
| #define HAVE_LIBM 1
| #define HAVE_LIBZ 1
| #define HAVE_SPINLOCKS 1
| #define HAVE_ATOMICS 1
| /* end confdefs.h.  */
| #include <copyfile.h>
configure:13336: result: no
configure:13336: checking for copyfile.h
configure:13336: result: no
configure:13336: checking crypt.h usability
configure:13336: gcc -c -Wall -Wmissing-prototypes -Wpointer-arith -Wdeclaration-after-statement -Werror=vla -Wendif-labels -Wmissing-format-attribute -Wformat-security -fno-strict-aliasing -fwrapv -fexcess-precision=standard -Wno-format-truncation -Wno-stringop-truncation -O2  -D_GNU_SOURCE  conftest.c >&5
configure:13336: $? = 0
configure:13336: result: yes
configure:13336: checking crypt.h presence
configure:13336: gcc -E  -D_GNU_SOURCE  conftest.c
configure:13336: $? = 0
configure:13336: result: yes
configure:13336: checking for crypt.h
configure:13336: result: yes
configure:13336: checking fp_class.h usability
configure:13336: gcc -c -Wall -Wmissing-prototypes -Wpointer-arith -Wdeclaration-after-statement -Werror=vla -Wendif-labels -Wmissing-format-attribute -Wformat-security -fno-strict-aliasing -fwrapv -fexcess-precision=standard -Wno-format-truncation -Wno-stringop-truncation -O2  -D_GNU_SOURCE  conftest.c >&5
conftest.c:71:10: fatal error: fp_class.h: No such file or directory
   71 | #include <fp_class.h>
      |          ^~~~~~~~~~~~
compilation terminated.
configure:13336: $? = 1
configure: failed program was:
| /* confdefs.h */
| #define PACKAGE_NAME "PostgreSQL"
| #define PACKAGE_TARNAME "postgresql"
| #define PACKAGE_VERSION "12.22"
| #define PACKAGE_STRING "PostgreSQL 12.22"
| #define PACKAGE_BUGREPORT "pgsql-bugs@lists.postgresql.org"
| #define PACKAGE_URL ""
| #define PG_MAJORVERSION "12"
| #define PG_VERSION "12.22"
| #define DEF_PGPORT 5432
| #define DEF_PGPORT_STR "5432"
| #define BLCKSZ 8192
| #define RELSEG_SIZE 131072
| #define XLOG_BLCKSZ 8192
| #define ENABLE_THREAD_SAFETY 1
| #define PG_KRB_SRVNAM "postgres"
| #define STDC_HEADERS 1
| #define HAVE_SYS_TYPES_H 1
| #define HAVE_SYS_STAT_H 1
| #define HAVE_STDLIB_H 1
| #define HAVE_STRING_H 1
| #define HAVE_MEMORY_H 1
| #define HAVE_STRINGS_H 1
| #define HAVE_INTTYPES_H 1
| #define HAVE_STDINT_H 1
| #define HAVE_UNISTD_H 1
| #define HAVE_PTHREAD_PRIO_INHERIT 1
| #define HAVE_PTHREAD 1
| #define HAVE_STRERROR_R 1
| #define HAVE_GETPWUID_R 1
| #define HAVE_GETHOSTBYNAME_R 1
| #define HAVE_LIBM 1
| #define HAVE_LIBZ 1
| #define HAVE_SPINLOCKS 1
| #define HAVE_ATOMICS 1
| #define HAVE_CRYPT_H 1
| /* end confdefs.h.  */
| #include <stdio.h>
| #ifdef HAVE_SYS_TYPES_H
| # include <sys/types.h>
| #endif
| #ifdef HAVE_SYS_STAT_H
| # include <sys/stat.h>
| #endif
| #ifdef STDC_HEADERS
| # include <stdlib.h>
| # include <stddef.h>
| #else
| # ifdef HAVE_STDLIB_H
| #  include <stdlib.h>
| # endif
| #endif
| #ifdef HAVE_STRING_H
| # if !defined STDC_HEADERS && defined HAVE_MEMORY_H
| #  include <memory.h>
| # endif
| # include <string.h>
| #endif
| #ifdef HAVE_STRINGS_H
| # include <strings.h>
| #endif
| #ifdef HAVE_INTTYPES_H
| # include <inttypes.h>
| #endif
| #ifdef HAVE_STDINT_H
| # include <stdint.h>
| #endif
| #ifdef HAVE_UNISTD_H
| # include <unistd.h>
| #endif
| #include <fp_class.h>
configure:13336: result: no
configure:13336: checking fp_class.h presence
configure:13336: gcc -E  -D_GNU_SOURCE  conftest.c
conftest.c:38:10: fatal error: fp_class.h: No such file or directory
   38 | #include <fp_class.h>
      |          ^~~~~~~~~~~~
compilation terminated.
configure:13336: $? = 1
configure: failed program was:
| /* confdefs.h */
| #define PACKAGE_NAME "PostgreSQL"
| #define PACKAGE_TARNAME "postgresql"
| #define PACKAGE_VERSION "12.22"
| #define PACKAGE_STRING "PostgreSQL 12.22"
| #define PACKAGE_BUGREPORT "pgsql-bugs@lists.postgresql.org"
| #define PACKAGE_URL ""
| #define PG_MAJORVERSION "12"
| #define PG_VERSION "12.22"
| #define DEF_PGPORT 5432
| #define DEF_PGPORT_STR "5432"
| #define BLCKSZ 8192
| #define RELSEG_SIZE 131072
| #define XLOG_BLCKSZ 8192
| #define ENABLE_THREAD_SAFETY 1
| #define PG_KRB_SRVNAM "postgres"
| #define STDC_HEADERS 1
| #define HAVE_SYS_TYPES_H 1
| #define HAVE_SYS_STAT_H 1
| #define HAVE_STDLIB_H 1
| #define HAVE_STRING_H 1
| #define HAVE_MEMORY_H 1
| #define HAVE_STRINGS_H 1
| #define HAVE_INTTYPES_H 1
| #define HAVE_STDINT_H 1
| #define HAVE_UNISTD_H 1
| #define HAVE_PTHREAD_PRIO_INHERIT 1
| #define HAVE_PTHREAD 1
| #define HAVE_STRERROR_R 1
| #define HAVE_GETPWUID_R 1
| #define HAVE_GETHOSTBYNAME_R 1
| #define HAVE_LIBM 1
| #define HAVE_LIBZ 1
| #define HAVE_SPINLOCKS 1
| #define HAVE_ATOMICS 1
| #define HAVE_CRYPT_H 1
| /* end confdefs.h.  */
| #include <fp_class.h>
configure:13336: result: no
configure:13336: checking for fp_class.h
configure:13336: result: no
configure:13336: checking getopt.h usability
configure:13336: gcc -c -Wall -Wmissing-prototypes -Wpointer-arith -Wdeclaration-after-statement -Werror=vla -Wendif-labels -Wmissing-format-attribute -Wformat-security -fno-strict-aliasing -fwrapv -fexcess-precision=standard -Wno-format-truncation -Wno-stringop-truncation -O2  -D_GNU_SOURCE  conftest.c >&5
configure:13336: $? = 0
configure:13336: result: yes
configure:13336: checking getopt.h presence
configure:13336: gcc -E  -D_GNU_SOURCE  conftest.c
configure:13336: $? = 0
configure:13336: result: yes
configure:13336: checking for getopt.h
configure:13336: result: yes
configure:13336: checking ieeefp.h usability
configure:13336: gcc -c -Wall -Wmissing-prototypes -Wpointer-arith -Wdeclaration-after-statement -Werror=vla -Wendif-labels -Wmissing-format-attribute -Wformat-security -fno-strict-aliasing -fwrapv -fexcess-precision=standard -Wno-format-truncation -Wno-stringop-truncation -O2  -D_GNU_SOURCE  conftest.c >&5
conftest.c:72:10: fatal error: ieeefp.h: No such file or directory
   72 | #include <ieeefp.h>
      |          ^~~~~~~~~~
compilation terminated.
configure:13336: $? = 1
configure: failed program was:
| /* confdefs.h */
| #define PACKAGE_NAME "PostgreSQL"
| #define PACKAGE_TARNAME "postgresql"
| #define PACKAGE_VERSION "12.22"
| #define PACKAGE_STRING "PostgreSQL 12.22"
| #define PACKAGE_BUGREPORT "pgsql-bugs@lists.postgresql.org"
| #define PACKAGE_URL ""
| #define PG_MAJORVERSION "12"
| #define PG_VERSION "12.22"
| #define DEF_PGPORT 5432
| #define DEF_PGPORT_STR "5432"
| #define BLCKSZ 8192
| #define RELSEG_SIZE 131072
| #define XLOG_BLCKSZ 8192
| #define ENABLE_THREAD_SAFETY 1
| #define PG_KRB_SRVNAM "postgres"
| #define STDC_HEADERS 1
| #define HAVE_SYS_TYPES_H 1
| #define HAVE_SYS_STAT_H 1
| #define HAVE_STDLIB_H 1
| #define HAVE_STRING_H 1
| #define HAVE_MEMORY_H 1
| #define HAVE_STRINGS_H 1
| #define HAVE_INTTYPES_H 1
| #define HAVE_STDINT_H 1
| #define HAVE_UNISTD_H 1
| #define HAVE_PTHREAD_PRIO_INHERIT 1
| #define HAVE_PTHREAD 1
| #define HAVE_STRERROR_R 1
| #define HAVE_GETPWUID_R 1
| #define HAVE_GETHOSTBYNAME_R 1
| #define HAVE_LIBM 1
| #define HAVE_LIBZ 1
| #define HAVE_SPINLOCKS 1
| #define HAVE_ATOMICS 1
| #define HAVE_CRYPT_H 1
| #define HAVE_GETOPT_H 1
| /* end confdefs.h.  */
| #include <stdio.h>
| #ifdef HAVE_SYS_TYPES_H
| # include <sys/types.h>
| #endif
| #ifdef HAVE_SYS_STAT_H
| # include <sys/stat.h>
| #endif
| #ifdef STDC_HEADERS
| # include <stdlib.h>
| # include <stddef.h>
| #else
| # ifdef HAVE_STDLIB_H
| #  include <stdlib.h>
| # endif
| #endif
| #ifdef HAVE_STRING_H
| # if !defined STDC_HEADERS && defined HAVE_MEMORY_H
| #  include <memory.h>
| # endif
| # include <string.h>
| #endif
| #ifdef HAVE_STRINGS_H
| # include <strings.h>
| #endif
| #ifdef HAVE_INTTYPES_H
| # include <inttypes.h>
| #endif
| #ifdef HAVE_STDINT_H
| # include <stdint.h>
| #endif
| #ifdef HAVE_UNISTD_H
| # include <unistd.h>
| #endif
| #include <ieeefp.h>
configure:13336: result: no
configure:13336: checking ieeefp.h presence
configure:13336: gcc -E  -D_GNU_SOURCE  conftest.c
conftest.c:39:10: fatal error: ieeefp.h: No such file or directory
   39 | #include <ieeefp.h>
      |          ^~~~~~~~~~
compilation terminated.
configure:13336: $? = 1
configure: failed program was:
| /* confdefs.h */
| #define PACKAGE_NAME "PostgreSQL"
| #define PACKAGE_TARNAME "postgresql"
| #define PACKAGE_VERSION "12.22"
| #define PACKAGE_STRING "PostgreSQL 12.22"
| #define PACKAGE_BUGREPORT "pgsql-bugs@lists.postgresql.org"
| #define PACKAGE_URL ""
| #define PG_MAJORVERSION "12"
| #define PG_VERSION "12.22"
| #define DEF_PGPORT 5432
| #define DEF_PGPORT_STR "5432"
| #define BLCKSZ 8192
| #define RELSEG_SIZE 131072
| #define XLOG_BLCKSZ 8192
| #define ENABLE_THREAD_SAFETY 1
| #define PG_KRB_SRVNAM "postgres"
| #define STDC_HEADERS 1
| #define HAVE_SYS_TYPES_H 1
| #define HAVE_SYS_STAT_H 1
| #define HAVE_STDLIB_H 1
| #define HAVE_STRING_H 1
| #define HAVE_MEMORY_H 1
| #define HAVE_STRINGS_H 1
| #define HAVE_INTTYPES_H 1
| #define HAVE_STDINT_H 1
| #define HAVE_UNISTD_H 1
| #define HAVE_PTHREAD_PRIO_INHERIT 1
| #define HAVE_PTHREAD 1
| #define HAVE_STRERROR_R 1
| #define HAVE_GETPWUID_R 1
| #define HAVE_GETHOSTBYNAME_R 1
| #define HAVE_LIBM 1
| #define HAVE_LIBZ 1
| #define HAVE_SPINLOCKS 1
| #define HAVE_ATOMICS 1
| #define HAVE_CRYPT_H 1
| #define HAVE_GETOPT_H 1
| /* end confdefs.h.  */
| #include <ieeefp.h>
configure:13336: result: no
configure:13336: checking for ieeefp.h
configure:13336: result: no
configure:13336: checking ifaddrs.h usability
configure:13336: gcc -c -Wall -Wmissing-prototypes -Wpointer-arith -Wdeclaration-after-statement -Werror=vla -Wendif-labels -Wmissing-format-attribute -Wformat-security -fno-strict-aliasing -fwrapv -fexcess-precision=standard -Wno-format-truncation -Wno-stringop-truncation -O2  -D_GNU_SOURCE  conftest.c >&5
configure:13336: $? = 0
configure:13336: result: yes
configure:13336: checking ifaddrs.h presence
configure:13336: gcc -E  -D_GNU_SOURCE  conftest.c
configure:13336: $? = 0
configure:13336: result: yes
configure:13336: checking for ifaddrs.h
configure:13336: result: yes
configure:13336: checking langinfo.h usability
configure:13336: gcc -c -Wall -Wmissing-prototypes -Wpointer-arith -Wdeclaration-after-statement -Werror=vla -Wendif-labels -Wmissing-format-attribute -Wformat-security -fno-strict-aliasing -fwrapv -fexcess-precision=standard -Wno-format-truncation -Wno-stringop-truncation -O2  -D_GNU_SOURCE  conftest.c >&5
configure:13336: $? = 0
configure:13336: result: yes
configure:13336: checking langinfo.h presence
configure:13336: gcc -E  -D_GNU_SOURCE  conftest.c
configure:13336: $? = 0
configure:13336: result: yes
configure:13336: checking for langinfo.h
configure:13336: result: yes
configure:13336: checking mbarrier.h usability
configure:13336: gcc -c -Wall -Wmissing-prototypes -Wpointer-arith -Wdeclaration-after-statement -Werror=vla -Wendif-labels -Wmissing-format-attribute -Wformat-security -fno-strict-aliasing -fwrapv -fexcess-precision=standard -Wno-format-truncation -Wno-stringop-truncation -O2  -D_GNU_SOURCE  conftest.c >&5
conftest.c:74:10: fatal error: mbarrier.h: No such file or directory
   74 | #include <mbarrier.h>
      |          ^~~~~~~~~~~~
compilation terminated.
configure:13336: $? = 1
configure: failed program was:
| /* confdefs.h */
| #define PACKAGE_NAME "PostgreSQL"
| #define PACKAGE_TARNAME "postgresql"
| #define PACKAGE_VERSION "12.22"
| #define PACKAGE_STRING "PostgreSQL 12.22"
| #define PACKAGE_BUGREPORT "pgsql-bugs@lists.postgresql.org"
| #define PACKAGE_URL ""
| #define PG_MAJORVERSION "12"
| #define PG_VERSION "12.22"
| #define DEF_PGPORT 5432
| #define DEF_PGPORT_STR "5432"
| #define BLCKSZ 8192
| #define RELSEG_SIZE 131072
| #define XLOG_BLCKSZ 8192
| #define ENABLE_THREAD_SAFETY 1
| #define PG_KRB_SRVNAM "postgres"
| #define STDC_HEADERS 1
| #define HAVE_SYS_TYPES_H 1
| #define HAVE_SYS_STAT_H 1
| #define HAVE_STDLIB_H 1
| #define HAVE_STRING_H 1
| #define HAVE_MEMORY_H 1
| #define HAVE_STRINGS_H 1
| #define HAVE_INTTYPES_H 1
| #define HAVE_STDINT_H 1
| #define HAVE_UNISTD_H 1
| #define HAVE_PTHREAD_PRIO_INHERIT 1
| #define HAVE_PTHREAD 1
| #define HAVE_STRERROR_R 1
| #define HAVE_GETPWUID_R 1
| #define HAVE_GETHOSTBYNAME_R 1
| #define HAVE_LIBM 1
| #define HAVE_LIBZ 1
| #define HAVE_SPINLOCKS 1
| #define HAVE_ATOMICS 1
| #define HAVE_CRYPT_H 1
| #define HAVE_GETOPT_H 1
| #define HAVE_IFADDRS_H 1
| #define HAVE_LANGINFO_H 1
| /* end confdefs.h.  */
| #include <stdio.h>
| #ifdef HAVE_SYS_TYPES_H
| # include <sys/types.h>
| #endif
| #ifdef HAVE_SYS_STAT_H
| # include <sys/stat.h>
| #endif
| #ifdef STDC_HEADERS
| # include <stdlib.h>
| # include <stddef.h>
| #else
| # ifdef HAVE_STDLIB_H
| #  include <stdlib.h>
| # endif
| #endif
| #ifdef HAVE_STRING_H
| # if !defined STDC_HEADERS && defined HAVE_MEMORY_H
| #  include <memory.h>
| # endif
| # include <string.h>
| #endif
| #ifdef HAVE_STRINGS_H
| # include <strings.h>
| #endif
| #ifdef HAVE_INTTYPES_H
| # include <inttypes.h>
| #endif
| #ifdef HAVE_STDINT_H
| # include <stdint.h>
| #endif
| #ifdef HAVE_UNISTD_H
| # include <unistd.h>
| #endif
| #include <mbarrier.h>
configure:13336: result: no
configure:13336: checking mbarrier.h presence
configure:13336: gcc -E  -D_GNU_SOURCE  conftest.c
conftest.c:41:10: fatal error: mbarrier.h: No such file or directory
   41 | #include <mbarrier.h>
      |          ^~~~~~~~~~~~
compilation terminated.
configure:13336: $? = 1
configure: failed program was:
| /* confdefs.h */
| #define PACKAGE_NAME "PostgreSQL"
| #define PACKAGE_TARNAME "postgresql"
| #define PACKAGE_VERSION "12.22"
| #define PACKAGE_STRING "PostgreSQL 12.22"
| #define PACKAGE_BUGREPORT "pgsql-bugs@lists.postgresql.org"
| #define PACKAGE_URL ""
| #define PG_MAJORVERSION "12"
| #define PG_VERSION "12.22"
| #define DEF_PGPORT 5432
| #define DEF_PGPORT_STR "5432"
| #define BLCKSZ 8192
| #define RELSEG_SIZE 131072
| #define XLOG_BLCKSZ 8192
| #define ENABLE_THREAD_SAFETY 1
| #define PG_KRB_SRVNAM "postgres"
| #define STDC_HEADERS 1
| #define HAVE_SYS_TYPES_H 1
| #define HAVE_SYS_STAT_H 1
| #define HAVE_STDLIB_H 1
| #define HAVE_STRING_H 1
| #define HAVE_MEMORY_H 1
| #define HAVE_STRINGS_H 1
| #define HAVE_INTTYPES_H 1
| #define HAVE_STDINT_H 1
| #define HAVE_UNISTD_H 1
| #define HAVE_PTHREAD_PRIO_INHERIT 1
| #define HAVE_PTHREAD 1
| #define HAVE_STRERROR_R 1
| #define HAVE_GETPWUID_R 1
| #define HAVE_GETHOSTBYNAME_R 1
| #define HAVE_LIBM 1
| #define HAVE_LIBZ 1
| #define HAVE_SPINLOCKS 1
| #define HAVE_ATOMICS 1
| #define HAVE_CRYPT_H 1
| #define HAVE_GETOPT_H 1
| #define HAVE_IFADDRS_H 1
| #define HAVE_LANGINFO_H 1
| /* end confdefs.h.  */
| #include <mbarrier.h>
configure:13336: result: no
configure:13336: checking for mbarrier.h
configure:13336: result: no
configure:13336: checking poll.h usability
configure:13336: gcc -c -Wall -Wmissing-prototypes -Wpointer-arith -Wdeclaration-after-statement -Werror=vla -Wendif-labels -Wmissing-format-attribute -Wformat-security -fno-strict-aliasing -fwrapv -fexcess-precision=standard -Wno-format-truncation -Wno-stringop-truncation -O2  -D_GNU_SOURCE  conftest.c >&5
configure:13336: $? = 0
configure:13336: result: yes
configure:13336: checking poll.h presence
configure:13336: gcc -E  -D_GNU_SOURCE  conftest.c
configure:13336: $? = 0
configure:13336: result: yes
configure:13336: checking for poll.h
configure:13336: result: yes
configure:13336: checking sys/epoll.h usability
configure:13336: gcc -c -Wall -Wmissing-prototypes -Wpointer-arith -Wdeclaration-after-statement -Werror=vla -Wendif-labels -Wmissing-format-attribute -Wformat-security -fno-strict-aliasing -fwrapv -fexcess-precision=standard -Wno-format-truncation -Wno-stringop-truncation -O2  -D_GNU_SOURCE  conftest.c >&5
configure:13336: $? = 0
configure:13336: result: yes
configure:13336: checking sys/epoll.h presence
configure:13336: gcc -E  -D_GNU_SOURCE  conftest.c
configure:13336: $? = 0
configure:13336: result: yes
configure:13336: checking for sys/epoll.h
configure:13336: result: yes
configure:13336: checking sys/ipc.h usability
configure:13336: gcc -c -Wall -Wmissing-prototypes -Wpointer-arith -Wdeclaration-after-statement -Werror=vla -Wendif-labels -Wmissing-format-attribute -Wformat-security -fno-strict-aliasing -fwrapv -fexcess-precision=standard -Wno-format-truncation -Wno-stringop-truncation -O2  -D_GNU_SOURCE  conftest.c >&5
configure:13336: $? = 0
configure:13336: result: yes
configure:13336: checking sys/ipc.h presence
configure:13336: gcc -E  -D_GNU_SOURCE  conftest.c
configure:13336: $? = 0
configure:13336: result: yes
configure:13336: checking for sys/ipc.h
configure:13336: result: yes
configure:13336: checking sys/personality.h usability
configure:13336: gcc -c -Wall -Wmissing-prototypes -Wpointer-arith -Wdeclaration-after-statement -Werror=vla -Wendif-labels -Wmissing-format-attribute -Wformat-security -fno-strict-aliasing -fwrapv -fexcess-precision=standard -Wno-format-truncation -Wno-stringop-truncation -O2  -D_GNU_SOURCE  conftest.c >&5
configure:13336: $? = 0
configure:13336: result: yes
configure:13336: checking sys/personality.h presence
configure:13336: gcc -E  -D_GNU_SOURCE  conftest.c
configure:13336: $? = 0
configure:13336: result: yes
configure:13336: checking for sys/personality.h
configure:13336: result: yes
configure:13336: checking sys/prctl.h usability
configure:13336: gcc -c -Wall -Wmissing-prototypes -Wpointer-arith -Wdeclaration-after-statement -Werror=vla -Wendif-labels -Wmissing-format-attribute -Wformat-security -fno-strict-aliasing -fwrapv -fexcess-precision=standard -Wno-format-truncation -Wno-stringop-truncation -O2  -D_GNU_SOURCE  conftest.c >&5
configure:13336: $? = 0
configure:13336: result: yes
configure:13336: checking sys/prctl.h presence
configure:13336: gcc -E  -D_GNU_SOURCE  conftest.c
configure:13336: $? = 0
configure:13336: result: yes
configure:13336: checking for sys/prctl.h
configure:13336: result: yes
configure:13336: checking sys/procctl.h usability
configure:13336: gcc -c -Wall -Wmissing-prototypes -Wpointer-arith -Wdeclaration-after-statement -Werror=vla -Wendif-labels -Wmissing-format-attribute -Wformat-security -fno-strict-aliasing -fwrapv -fexcess-precision=standard -Wno-format-truncation -Wno-stringop-truncation -O2  -D_GNU_SOURCE  conftest.c >&5
conftest.c:79:10: fatal error: sys/procctl.h: No such file or directory
   79 | #include <sys/procctl.h>
      |          ^~~~~~~~~~~~~~~
compilation terminated.
configure:13336: $? = 1
configure: failed program was:
| /* confdefs.h */
| #define PACKAGE_NAME "PostgreSQL"
| #define PACKAGE_TARNAME "postgresql"
| #define PACKAGE_VERSION "12.22"
| #define PACKAGE_STRING "PostgreSQL 12.22"
| #define PACKAGE_BUGREPORT "pgsql-bugs@lists.postgresql.org"
| #define PACKAGE_URL ""
| #define PG_MAJORVERSION "12"
| #define PG_VERSION "12.22"
| #define DEF_PGPORT 5432
| #define DEF_PGPORT_STR "5432"
| #define BLCKSZ 8192
| #define RELSEG_SIZE 131072
| #define XLOG_BLCKSZ 8192
| #define ENABLE_THREAD_SAFETY 1
| #define PG_KRB_SRVNAM "postgres"
| #define STDC_HEADERS 1
| #define HAVE_SYS_TYPES_H 1
| #define HAVE_SYS_STAT_H 1
| #define HAVE_STDLIB_H 1
| #define HAVE_STRING_H 1
| #define HAVE_MEMORY_H 1
| #define HAVE_STRINGS_H 1
| #define HAVE_INTTYPES_H 1
| #define HAVE_STDINT_H 1
| #define HAVE_UNISTD_H 1
| #define HAVE_PTHREAD_PRIO_INHERIT 1
| #define HAVE_PTHREAD 1
| #define HAVE_STRERROR_R 1
| #define HAVE_GETPWUID_R 1
| #define HAVE_GETHOSTBYNAME_R 1
| #define HAVE_LIBM 1
| #define HAVE_LIBZ 1
| #define HAVE_SPINLOCKS 1
| #define HAVE_ATOMICS 1
| #define HAVE_CRYPT_H 1
| #define HAVE_GETOPT_H 1
| #define HAVE_IFADDRS_H 1
| #define HAVE_LANGINFO_H 1
| #define HAVE_POLL_H 1
| #define HAVE_SYS_EPOLL_H 1
| #define HAVE_SYS_IPC_H 1
| #define HAVE_SYS_PERSONALITY_H 1
| #define HAVE_SYS_PRCTL_H 1
| /* end confdefs.h.  */
| #include <stdio.h>
| #ifdef HAVE_SYS_TYPES_H
| # include <sys/types.h>
| #endif
| #ifdef HAVE_SYS_STAT_H
| # include <sys/stat.h>
| #endif
| #ifdef STDC_HEADERS
| # include <stdlib.h>
| # include <stddef.h>
| #else
| # ifdef HAVE_STDLIB_H
| #  include <stdlib.h>
| # endif
| #endif
| #ifdef HAVE_STRING_H
| # if !defined STDC_HEADERS && defined HAVE_MEMORY_H
| #  include <memory.h>
| # endif
| # include <string.h>
| #endif
| #ifdef HAVE_STRINGS_H
| # include <strings.h>
| #endif
| #ifdef HAVE_INTTYPES_H
| # include <inttypes.h>
| #endif
| #ifdef HAVE_STDINT_H
| # include <stdint.h>
| #endif
| #ifdef HAVE_UNISTD_H
| # include <unistd.h>
| #endif
| #include <sys/procctl.h>
configure:13336: result: no
configure:13336: checking sys/procctl.h presence
configure:13336: gcc -E  -D_GNU_SOURCE  conftest.c
conftest.c:46:10: fatal error: sys/procctl.h: No such file or directory
   46 | #include <sys/procctl.h>
      |          ^~~~~~~~~~~~~~~
compilation terminated.
configure:13336: $? = 1
configure: failed program was:
| /* confdefs.h */
| #define PACKAGE_NAME "PostgreSQL"
| #define PACKAGE_TARNAME "postgresql"
| #define PACKAGE_VERSION "12.22"
| #define PACKAGE_STRING "PostgreSQL 12.22"
| #define PACKAGE_BUGREPORT "pgsql-bugs@lists.postgresql.org"
| #define PACKAGE_URL ""
| #define PG_MAJORVERSION "12"
| #define PG_VERSION "12.22"
| #define DEF_PGPORT 5432
| #define DEF_PGPORT_STR "5432"
| #define BLCKSZ 8192
| #define RELSEG_SIZE 131072
| #define XLOG_BLCKSZ 8192
| #define ENABLE_THREAD_SAFETY 1
| #define PG_KRB_SRVNAM "postgres"
| #define STDC_HEADERS 1
| #define HAVE_SYS_TYPES_H 1
| #define HAVE_SYS_STAT_H 1
| #define HAVE_STDLIB_H 1
| #define HAVE_STRING_H 1
| #define HAVE_MEMORY_H 1
| #define HAVE_STRINGS_H 1
| #define HAVE_INTTYPES_H 1
| #define HAVE_STDINT_H 1
| #define HAVE_UNISTD_H 1
| #define HAVE_PTHREAD_PRIO_INHERIT 1
| #define HAVE_PTHREAD 1
| #define HAVE_STRERROR_R 1
| #define HAVE_GETPWUID_R 1
| #define HAVE_GETHOSTBYNAME_R 1
| #define HAVE_LIBM 1
| #define HAVE_LIBZ 1
| #define HAVE_SPINLOCKS 1
| #define HAVE_ATOMICS 1
| #define HAVE_CRYPT_H 1
| #define HAVE_GETOPT_H 1
| #define HAVE_IFADDRS_H 1
| #define HAVE_LANGINFO_H 1
| #define HAVE_POLL_H 1
| #define HAVE_SYS_EPOLL_H 1
| #define HAVE_SYS_IPC_H 1
| #define HAVE_SYS_PERSONALITY_H 1
| #define HAVE_SYS_PRCTL_H 1
| /* end confdefs.h.  */
| #include <sys/procctl.h>
configure:13336: result: no
configure:13336: checking for sys/procctl.h
configure:13336: result: no
configure:13336: checking sys/pstat.h usability
configure:13336: gcc -c -Wall -Wmissing-prototypes -Wpointer-arith -Wdeclaration-after-statement -Werror=vla -Wendif-labels -Wmissing-format-attribute -Wformat-security -fno-strict-aliasing -fwrapv -fexcess-precision=standard -Wno-format-truncation -Wno-stringop-truncation -O2  -D_GNU_SOURCE  conftest.c >&5
conftest.c:79:10: fatal error: sys/pstat.h: No such file or directory
   79 | #include <sys/pstat.h>
      |          ^~~~~~~~~~~~~
compilation terminated.
configure:13336: $? = 1
configure: failed program was:
| /* confdefs.h */
| #define PACKAGE_NAME "PostgreSQL"
| #define PACKAGE_TARNAME "postgresql"
| #define PACKAGE_VERSION "12.22"
| #define PACKAGE_STRING "PostgreSQL 12.22"
| #define PACKAGE_BUGREPORT "pgsql-bugs@lists.postgresql.org"
| #define PACKAGE_URL ""
| #define PG_MAJORVERSION "12"
| #define PG_VERSION "12.22"
| #define DEF_PGPORT 5432
| #define DEF_PGPORT_STR "5432"
| #define BLCKSZ 8192
| #define RELSEG_SIZE 131072
| #define XLOG_BLCKSZ 8192
| #define ENABLE_THREAD_SAFETY 1
| #define PG_KRB_SRVNAM "postgres"
| #define STDC_HEADERS 1
| #define HAVE_SYS_TYPES_H 1
| #define HAVE_SYS_STAT_H 1
| #define HAVE_STDLIB_H 1
| #define HAVE_STRING_H 1
| #define HAVE_MEMORY_H 1
| #define HAVE_STRINGS_H 1
| #define HAVE_INTTYPES_H 1
| #define HAVE_STDINT_H 1
| #define HAVE_UNISTD_H 1
| #define HAVE_PTHREAD_PRIO_INHERIT 1
| #define HAVE_PTHREAD 1
| #define HAVE_STRERROR_R 1
| #define HAVE_GETPWUID_R 1
| #define HAVE_GETHOSTBYNAME_R 1
| #define HAVE_LIBM 1
| #define HAVE_LIBZ 1
| #define HAVE_SPINLOCKS 1
| #define HAVE_ATOMICS 1
| #define HAVE_CRYPT_H 1
| #define HAVE_GETOPT_H 1
| #define HAVE_IFADDRS_H 1
| #define HAVE_LANGINFO_H 1
| #define HAVE_POLL_H 1
| #define HAVE_SYS_EPOLL_H 1
| #define HAVE_SYS_IPC_H 1
| #define HAVE_SYS_PERSONALITY_H 1
| #define HAVE_SYS_PRCTL_H 1
| /* end confdefs.h.  */
| #include <stdio.h>
| #ifdef HAVE_SYS_TYPES_H
| # include <sys/types.h>
| #endif
| #ifdef HAVE_SYS_STAT_H
| # include <sys/stat.h>
| #endif
| #ifdef STDC_HEADERS
| # include <stdlib.h>
| # include <stddef.h>
| #else
| # ifdef HAVE_STDLIB_H
| #  include <stdlib.h>
| # endif
| #endif
| #ifdef HAVE_STRING_H
| # if !defined STDC_HEADERS && defined HAVE_MEMORY_H
| #  include <memory.h>
| # endif
| # include <string.h>
| #endif
| #ifdef HAVE_STRINGS_H
| # include <strings.h>
| #endif
| #ifdef HAVE_INTTYPES_H
| # include <inttypes.h>
| #endif
| #ifdef HAVE_STDINT_H
| # include <stdint.h>
| #endif
| #ifdef HAVE_UNISTD_H
| # include <unistd.h>
| #endif
| #include <sys/pstat.h>
configure:13336: result: no
configure:13336: checking sys/pstat.h presence
configure:13336: gcc -E  -D_GNU_SOURCE  conftest.c
conftest.c:46:10: fatal error: sys/pstat.h: No such file or directory
   46 | #include <sys/pstat.h>
      |          ^~~~~~~~~~~~~
compilation terminated.
configure:13336: $? = 1
configure: failed program was:
| /* confdefs.h */
| #define PACKAGE_NAME "PostgreSQL"
| #define PACKAGE_TARNAME "postgresql"
| #define PACKAGE_VERSION "12.22"
| #define PACKAGE_STRING "PostgreSQL 12.22"
| #define PACKAGE_BUGREPORT "pgsql-bugs@lists.postgresql.org"
| #define PACKAGE_URL ""
| #define PG_MAJORVERSION "12"
| #define PG_VERSION "12.22"
| #define DEF_PGPORT 5432
| #define DEF_PGPORT_STR "5432"
| #define BLCKSZ 8192
| #define RELSEG_SIZE 131072
| #define XLOG_BLCKSZ 8192
| #define ENABLE_THREAD_SAFETY 1
| #define PG_KRB_SRVNAM "postgres"
| #define STDC_HEADERS 1
| #define HAVE_SYS_TYPES_H 1
| #define HAVE_SYS_STAT_H 1
| #define HAVE_STDLIB_H 1
| #define HAVE_STRING_H 1
| #define HAVE_MEMORY_H 1
| #define HAVE_STRINGS_H 1
| #define HAVE_INTTYPES_H 1
| #define HAVE_STDINT_H 1
| #define HAVE_UNISTD_H 1
| #define HAVE_PTHREAD_PRIO_INHERIT 1
| #define HAVE_PTHREAD 1
| #define HAVE_STRERROR_R 1
| #define HAVE_GETPWUID_R 1
| #define HAVE_GETHOSTBYNAME_R 1
| #define HAVE_LIBM 1
| #define HAVE_LIBZ 1
| #define HAVE_SPINLOCKS 1
| #define HAVE_ATOMICS 1
| #define HAVE_CRYPT_H 1
| #define HAVE_GETOPT_H 1
| #define HAVE_IFADDRS_H 1
| #define HAVE_LANGINFO_H 1
| #define HAVE_POLL_H 1
| #define HAVE_SYS_EPOLL_H 1
| #define HAVE_SYS_IPC_H 1
| #define HAVE_SYS_PERSONALITY_H 1
| #define HAVE_SYS_PRCTL_H 1
| /* end confdefs.h.  */
| #include <sys/pstat.h>
configure:13336: result: no
configure:13336: checking for sys/pstat.h
configure:13336: result: no
configure:13336: checking sys/resource.h usability
configure:13336: gcc -c -Wall -Wmissing-prototypes -Wpointer-arith -Wdeclaration-after-statement -Werror=vla -Wendif-labels -Wmissing-format-attribute -Wformat-security -fno-strict-aliasing -fwrapv -fexcess-precision=standard -Wno-format-truncation -Wno-stringop-truncation -O2  -D_GNU_SOURCE  conftest.c >&5
configure:13336: $? = 0
configure:13336: result: yes
configure:13336: checking sys/resource.h presence
configure:13336: gcc -E  -D_GNU_SOURCE  conftest.c
configure:13336: $? = 0
configure:13336: result: yes
configure:13336: checking for sys/resource.h
configure:13336: result: yes
configure:13336: checking sys/select.h usability
configure:13336: gcc -c -Wall -Wmissing-prototypes -Wpointer-arith -Wdeclaration-after-statement -Werror=vla -Wendif-labels -Wmissing-format-attribute -Wformat-security -fno-strict-aliasing -fwrapv -fexcess-precision=standard -Wno-format-truncation -Wno-stringop-truncation -O2  -D_GNU_SOURCE  conftest.c >&5
configure:13336: $? = 0
configure:13336: result: yes
configure:13336: checking sys/select.h presence
configure:13336: gcc -E  -D_GNU_SOURCE  conftest.c
configure:13336: $? = 0
configure:13336: result: yes
configure:13336: checking for sys/select.h
configure:13336: result: yes
configure:13336: checking sys/sem.h usability
configure:13336: gcc -c -Wall -Wmissing-prototypes -Wpointer-arith -Wdeclaration-after-statement -Werror=vla -Wendif-labels -Wmissing-format-attribute -Wformat-security -fno-strict-aliasing -fwrapv -fexcess-precision=standard -Wno-format-truncation -Wno-stringop-truncation -O2  -D_GNU_SOURCE  conftest.c >&5
configure:13336: $? = 0
configure:13336: result: yes
configure:13336: checking sys/sem.h presence
configure:13336: gcc -E  -D_GNU_SOURCE  conftest.c
configure:13336: $? = 0
configure:13336: result: yes
configure:13336: checking for sys/sem.h
configure:13336: result: yes
configure:13336: checking sys/shm.h usability
configure:13336: gcc -c -Wall -Wmissing-prototypes -Wpointer-arith -Wdeclaration-after-statement -Werror=vla -Wendif-labels -Wmissing-format-attribute -Wformat-security -fno-strict-aliasing -fwrapv -fexcess-precision=standard -Wno-format-truncation -Wno-stringop-truncation -O2  -D_GNU_SOURCE  conftest.c >&5
configure:13336: $? = 0
configure:13336: result: yes
configure:13336: checking sys/shm.h presence
configure:13336: gcc -E  -D_GNU_SOURCE  conftest.c
configure:13336: $? = 0
configure:13336: result: yes
configure:13336: checking for sys/shm.h
configure:13336: result: yes
configure:13336: checking sys/sockio.h usability
configure:13336: gcc -c -Wall -Wmissing-prototypes -Wpointer-arith -Wdeclaration-after-statement -Werror=vla -Wendif-labels -Wmissing-format-attribute -Wformat-security -fno-strict-aliasing -fwrapv -fexcess-precision=standard -Wno-format-truncation -Wno-stringop-truncation -O2  -D_GNU_SOURCE  conftest.c >&5
conftest.c:83:10: fatal error: sys/sockio.h: No such file or directory
   83 | #include <sys/sockio.h>
      |          ^~~~~~~~~~~~~~
compilation terminated.
configure:13336: $? = 1
configure: failed program was:
| /* confdefs.h */
| #define PACKAGE_NAME "PostgreSQL"
| #define PACKAGE_TARNAME "postgresql"
| #define PACKAGE_VERSION "12.22"
| #define PACKAGE_STRING "PostgreSQL 12.22"
| #define PACKAGE_BUGREPORT "pgsql-bugs@lists.postgresql.org"
| #define PACKAGE_URL ""
| #define PG_MAJORVERSION "12"
| #define PG_VERSION "12.22"
| #define DEF_PGPORT 5432
| #define DEF_PGPORT_STR "5432"
| #define BLCKSZ 8192
| #define RELSEG_SIZE 131072
| #define XLOG_BLCKSZ 8192
| #define ENABLE_THREAD_SAFETY 1
| #define PG_KRB_SRVNAM "postgres"
| #define STDC_HEADERS 1
| #define HAVE_SYS_TYPES_H 1
| #define HAVE_SYS_STAT_H 1
| #define HAVE_STDLIB_H 1
| #define HAVE_STRING_H 1
| #define HAVE_MEMORY_H 1
| #define HAVE_STRINGS_H 1
| #define HAVE_INTTYPES_H 1
| #define HAVE_STDINT_H 1
| #define HAVE_UNISTD_H 1
| #define HAVE_PTHREAD_PRIO_INHERIT 1
| #define HAVE_PTHREAD 1
| #define HAVE_STRERROR_R 1
| #define HAVE_GETPWUID_R 1
| #define HAVE_GETHOSTBYNAME_R 1
| #define HAVE_LIBM 1
| #define HAVE_LIBZ 1
| #define HAVE_SPINLOCKS 1
| #define HAVE_ATOMICS 1
| #define HAVE_CRYPT_H 1
| #define HAVE_GETOPT_H 1
| #define HAVE_IFADDRS_H 1
| #define HAVE_LANGINFO_H 1
| #define HAVE_POLL_H 1
| #define HAVE_SYS_EPOLL_H 1
| #define HAVE_SYS_IPC_H 1
| #define HAVE_SYS_PERSONALITY_H 1
| #define HAVE_SYS_PRCTL_H 1
| #define HAVE_SYS_RESOURCE_H 1
| #define HAVE_SYS_SELECT_H 1
| #define HAVE_SYS_SEM_H 1
| #define HAVE_SYS_SHM_H 1
| /* end confdefs.h.  */
| #include <stdio.h>
| #ifdef HAVE_SYS_TYPES_H
| # include <sys/types.h>
| #endif
| #ifdef HAVE_SYS_STAT_H
| # include <sys/stat.h>
| #endif
| #ifdef STDC_HEADERS
| # include <stdlib.h>
| # include <stddef.h>
| #else
| # ifdef HAVE_STDLIB_H
| #  include <stdlib.h>
| # endif
| #endif
| #ifdef HAVE_STRING_H
| # if !defined STDC_HEADERS && defined HAVE_MEMORY_H
| #  include <memory.h>
| # endif
| # include <string.h>
| #endif
| #ifdef HAVE_STRINGS_H
| # include <strings.h>
| #endif
| #ifdef HAVE_INTTYPES_H
| # include <inttypes.h>
| #endif
| #ifdef HAVE_STDINT_H
| # include <stdint.h>
| #endif
| #ifdef HAVE_UNISTD_H
| # include <unistd.h>
| #endif
| #include <sys/sockio.h>
configure:13336: result: no
configure:13336: checking sys/sockio.h presence
configure:13336: gcc -E  -D_GNU_SOURCE  conftest.c
conftest.c:50:10: fatal error: sys/sockio.h: No such file or directory
   50 | #include <sys/sockio.h>
      |          ^~~~~~~~~~~~~~
compilation terminated.
configure:13336: $? = 1
configure: failed program was:
| /* confdefs.h */
| #define PACKAGE_NAME "PostgreSQL"
| #define PACKAGE_TARNAME "postgresql"
| #define PACKAGE_VERSION "12.22"
| #define PACKAGE_STRING "PostgreSQL 12.22"
| #define PACKAGE_BUGREPORT "pgsql-bugs@lists.postgresql.org"
| #define PACKAGE_URL ""
| #define PG_MAJORVERSION "12"
| #define PG_VERSION "12.22"
| #define DEF_PGPORT 5432
| #define DEF_PGPORT_STR "5432"
| #define BLCKSZ 8192
| #define RELSEG_SIZE 131072
| #define XLOG_BLCKSZ 8192
| #define ENABLE_THREAD_SAFETY 1
| #define PG_KRB_SRVNAM "postgres"
| #define STDC_HEADERS 1
| #define HAVE_SYS_TYPES_H 1
| #define HAVE_SYS_STAT_H 1
| #define HAVE_STDLIB_H 1
| #define HAVE_STRING_H 1
| #define HAVE_MEMORY_H 1
| #define HAVE_STRINGS_H 1
| #define HAVE_INTTYPES_H 1
| #define HAVE_STDINT_H 1
| #define HAVE_UNISTD_H 1
| #define HAVE_PTHREAD_PRIO_INHERIT 1
| #define HAVE_PTHREAD 1
| #define HAVE_STRERROR_R 1
| #define HAVE_GETPWUID_R 1
| #define HAVE_GETHOSTBYNAME_R 1
| #define HAVE_LIBM 1
| #define HAVE_LIBZ 1
| #define HAVE_SPINLOCKS 1
| #define HAVE_ATOMICS 1
| #define HAVE_CRYPT_H 1
| #define HAVE_GETOPT_H 1
| #define HAVE_IFADDRS_H 1
| #define HAVE_LANGINFO_H 1
| #define HAVE_POLL_H 1
| #define HAVE_SYS_EPOLL_H 1
| #define HAVE_SYS_IPC_H 1
| #define HAVE_SYS_PERSONALITY_H 1
| #define HAVE_SYS_PRCTL_H 1
| #define HAVE_SYS_RESOURCE_H 1
| #define HAVE_SYS_SELECT_H 1
| #define HAVE_SYS_SEM_H 1
| #define HAVE_SYS_SHM_H 1
| /* end confdefs.h.  */
| #include <sys/sockio.h>
configure:13336: result: no
configure:13336: checking for sys/sockio.h
configure:13336: result: no
configure:13336: checking sys/tas.h usability
configure:13336: gcc -c -Wall -Wmissing-prototypes -Wpointer-arith -Wdeclaration-after-statement -Werror=vla -Wendif-labels -Wmissing-format-attribute -Wformat-security -fno-strict-aliasing -fwrapv -fexcess-precision=standard -Wno-format-truncation -Wno-stringop-truncation -O2  -D_GNU_SOURCE  conftest.c >&5
conftest.c:83:10: fatal error: sys/tas.h: No such file or directory
   83 | #include <sys/tas.h>
      |          ^~~~~~~~~~~
compilation terminated.
configure:13336: $? = 1
configure: failed program was:
| /* confdefs.h */
| #define PACKAGE_NAME "PostgreSQL"
| #define PACKAGE_TARNAME "postgresql"
| #define PACKAGE_VERSION "12.22"
| #define PACKAGE_STRING "PostgreSQL 12.22"
| #define PACKAGE_BUGREPORT "pgsql-bugs@lists.postgresql.org"
| #define PACKAGE_URL ""
| #define PG_MAJORVERSION "12"
| #define PG_VERSION "12.22"
| #define DEF_PGPORT 5432
| #define DEF_PGPORT_STR "5432"
| #define BLCKSZ 8192
| #define RELSEG_SIZE 131072
| #define XLOG_BLCKSZ 8192
| #define ENABLE_THREAD_SAFETY 1
| #define PG_KRB_SRVNAM "postgres"
| #define STDC_HEADERS 1
| #define HAVE_SYS_TYPES_H 1
| #define HAVE_SYS_STAT_H 1
| #define HAVE_STDLIB_H 1
| #define HAVE_STRING_H 1
| #define HAVE_MEMORY_H 1
| #define HAVE_STRINGS_H 1
| #define HAVE_INTTYPES_H 1
| #define HAVE_STDINT_H 1
| #define HAVE_UNISTD_H 1
| #define HAVE_PTHREAD_PRIO_INHERIT 1
| #define HAVE_PTHREAD 1
| #define HAVE_STRERROR_R 1
| #define HAVE_GETPWUID_R 1
| #define HAVE_GETHOSTBYNAME_R 1
| #define HAVE_LIBM 1
| #define HAVE_LIBZ 1
| #define HAVE_SPINLOCKS 1
| #define HAVE_ATOMICS 1
| #define HAVE_CRYPT_H 1
| #define HAVE_GETOPT_H 1
| #define HAVE_IFADDRS_H 1
| #define HAVE_LANGINFO_H 1
| #define HAVE_POLL_H 1
| #define HAVE_SYS_EPOLL_H 1
| #define HAVE_SYS_IPC_H 1
| #define HAVE_SYS_PERSONALITY_H 1
| #define HAVE_SYS_PRCTL_H 1
| #define HAVE_SYS_RESOURCE_H 1
| #define HAVE_SYS_SELECT_H 1
| #define HAVE_SYS_SEM_H 1
| #define HAVE_SYS_SHM_H 1
| /* end confdefs.h.  */
| #include <stdio.h>
| #ifdef HAVE_SYS_TYPES_H
| # include <sys/types.h>
| #endif
| #ifdef HAVE_SYS_STAT_H
| # include <sys/stat.h>
| #endif
| #ifdef STDC_HEADERS
| # include <stdlib.h>
| # include <stddef.h>
| #else
| # ifdef HAVE_STDLIB_H
| #  include <stdlib.h>
| # endif
| #endif
| #ifdef HAVE_STRING_H
| # if !defined STDC_HEADERS && defined HAVE_MEMORY_H
| #  include <memory.h>
| # endif
| # include <string.h>
| #endif
| #ifdef HAVE_STRINGS_H
| # include <strings.h>
| #endif
| #ifdef HAVE_INTTYPES_H
| # include <inttypes.h>
| #endif
| #ifdef HAVE_STDINT_H
| # include <stdint.h>
| #endif
| #ifdef HAVE_UNISTD_H
| # include <unistd.h>
| #endif
| #include <sys/tas.h>
configure:13336: result: no
configure:13336: checking sys/tas.h presence
configure:13336: gcc -E  -D_GNU_SOURCE  conftest.c
conftest.c:50:10: fatal error: sys/tas.h: No such file or directory
   50 | #include <sys/tas.h>
      |          ^~~~~~~~~~~
compilation terminated.
configure:13336: $? = 1
configure: failed program was:
| /* confdefs.h */
| #define PACKAGE_NAME "PostgreSQL"
| #define PACKAGE_TARNAME "postgresql"
| #define PACKAGE_VERSION "12.22"
| #define PACKAGE_STRING "PostgreSQL 12.22"
| #define PACKAGE_BUGREPORT "pgsql-bugs@lists.postgresql.org"
| #define PACKAGE_URL ""
| #define PG_MAJORVERSION "12"
| #define PG_VERSION "12.22"
| #define DEF_PGPORT 5432
| #define DEF_PGPORT_STR "5432"
| #define BLCKSZ 8192
| #define RELSEG_SIZE 131072
| #define XLOG_BLCKSZ 8192
| #define ENABLE_THREAD_SAFETY 1
| #define PG_KRB_SRVNAM "postgres"
| #define STDC_HEADERS 1
| #define HAVE_SYS_TYPES_H 1
| #define HAVE_SYS_STAT_H 1
| #define HAVE_STDLIB_H 1
| #define HAVE_STRING_H 1
| #define HAVE_MEMORY_H 1
| #define HAVE_STRINGS_H 1
| #define HAVE_INTTYPES_H 1
| #define HAVE_STDINT_H 1
| #define HAVE_UNISTD_H 1
| #define HAVE_PTHREAD_PRIO_INHERIT 1
| #define HAVE_PTHREAD 1
| #define HAVE_STRERROR_R 1
| #define HAVE_GETPWUID_R 1
| #define HAVE_GETHOSTBYNAME_R 1
| #define HAVE_LIBM 1
| #define HAVE_LIBZ 1
| #define HAVE_SPINLOCKS 1
| #define HAVE_ATOMICS 1
| #define HAVE_CRYPT_H 1
| #define HAVE_GETOPT_H 1
| #define HAVE_IFADDRS_H 1
| #define HAVE_LANGINFO_H 1
| #define HAVE_POLL_H 1
| #define HAVE_SYS_EPOLL_H 1
| #define HAVE_SYS_IPC_H 1
| #define HAVE_SYS_PERSONALITY_H 1
| #define HAVE_SYS_PRCTL_H 1
| #define HAVE_SYS_RESOURCE_H 1
| #define HAVE_SYS_SELECT_H 1
| #define HAVE_SYS_SEM_H 1
| #define HAVE_SYS_SHM_H 1
| /* end confdefs.h.  */
| #include <sys/tas.h>
configure:13336: result: no
configure:13336: checking for sys/tas.h
configure:13336: result: no
configure:13336: checking sys/un.h usability
configure:13336: gcc -c -Wall -Wmissing-prototypes -Wpointer-arith -Wdeclaration-after-statement -Werror=vla -Wendif-labels -Wmissing-format-attribute -Wformat-security -fno-strict-aliasing -fwrapv -fexcess-precision=standard -Wno-format-truncation -Wno-stringop-truncation -O2  -D_GNU_SOURCE  conftest.c >&5
configure:13336: $? = 0
configure:13336: result: yes
configure:13336: checking sys/un.h presence
configure:13336: gcc -E  -D_GNU_SOURCE  conftest.c
configure:13336: $? = 0
configure:13336: result: yes
configure:13336: checking for sys/un.h
configure:13336: result: yes
configure:13336: checking termios.h usability
configure:13336: gcc -c -Wall -Wmissing-prototypes -Wpointer-arith -Wdeclaration-after-statement -Werror=vla -Wendif-labels -Wmissing-format-attribute -Wformat-security -fno-strict-aliasing -fwrapv -fexcess-precision=standard -Wno-format-truncation -Wno-stringop-truncation -O2  -D_GNU_SOURCE  conftest.c >&5
configure:13336: $? = 0
configure:13336: result: yes
configure:13336: checking termios.h presence
configure:13336: gcc -E  -D_GNU_SOURCE  conftest.c
configure:13336: $? = 0
configure:13336: result: yes
configure:13336: checking for termios.h
configure:13336: result: yes
configure:13336: checking ucred.h usability
configure:13336: gcc -c -Wall -Wmissing-prototypes -Wpointer-arith -Wdeclaration-after-statement -Werror=vla -Wendif-labels -Wmissing-format-attribute -Wformat-security -fno-strict-aliasing -fwrapv -fexcess-precision=standard -Wno-format-truncation -Wno-stringop-truncation -O2  -D_GNU_SOURCE  conftest.c >&5
conftest.c:85:10: fatal error: ucred.h: No such file or directory
   85 | #include <ucred.h>
      |          ^~~~~~~~~
compilation terminated.
configure:13336: $? = 1
configure: failed program was:
| /* confdefs.h */
| #define PACKAGE_NAME "PostgreSQL"
| #define PACKAGE_TARNAME "postgresql"
| #define PACKAGE_VERSION "12.22"
| #define PACKAGE_STRING "PostgreSQL 12.22"
| #define PACKAGE_BUGREPORT "pgsql-bugs@lists.postgresql.org"
| #define PACKAGE_URL ""
| #define PG_MAJORVERSION "12"
| #define PG_VERSION "12.22"
| #define DEF_PGPORT 5432
| #define DEF_PGPORT_STR "5432"
| #define BLCKSZ 8192
| #define RELSEG_SIZE 131072
| #define XLOG_BLCKSZ 8192
| #define ENABLE_THREAD_SAFETY 1
| #define PG_KRB_SRVNAM "postgres"
| #define STDC_HEADERS 1
| #define HAVE_SYS_TYPES_H 1
| #define HAVE_SYS_STAT_H 1
| #define HAVE_STDLIB_H 1
| #define HAVE_STRING_H 1
| #define HAVE_MEMORY_H 1
| #define HAVE_STRINGS_H 1
| #define HAVE_INTTYPES_H 1
| #define HAVE_STDINT_H 1
| #define HAVE_UNISTD_H 1
| #define HAVE_PTHREAD_PRIO_INHERIT 1
| #define HAVE_PTHREAD 1
| #define HAVE_STRERROR_R 1
| #define HAVE_GETPWUID_R 1
| #define HAVE_GETHOSTBYNAME_R 1
| #define HAVE_LIBM 1
| #define HAVE_LIBZ 1
| #define HAVE_SPINLOCKS 1
| #define HAVE_ATOMICS 1
| #define HAVE_CRYPT_H 1
| #define HAVE_GETOPT_H 1
| #define HAVE_IFADDRS_H 1
| #define HAVE_LANGINFO_H 1
| #define HAVE_POLL_H 1
| #define HAVE_SYS_EPOLL_H 1
| #define HAVE_SYS_IPC_H 1
| #define HAVE_SYS_PERSONALITY_H 1
| #define HAVE_SYS_PRCTL_H 1
| #define HAVE_SYS_RESOURCE_H 1
| #define HAVE_SYS_SELECT_H 1
| #define HAVE_SYS_SEM_H 1
| #define HAVE_SYS_SHM_H 1
| #define HAVE_SYS_UN_H 1
| #define HAVE_TERMIOS_H 1
| /* end confdefs.h.  */
| #include <stdio.h>
| #ifdef HAVE_SYS_TYPES_H
| # include <sys/types.h>
| #endif
| #ifdef HAVE_SYS_STAT_H
| # include <sys/stat.h>
| #endif
| #ifdef STDC_HEADERS
| # include <stdlib.h>
| # include <stddef.h>
| #else
| # ifdef HAVE_STDLIB_H
| #  include <stdlib.h>
| # endif
| #endif
| #ifdef HAVE_STRING_H
| # if !defined STDC_HEADERS && defined HAVE_MEMORY_H
| #  include <memory.h>
| # endif
| # include <string.h>
| #endif
| #ifdef HAVE_STRINGS_H
| # include <strings.h>
| #endif
| #ifdef HAVE_INTTYPES_H
| # include <inttypes.h>
| #endif
| #ifdef HAVE_STDINT_H
| # include <stdint.h>
| #endif
| #ifdef HAVE_UNISTD_H
| # include <unistd.h>
| #endif
| #include <ucred.h>
configure:13336: result: no
configure:13336: checking ucred.h presence
configure:13336: gcc -E  -D_GNU_SOURCE  conftest.c
conftest.c:52:10: fatal error: ucred.h: No such file or directory
   52 | #include <ucred.h>
      |          ^~~~~~~~~
compilation terminated.
configure:13336: $? = 1
configure: failed program was:
| /* confdefs.h */
| #define PACKAGE_NAME "PostgreSQL"
| #define PACKAGE_TARNAME "postgresql"
| #define PACKAGE_VERSION "12.22"
| #define PACKAGE_STRING "PostgreSQL 12.22"
| #define PACKAGE_BUGREPORT "pgsql-bugs@lists.postgresql.org"
| #define PACKAGE_URL ""
| #define PG_MAJORVERSION "12"
| #define PG_VERSION "12.22"
| #define DEF_PGPORT 5432
| #define DEF_PGPORT_STR "5432"
| #define BLCKSZ 8192
| #define RELSEG_SIZE 131072
| #define XLOG_BLCKSZ 8192
| #define ENABLE_THREAD_SAFETY 1
| #define PG_KRB_SRVNAM "postgres"
| #define STDC_HEADERS 1
| #define HAVE_SYS_TYPES_H 1
| #define HAVE_SYS_STAT_H 1
| #define HAVE_STDLIB_H 1
| #define HAVE_STRING_H 1
| #define HAVE_MEMORY_H 1
| #define HAVE_STRINGS_H 1
| #define HAVE_INTTYPES_H 1
| #define HAVE_STDINT_H 1
| #define HAVE_UNISTD_H 1
| #define HAVE_PTHREAD_PRIO_INHERIT 1
| #define HAVE_PTHREAD 1
| #define HAVE_STRERROR_R 1
| #define HAVE_GETPWUID_R 1
| #define HAVE_GETHOSTBYNAME_R 1
| #define HAVE_LIBM 1
| #define HAVE_LIBZ 1
| #define HAVE_SPINLOCKS 1
| #define HAVE_ATOMICS 1
| #define HAVE_CRYPT_H 1
| #define HAVE_GETOPT_H 1
| #define HAVE_IFADDRS_H 1
| #define HAVE_LANGINFO_H 1
| #define HAVE_POLL_H 1
| #define HAVE_SYS_EPOLL_H 1
| #define HAVE_SYS_IPC_H 1
| #define HAVE_SYS_PERSONALITY_H 1
| #define HAVE_SYS_PRCTL_H 1
| #define HAVE_SYS_RESOURCE_H 1
| #define HAVE_SYS_SELECT_H 1
| #define HAVE_SYS_SEM_H 1
| #define HAVE_SYS_SHM_H 1
| #define HAVE_SYS_UN_H 1
| #define HAVE_TERMIOS_H 1
| /* end confdefs.h.  */
| #include <ucred.h>
configure:13336: result: no
configure:13336: checking for ucred.h
configure:13336: result: no
configure:13336: checking utime.h usability
configure:13336: gcc -c -Wall -Wmissing-prototypes -Wpointer-arith -Wdeclaration-after-statement -Werror=vla -Wendif-labels -Wmissing-format-attribute -Wformat-security -fno-strict-aliasing -fwrapv -fexcess-precision=standard -Wno-format-truncation -Wno-stringop-truncation -O2  -D_GNU_SOURCE  conftest.c >&5
configure:13336: $? = 0
configure:13336: result: yes
configure:13336: checking utime.h presence
configure:13336: gcc -E  -D_GNU_SOURCE  conftest.c
configure:13336: $? = 0
configure:13336: result: yes
configure:13336: checking for utime.h
configure:13336: result: yes
configure:13336: checking wchar.h usability
configure:13336: gcc -c -Wall -Wmissing-prototypes -Wpointer-arith -Wdeclaration-after-statement -Werror=vla -Wendif-labels -Wmissing-format-attribute -Wformat-security -fno-strict-aliasing -fwrapv -fexcess-precision=standard -Wno-format-truncation -Wno-stringop-truncation -O2  -D_GNU_SOURCE  conftest.c >&5
configure:13336: $? = 0
configure:13336: result: yes
configure:13336: checking wchar.h presence
configure:13336: gcc -E  -D_GNU_SOURCE  conftest.c
configure:13336: $? = 0
configure:13336: result: yes
configure:13336: checking for wchar.h
configure:13336: result: yes
configure:13336: checking wctype.h usability
configure:13336: gcc -c -Wall -Wmissing-prototypes -Wpointer-arith -Wdeclaration-after-statement -Werror=vla -Wendif-labels -Wmissing-format-attribute -Wformat-security -fno-strict-aliasing -fwrapv -fexcess-precision=standard -Wno-format-truncation -Wno-stringop-truncation -O2  -D_GNU_SOURCE  conftest.c >&5
configure:13336: $? = 0
configure:13336: result: yes
configure:13336: checking wctype.h presence
configure:13336: gcc -E  -D_GNU_SOURCE  conftest.c
configure:13336: $? = 0
configure:13336: result: yes
configure:13336: checking for wctype.h
configure:13336: result: yes
configure:13351: checking for net/if.h
configure:13351: gcc -c -Wall -Wmissing-prototypes -Wpointer-arith -Wdeclaration-after-statement -Werror=vla -Wendif-labels -Wmissing-format-attribute -Wformat-security -fno-strict-aliasing -fwrapv -fexcess-precision=standard -Wno-format-truncation -Wno-stringop-truncation -O2  -D_GNU_SOURCE  conftest.c >&5
configure:13351: $? = 0
configure:13351: result: yes
configure:13369: checking for sys/ucred.h
configure:13369: gcc -c -Wall -Wmissing-prototypes -Wpointer-arith -Wdeclaration-after-statement -Werror=vla -Wendif-labels -Wmissing-format-attribute -Wformat-security -fno-strict-aliasing -fwrapv -fexcess-precision=standard -Wno-format-truncation -Wno-stringop-truncation -O2  -D_GNU_SOURCE  conftest.c >&5
conftest.c:92:10: fatal error: sys/ucred.h: No such file or directory
   92 | #include <sys/ucred.h>
      |          ^~~~~~~~~~~~~
compilation terminated.
configure:13369: $? = 1
configure: failed program was:
| /* confdefs.h */
| #define PACKAGE_NAME "PostgreSQL"
| #define PACKAGE_TARNAME "postgresql"
| #define PACKAGE_VERSION "12.22"
| #define PACKAGE_STRING "PostgreSQL 12.22"
| #define PACKAGE_BUGREPORT "pgsql-bugs@lists.postgresql.org"
| #define PACKAGE_URL ""
| #define PG_MAJORVERSION "12"
| #define PG_VERSION "12.22"
| #define DEF_PGPORT 5432
| #define DEF_PGPORT_STR "5432"
| #define BLCKSZ 8192
| #define RELSEG_SIZE 131072
| #define XLOG_BLCKSZ 8192
| #define ENABLE_THREAD_SAFETY 1
| #define PG_KRB_SRVNAM "postgres"
| #define STDC_HEADERS 1
| #define HAVE_SYS_TYPES_H 1
| #define HAVE_SYS_STAT_H 1
| #define HAVE_STDLIB_H 1
| #define HAVE_STRING_H 1
| #define HAVE_MEMORY_H 1
| #define HAVE_STRINGS_H 1
| #define HAVE_INTTYPES_H 1
| #define HAVE_STDINT_H 1
| #define HAVE_UNISTD_H 1
| #define HAVE_PTHREAD_PRIO_INHERIT 1
| #define HAVE_PTHREAD 1
| #define HAVE_STRERROR_R 1
| #define HAVE_GETPWUID_R 1
| #define HAVE_GETHOSTBYNAME_R 1
| #define HAVE_LIBM 1
| #define HAVE_LIBZ 1
| #define HAVE_SPINLOCKS 1
| #define HAVE_ATOMICS 1
| #define HAVE_CRYPT_H 1
| #define HAVE_GETOPT_H 1
| #define HAVE_IFADDRS_H 1
| #define HAVE_LANGINFO_H 1
| #define HAVE_POLL_H 1
| #define HAVE_SYS_EPOLL_H 1
| #define HAVE_SYS_IPC_H 1
| #define HAVE_SYS_PERSONALITY_H 1
| #define HAVE_SYS_PRCTL_H 1
| #define HAVE_SYS_RESOURCE_H 1
| #define HAVE_SYS_SELECT_H 1
| #define HAVE_SYS_SEM_H 1
| #define HAVE_SYS_SHM_H 1
| #define HAVE_SYS_UN_H 1
| #define HAVE_TERMIOS_H 1
| #define HAVE_UTIME_H 1
| #define HAVE_WCHAR_H 1
| #define HAVE_WCTYPE_H 1
| #define HAVE_NET_IF_H 1
| /* end confdefs.h.  */
| #include <stdio.h>
| #ifdef HAVE_SYS_TYPES_H
| # include <sys/types.h>
| #endif
| #ifdef HAVE_SYS_STAT_H
| # include <sys/stat.h>
| #endif
| #ifdef STDC_HEADERS
| # include <stdlib.h>
| # include <stddef.h>
| #else
| # ifdef HAVE_STDLIB_H
| #  include <stdlib.h>
| # endif
| #endif
| #ifdef HAVE_STRING_H
| # if !defined STDC_HEADERS && defined HAVE_MEMORY_H
| #  include <memory.h>
| # endif
| # include <string.h>
| #endif
| #ifdef HAVE_STRINGS_H
| # include <strings.h>
| #endif
| #ifdef HAVE_INTTYPES_H
| # include <inttypes.h>
| #endif
| #ifdef HAVE_STDINT_H
| # include <stdint.h>
| #endif
| #ifdef HAVE_UNISTD_H
| # include <unistd.h>
| #endif
| #include <sys/param.h>
| 
| 
| #include <sys/ucred.h>
configure:13369: result: no
configure:13387: checking for netinet/tcp.h
configure:13387: gcc -c -Wall -Wmissing-prototypes -Wpointer-arith -Wdeclaration-after-statement -Werror=vla -Wendif-labels -Wmissing-format-attribute -Wformat-security -fno-strict-aliasing -fwrapv -fexcess-precision=standard -Wno-format-truncation -Wno-stringop-truncation -O2  -D_GNU_SOURCE  conftest.c >&5
configure:13387: $? = 0
configure:13387: result: yes
configure:13556: checking zlib.h usability
configure:13556: gcc -c -Wall -Wmissing-prototypes -Wpointer-arith -Wdeclaration-after-statement -Werror=vla -Wendif-labels -Wmissing-format-attribute -Wformat-security -fno-strict-aliasing -fwrapv -fexcess-precision=standard -Wno-format-truncation -Wno-stringop-truncation -O2  -D_GNU_SOURCE  conftest.c >&5
configure:13556: $? = 0
configure:13556: result: yes
configure:13556: checking zlib.h presence
configure:13556: gcc -E  -D_GNU_SOURCE  conftest.c
configure:13556: $? = 0
configure:13556: result: yes
configure:13556: checking for zlib.h
configure:13556: result: yes
configure:13934: checking whether byte ordering is bigendian
configure:13949: gcc -c -Wall -Wmissing-prototypes -Wpointer-arith -Wdeclaration-after-statement -Werror=vla -Wendif-labels -Wmissing-format-attribute -Wformat-security -fno-strict-aliasing -fwrapv -fexcess-precision=standard -Wno-format-truncation -Wno-stringop-truncation -O2  -D_GNU_SOURCE  conftest.c >&5
conftest.c:58:16: error: unknown type name 'not'
   58 |                not a universal capable compiler
      |                ^~~
conftest.c:58:22: error: expected '=', ',', ';', 'asm' or '__attribute__' before 'universal'
   58 |                not a universal capable compiler
      |                      ^~~~~~~~~
conftest.c:58:22: error: unknown type name 'universal'
configure:13949: $? = 1
configure: failed program was:
| /* confdefs.h */
| #define PACKAGE_NAME "PostgreSQL"
| #define PACKAGE_TARNAME "postgresql"
| #define PACKAGE_VERSION "12.22"
| #define PACKAGE_STRING "PostgreSQL 12.22"
| #define PACKAGE_BUGREPORT "pgsql-bugs@lists.postgresql.org"
| #define PACKAGE_URL ""
| #define PG_MAJORVERSION "12"
| #define PG_VERSION "12.22"
| #define DEF_PGPORT 5432
| #define DEF_PGPORT_STR "5432"
| #define BLCKSZ 8192
| #define RELSEG_SIZE 131072
| #define XLOG_BLCKSZ 8192
| #define ENABLE_THREAD_SAFETY 1
| #define PG_KRB_SRVNAM "postgres"
| #define STDC_HEADERS 1
| #define HAVE_SYS_TYPES_H 1
| #define HAVE_SYS_STAT_H 1
| #define HAVE_STDLIB_H 1
| #define HAVE_STRING_H 1
| #define HAVE_MEMORY_H 1
| #define HAVE_STRINGS_H 1
| #define HAVE_INTTYPES_H 1
| #define HAVE_STDINT_H 1
| #define HAVE_UNISTD_H 1
| #define HAVE_PTHREAD_PRIO_INHERIT 1
| #define HAVE_PTHREAD 1
| #define HAVE_STRERROR_R 1
| #define HAVE_GETPWUID_R 1
| #define HAVE_GETHOSTBYNAME_R 1
| #define HAVE_LIBM 1
| #define HAVE_LIBZ 1
| #define HAVE_SPINLOCKS 1
| #define HAVE_ATOMICS 1
| #define HAVE_CRYPT_H 1
| #define HAVE_GETOPT_H 1
| #define HAVE_IFADDRS_H 1
| #define HAVE_LANGINFO_H 1
| #define HAVE_POLL_H 1
| #define HAVE_SYS_EPOLL_H 1
| #define HAVE_SYS_IPC_H 1
| #define HAVE_SYS_PERSONALITY_H 1
| #define HAVE_SYS_PRCTL_H 1
| #define HAVE_SYS_RESOURCE_H 1
| #define HAVE_SYS_SELECT_H 1
| #define HAVE_SYS_SEM_H 1
| #define HAVE_SYS_SHM_H 1
| #define HAVE_SYS_UN_H 1
| #define HAVE_TERMIOS_H 1
| #define HAVE_UTIME_H 1
| #define HAVE_WCHAR_H 1
| #define HAVE_WCTYPE_H 1
| #define HAVE_NET_IF_H 1
| #define HAVE_NETINET_TCP_H 1
| /* end confdefs.h.  */
| #ifndef __APPLE_CC__
| 	       not a universal capable compiler
| 	     #endif
| 	     typedef int dummy;
| 
configure:13994: gcc -c -Wall -Wmissing-prototypes -Wpointer-arith -Wdeclaration-after-statement -Werror=vla -Wendif-labels -Wmissing-format-attribute -Wformat-security -fno-strict-aliasing -fwrapv -fexcess-precision=standard -Wno-format-truncation -Wno-stringop-truncation -O2  -D_GNU_SOURCE  conftest.c >&5
configure:13994: $? = 0
configure:14012: gcc -c -Wall -Wmissing-prototypes -Wpointer-arith -Wdeclaration-after-statement -Werror=vla -Wendif-labels -Wmissing-format-attribute -Wformat-security -fno-strict-aliasing -fwrapv -fexcess-precision=standard -Wno-format-truncation -Wno-stringop-truncation -O2  -D_GNU_SOURCE  conftest.c >&5
conftest.c: In function 'main':
conftest.c:64:18: error: unknown type name 'not'; did you mean 'ino_t'?
   64 |                  not big endian
      |                  ^~~
      |                  ino_t
conftest.c:64:26: error: expected '=', ',', ';', 'asm' or '__attribute__' before 'endian'
   64 |                  not big endian
      |                          ^~~~~~
configure:14012: $? = 1
configure: failed program was:
| /* confdefs.h */
| #define PACKAGE_NAME "PostgreSQL"
| #define PACKAGE_TARNAME "postgresql"
| #define PACKAGE_VERSION "12.22"
| #define PACKAGE_STRING "PostgreSQL 12.22"
| #define PACKAGE_BUGREPORT "pgsql-bugs@lists.postgresql.org"
| #define PACKAGE_URL ""
| #define PG_MAJORVERSION "12"
| #define PG_VERSION "12.22"
| #define DEF_PGPORT 5432
| #define DEF_PGPORT_STR "5432"
| #define BLCKSZ 8192
| #define RELSEG_SIZE 131072
| #define XLOG_BLCKSZ 8192
| #define ENABLE_THREAD_SAFETY 1
| #define PG_KRB_SRVNAM "postgres"
| #define STDC_HEADERS 1
| #define HAVE_SYS_TYPES_H 1
| #define HAVE_SYS_STAT_H 1
| #define HAVE_STDLIB_H 1
| #define HAVE_STRING_H 1
| #define HAVE_MEMORY_H 1
| #define HAVE_STRINGS_H 1
| #define HAVE_INTTYPES_H 1
| #define HAVE_STDINT_H 1
| #define HAVE_UNISTD_H 1
| #define HAVE_PTHREAD_PRIO_INHERIT 1
| #define HAVE_PTHREAD 1
| #define HAVE_STRERROR_R 1
| #define HAVE_GETPWUID_R 1
| #define HAVE_GETHOSTBYNAME_R 1
| #define HAVE_LIBM 1
| #define HAVE_LIBZ 1
| #define HAVE_SPINLOCKS 1
| #define HAVE_ATOMICS 1
| #define HAVE_CRYPT_H 1
| #define HAVE_GETOPT_H 1
| #define HAVE_IFADDRS_H 1
| #define HAVE_LANGINFO_H 1
| #define HAVE_POLL_H 1
| #define HAVE_SYS_EPOLL_H 1
| #define HAVE_SYS_IPC_H 1
| #define HAVE_SYS_PERSONALITY_H 1
| #define HAVE_SYS_PRCTL_H 1
| #define HAVE_SYS_RESOURCE_H 1
| #define HAVE_SYS_SELECT_H 1
| #define HAVE_SYS_SEM_H 1
| #define HAVE_SYS_SHM_H 1
| #define HAVE_SYS_UN_H 1
| #define HAVE_TERMIOS_H 1
| #define HAVE_UTIME_H 1
| #define HAVE_WCHAR_H 1
| #define HAVE_WCTYPE_H 1
| #define HAVE_NET_IF_H 1
| #define HAVE_NETINET_TCP_H 1
| /* end confdefs.h.  */
| #include <sys/types.h>
| 		#include <sys/param.h>
| 
| int
| main ()
| {
| #if BYTE_ORDER != BIG_ENDIAN
| 		 not big endian
| 		#endif
| 
|   ;
|   return 0;
| }
configure:14140: result: no
configure:14158: checking for inline
configure:14174: gcc -c -Wall -Wmissing-prototypes -Wpointer-arith -Wdeclaration-after-statement -Werror=vla -Wendif-labels -Wmissing-format-attribute -Wformat-security -fno-strict-aliasing -fwrapv -fexcess-precision=standard -Wno-format-truncation -Wno-stringop-truncation -O2  -D_GNU_SOURCE  conftest.c >&5
configure:14174: $? = 0
configure:14182: result: inline
configure:14200: checking for printf format archetype
configure:14220: gcc -c -Wall -Wmissing-prototypes -Wpointer-arith -Wdeclaration-after-statement -Werror=vla -Wendif-labels -Wmissing-format-attribute -Wformat-security -fno-strict-aliasing -fwrapv -fexcess-precision=standard -Wno-format-truncation -Wno-stringop-truncation -O2  -D_GNU_SOURCE  conftest.c >&5
configure:14220: $? = 0
configure:14257: result: gnu_printf
configure:14266: checking for flexible array members
configure:14289: gcc -c -Wall -Wmissing-prototypes -Wpointer-arith -Wdeclaration-after-statement -Werror=vla -Wendif-labels -Wmissing-format-attribute -Wformat-security -fno-strict-aliasing -fwrapv -fexcess-precision=standard -Wno-format-truncation -Wno-stringop-truncation -O2  -D_GNU_SOURCE  conftest.c >&5
configure:14289: $? = 0
configure:14296: result: yes
configure:14307: checking for signed types
configure:14323: gcc -c -Wall -Wmissing-prototypes -Wpointer-arith -Wdeclaration-after-statement -Werror=vla -Wendif-labels -Wmissing-format-attribute -Wformat-security -fno-strict-aliasing -fwrapv -fexcess-precision=standard -Wno-format-truncation -Wno-stringop-truncation -O2  -D_GNU_SOURCE  conftest.c >&5
conftest.c: In function 'main':
conftest.c:63:43: warning: unused variable 'i' [-Wunused-variable]
   63 | signed char c; signed short s; signed int i;
      |                                           ^
conftest.c:63:29: warning: unused variable 's' [-Wunused-variable]
   63 | signed char c; signed short s; signed int i;
      |                             ^
conftest.c:63:13: warning: unused variable 'c' [-Wunused-variable]
   63 | signed char c; signed short s; signed int i;
      |             ^
configure:14323: $? = 0
configure:14330: result: yes
configure:14337: checking for __func__
configure:14353: gcc -c -Wall -Wmissing-prototypes -Wpointer-arith -Wdeclaration-after-statement -Werror=vla -Wendif-labels -Wmissing-format-attribute -Wformat-security -fno-strict-aliasing -fwrapv -fexcess-precision=standard -Wno-format-truncation -Wno-stringop-truncation -O2  -D_GNU_SOURCE  conftest.c >&5
configure:14353: $? = 0
configure:14360: result: yes
configure:14398: checking for _Static_assert
configure:14414: gcc -o conftest -Wall -Wmissing-prototypes -Wpointer-arith -Wdeclaration-after-statement -Werror=vla -Wendif-labels -Wmissing-format-attribute -Wformat-security -fno-strict-aliasing -fwrapv -fexcess-precision=standard -Wno-format-truncation -Wno-stringop-truncation -O2  -D_GNU_SOURCE    conftest.c -lz -lcrypt -lm  >&5
configure:14414: $? = 0
configure:14422: result: yes
configure:14429: checking for typeof
configure:14450: gcc -c -Wall -Wmissing-prototypes -Wpointer-arith -Wdeclaration-after-statement -Werror=vla -Wendif-labels -Wmissing-format-attribute -Wformat-security -fno-strict-aliasing -fwrapv -fexcess-precision=standard -Wno-format-truncation -Wno-stringop-truncation -O2  -D_GNU_SOURCE  conftest.c >&5
configure:14450: $? = 0
configure:14457: result: typeof
configure:14471: checking for __builtin_types_compatible_p
configure:14487: gcc -c -Wall -Wmissing-prototypes -Wpointer-arith -Wdeclaration-after-statement -Werror=vla -Wendif-labels -Wmissing-format-attribute -Wformat-security -fno-strict-aliasing -fwrapv -fexcess-precision=standard -Wno-format-truncation -Wno-stringop-truncation -O2  -D_GNU_SOURCE  conftest.c >&5
conftest.c: In function 'main':
conftest.c:66:20: warning: unused variable 'y' [-Wunused-variable]
   66 |  int x; static int y[__builtin_types_compatible_p(__typeof__(x), int)];
      |                    ^
configure:14487: $? = 0
configure:14494: result: yes
configure:14501: checking for __builtin_constant_p
configure:14514: gcc -c -Wall -Wmissing-prototypes -Wpointer-arith -Wdeclaration-after-statement -Werror=vla -Wendif-labels -Wmissing-format-attribute -Wformat-security -fno-strict-aliasing -fwrapv -fexcess-precision=standard -Wno-format-truncation -Wno-stringop-truncation -O2  -D_GNU_SOURCE  conftest.c >&5
conftest.c:65:14: warning: 'z' defined but not used [-Wunused-variable]
   65 |   static int z[__builtin_constant_p("string literal") ? 1 : x];
      |              ^
conftest.c:64:14: warning: 'y' defined but not used [-Wunused-variable]
   64 |   static int y[__builtin_constant_p(x) ? x : 1];
      |              ^
configure:14514: $? = 0
configure:14521: result: yes
configure:14528: checking for __builtin_unreachable
configure:14544: gcc -o conftest -Wall -Wmissing-prototypes -Wpointer-arith -Wdeclaration-after-statement -Werror=vla -Wendif-labels -Wmissing-format-attribute -Wformat-security -fno-strict-aliasing -fwrapv -fexcess-precision=standard -Wno-format-truncation -Wno-stringop-truncation -O2  -D_GNU_SOURCE    conftest.c -lz -lcrypt -lm  >&5
configure:14544: $? = 0
configure:14552: result: yes
configure:14559: checking for computed goto support
configure:14579: gcc -c -Wall -Wmissing-prototypes -Wpointer-arith -Wdeclaration-after-statement -Werror=vla -Wendif-labels -Wmissing-format-attribute -Wformat-security -fno-strict-aliasing -fwrapv -fexcess-precision=standard -Wno-format-truncation -Wno-stringop-truncation -O2  -D_GNU_SOURCE  conftest.c >&5
configure:14579: $? = 0
configure:14586: result: yes
configure:14593: checking whether struct tm is in sys/time.h or time.h
configure:14613: gcc -c -Wall -Wmissing-prototypes -Wpointer-arith -Wdeclaration-after-statement -Werror=vla -Wendif-labels -Wmissing-format-attribute -Wformat-security -fno-strict-aliasing -fwrapv -fexcess-precision=standard -Wno-format-truncation -Wno-stringop-truncation -O2  -D_GNU_SOURCE  conftest.c >&5
configure:14613: $? = 0
configure:14620: result: time.h
configure:14628: checking for struct tm.tm_zone
configure:14628: gcc -c -Wall -Wmissing-prototypes -Wpointer-arith -Wdeclaration-after-statement -Werror=vla -Wendif-labels -Wmissing-format-attribute -Wformat-security -fno-strict-aliasing -fwrapv -fexcess-precision=standard -Wno-format-truncation -Wno-stringop-truncation -O2  -D_GNU_SOURCE  conftest.c >&5
configure:14628: $? = 0
configure:14628: result: yes
configure:14646: checking for tzname
configure:14667: gcc -o conftest -Wall -Wmissing-prototypes -Wpointer-arith -Wdeclaration-after-statement -Werror=vla -Wendif-labels -Wmissing-format-attribute -Wformat-security -fno-strict-aliasing -fwrapv -fexcess-precision=standard -Wno-format-truncation -Wno-stringop-truncation -O2  -D_GNU_SOURCE    conftest.c -lz -lcrypt -lm  >&5
conftest.c: In function 'main':
conftest.c:77:1: warning: statement with no effect [-Wunused-value]
   77 | atoi(*tzname);
      | ^~~~~~~~~~~~~
conftest.c:77:1: warning: ignoring return value of 'atoi' declared with attribute 'warn_unused_result' [-Wunused-result]
configure:14667: $? = 0
configure:14675: result: yes
configure:14683: checking for union semun
configure:14683: gcc -c -Wall -Wmissing-prototypes -Wpointer-arith -Wdeclaration-after-statement -Werror=vla -Wendif-labels -Wmissing-format-attribute -Wformat-security -fno-strict-aliasing -fwrapv -fexcess-precision=standard -Wno-format-truncation -Wno-stringop-truncation -O2  -D_GNU_SOURCE  conftest.c >&5
conftest.c: In function 'main':
conftest.c:80:13: error: invalid application of 'sizeof' to incomplete type 'union semun'
   80 | if (sizeof (union semun))
      |             ^~~~~
configure:14683: $? = 1
configure: failed program was:
| /* confdefs.h */
| #define PACKAGE_NAME "PostgreSQL"
| #define PACKAGE_TARNAME "postgresql"
| #define PACKAGE_VERSION "12.22"
| #define PACKAGE_STRING "PostgreSQL 12.22"
| #define PACKAGE_BUGREPORT "pgsql-bugs@lists.postgresql.org"
| #define PACKAGE_URL ""
| #define PG_MAJORVERSION "12"
| #define PG_VERSION "12.22"
| #define DEF_PGPORT 5432
| #define DEF_PGPORT_STR "5432"
| #define BLCKSZ 8192
| #define RELSEG_SIZE 131072
| #define XLOG_BLCKSZ 8192
| #define ENABLE_THREAD_SAFETY 1
| #define PG_KRB_SRVNAM "postgres"
| #define STDC_HEADERS 1
| #define HAVE_SYS_TYPES_H 1
| #define HAVE_SYS_STAT_H 1
| #define HAVE_STDLIB_H 1
| #define HAVE_STRING_H 1
| #define HAVE_MEMORY_H 1
| #define HAVE_STRINGS_H 1
| #define HAVE_INTTYPES_H 1
| #define HAVE_STDINT_H 1
| #define HAVE_UNISTD_H 1
| #define HAVE_PTHREAD_PRIO_INHERIT 1
| #define HAVE_PTHREAD 1
| #define HAVE_STRERROR_R 1
| #define HAVE_GETPWUID_R 1
| #define HAVE_GETHOSTBYNAME_R 1
| #define HAVE_LIBM 1
| #define HAVE_LIBZ 1
| #define HAVE_SPINLOCKS 1
| #define HAVE_ATOMICS 1
| #define HAVE_CRYPT_H 1
| #define HAVE_GETOPT_H 1
| #define HAVE_IFADDRS_H 1
| #define HAVE_LANGINFO_H 1
| #define HAVE_POLL_H 1
| #define HAVE_SYS_EPOLL_H 1
| #define HAVE_SYS_IPC_H 1
| #define HAVE_SYS_PERSONALITY_H 1
| #define HAVE_SYS_PRCTL_H 1
| #define HAVE_SYS_RESOURCE_H 1
| #define HAVE_SYS_SELECT_H 1
| #define HAVE_SYS_SEM_H 1
| #define HAVE_SYS_SHM_H 1
| #define HAVE_SYS_UN_H 1
| #define HAVE_TERMIOS_H 1
| #define HAVE_UTIME_H 1
| #define HAVE_WCHAR_H 1
| #define HAVE_WCTYPE_H 1
| #define HAVE_NET_IF_H 1
| #define HAVE_NETINET_TCP_H 1
| #define PG_PRINTF_ATTRIBUTE gnu_printf
| #define FLEXIBLE_ARRAY_MEMBER /**/
| #define HAVE_FUNCNAME__FUNC 1
| #define HAVE__STATIC_ASSERT 1
| #define HAVE_TYPEOF 1
| #define HAVE__BUILTIN_TYPES_COMPATIBLE_P 1
| #define HAVE__BUILTIN_CONSTANT_P 1
| #define HAVE__BUILTIN_UNREACHABLE 1
| #define HAVE_COMPUTED_GOTO 1
| #define HAVE_STRUCT_TM_TM_ZONE 1
| #define HAVE_TM_ZONE 1
| #define HAVE_TZNAME 1
| /* end confdefs.h.  */
| #include <sys/types.h>
| #ifdef HAVE_SYS_IPC_H
| #include <sys/ipc.h>
| #endif
| #ifdef HAVE_SYS_SEM_H
| #include <sys/sem.h>
| #endif
| 
| int
| main ()
| {
| if (sizeof (union semun))
| 	 return 0;
|   ;
|   return 0;
| }
configure:14683: result: no
configure:14700: checking for struct sockaddr_un
configure:14700: gcc -c -Wall -Wmissing-prototypes -Wpointer-arith -Wdeclaration-after-statement -Werror=vla -Wendif-labels -Wmissing-format-attribute -Wformat-security -fno-strict-aliasing -fwrapv -fexcess-precision=standard -Wno-format-truncation -Wno-stringop-truncation -O2  -D_GNU_SOURCE  conftest.c >&5
configure:14700: $? = 0
configure:14700: gcc -c -Wall -Wmissing-prototypes -Wpointer-arith -Wdeclaration-after-statement -Werror=vla -Wendif-labels -Wmissing-format-attribute -Wformat-security -fno-strict-aliasing -fwrapv -fexcess-precision=standard -Wno-format-truncation -Wno-stringop-truncation -O2  -D_GNU_SOURCE  conftest.c >&5
conftest.c: In function 'main':
conftest.c:78:33: error: expected expression before ')' token
   78 | if (sizeof ((struct sockaddr_un)))
      |                                 ^
configure:14700: $? = 1
configure: failed program was:
| /* confdefs.h */
| #define PACKAGE_NAME "PostgreSQL"
| #define PACKAGE_TARNAME "postgresql"
| #define PACKAGE_VERSION "12.22"
| #define PACKAGE_STRING "PostgreSQL 12.22"
| #define PACKAGE_BUGREPORT "pgsql-bugs@lists.postgresql.org"
| #define PACKAGE_URL ""
| #define PG_MAJORVERSION "12"
| #define PG_VERSION "12.22"
| #define DEF_PGPORT 5432
| #define DEF_PGPORT_STR "5432"
| #define BLCKSZ 8192
| #define RELSEG_SIZE 131072
| #define XLOG_BLCKSZ 8192
| #define ENABLE_THREAD_SAFETY 1
| #define PG_KRB_SRVNAM "postgres"
| #define STDC_HEADERS 1
| #define HAVE_SYS_TYPES_H 1
| #define HAVE_SYS_STAT_H 1
| #define HAVE_STDLIB_H 1
| #define HAVE_STRING_H 1
| #define HAVE_MEMORY_H 1
| #define HAVE_STRINGS_H 1
| #define HAVE_INTTYPES_H 1
| #define HAVE_STDINT_H 1
| #define HAVE_UNISTD_H 1
| #define HAVE_PTHREAD_PRIO_INHERIT 1
| #define HAVE_PTHREAD 1
| #define HAVE_STRERROR_R 1
| #define HAVE_GETPWUID_R 1
| #define HAVE_GETHOSTBYNAME_R 1
| #define HAVE_LIBM 1
| #define HAVE_LIBZ 1
| #define HAVE_SPINLOCKS 1
| #define HAVE_ATOMICS 1
| #define HAVE_CRYPT_H 1
| #define HAVE_GETOPT_H 1
| #define HAVE_IFADDRS_H 1
| #define HAVE_LANGINFO_H 1
| #define HAVE_POLL_H 1
| #define HAVE_SYS_EPOLL_H 1
| #define HAVE_SYS_IPC_H 1
| #define HAVE_SYS_PERSONALITY_H 1
| #define HAVE_SYS_PRCTL_H 1
| #define HAVE_SYS_RESOURCE_H 1
| #define HAVE_SYS_SELECT_H 1
| #define HAVE_SYS_SEM_H 1
| #define HAVE_SYS_SHM_H 1
| #define HAVE_SYS_UN_H 1
| #define HAVE_TERMIOS_H 1
| #define HAVE_UTIME_H 1
| #define HAVE_WCHAR_H 1
| #define HAVE_WCTYPE_H 1
| #define HAVE_NET_IF_H 1
| #define HAVE_NETINET_TCP_H 1
| #define PG_PRINTF_ATTRIBUTE gnu_printf
| #define FLEXIBLE_ARRAY_MEMBER /**/
| #define HAVE_FUNCNAME__FUNC 1
| #define HAVE__STATIC_ASSERT 1
| #define HAVE_TYPEOF 1
| #define HAVE__BUILTIN_TYPES_COMPATIBLE_P 1
| #define HAVE__BUILTIN_CONSTANT_P 1
| #define HAVE__BUILTIN_UNREACHABLE 1
| #define HAVE_COMPUTED_GOTO 1
| #define HAVE_STRUCT_TM_TM_ZONE 1
| #define HAVE_TM_ZONE 1
| #define HAVE_TZNAME 1
| /* end confdefs.h.  */
| #include <sys/types.h>
| #ifdef HAVE_SYS_UN_H
| #include <sys/un.h>
| #endif
| 
| 
| int
| main ()
| {
| if (sizeof ((struct sockaddr_un)))
| 	    return 0;
|   ;
|   return 0;
| }
configure:14700: result: yes
configure:14712: checking for struct sockaddr_storage
configure:14712: gcc -c -Wall -Wmissing-prototypes -Wpointer-arith -Wdeclaration-after-statement -Werror=vla -Wendif-labels -Wmissing-format-attribute -Wformat-security -fno-strict-aliasing -fwrapv -fexcess-precision=standard -Wno-format-truncation -Wno-stringop-truncation -O2  -D_GNU_SOURCE  conftest.c >&5
configure:14712: $? = 0
configure:14712: gcc -c -Wall -Wmissing-prototypes -Wpointer-arith -Wdeclaration-after-statement -Werror=vla -Wendif-labels -Wmissing-format-attribute -Wformat-security -fno-strict-aliasing -fwrapv -fexcess-precision=standard -Wno-format-truncation -Wno-stringop-truncation -O2  -D_GNU_SOURCE  conftest.c >&5
conftest.c: In function 'main':
conftest.c:77:38: error: expected expression before ')' token
   77 | if (sizeof ((struct sockaddr_storage)))
      |                                      ^
configure:14712: $? = 1
configure: failed program was:
| /* confdefs.h */
| #define PACKAGE_NAME "PostgreSQL"
| #define PACKAGE_TARNAME "postgresql"
| #define PACKAGE_VERSION "12.22"
| #define PACKAGE_STRING "PostgreSQL 12.22"
| #define PACKAGE_BUGREPORT "pgsql-bugs@lists.postgresql.org"
| #define PACKAGE_URL ""
| #define PG_MAJORVERSION "12"
| #define PG_VERSION "12.22"
| #define DEF_PGPORT 5432
| #define DEF_PGPORT_STR "5432"
| #define BLCKSZ 8192
| #define RELSEG_SIZE 131072
| #define XLOG_BLCKSZ 8192
| #define ENABLE_THREAD_SAFETY 1
| #define PG_KRB_SRVNAM "postgres"
| #define STDC_HEADERS 1
| #define HAVE_SYS_TYPES_H 1
| #define HAVE_SYS_STAT_H 1
| #define HAVE_STDLIB_H 1
| #define HAVE_STRING_H 1
| #define HAVE_MEMORY_H 1
| #define HAVE_STRINGS_H 1
| #define HAVE_INTTYPES_H 1
| #define HAVE_STDINT_H 1
| #define HAVE_UNISTD_H 1
| #define HAVE_PTHREAD_PRIO_INHERIT 1
| #define HAVE_PTHREAD 1
| #define HAVE_STRERROR_R 1
| #define HAVE_GETPWUID_R 1
| #define HAVE_GETHOSTBYNAME_R 1
| #define HAVE_LIBM 1
| #define HAVE_LIBZ 1
| #define HAVE_SPINLOCKS 1
| #define HAVE_ATOMICS 1
| #define HAVE_CRYPT_H 1
| #define HAVE_GETOPT_H 1
| #define HAVE_IFADDRS_H 1
| #define HAVE_LANGINFO_H 1
| #define HAVE_POLL_H 1
| #define HAVE_SYS_EPOLL_H 1
| #define HAVE_SYS_IPC_H 1
| #define HAVE_SYS_PERSONALITY_H 1
| #define HAVE_SYS_PRCTL_H 1
| #define HAVE_SYS_RESOURCE_H 1
| #define HAVE_SYS_SELECT_H 1
| #define HAVE_SYS_SEM_H 1
| #define HAVE_SYS_SHM_H 1
| #define HAVE_SYS_UN_H 1
| #define HAVE_TERMIOS_H 1
| #define HAVE_UTIME_H 1
| #define HAVE_WCHAR_H 1
| #define HAVE_WCTYPE_H 1
| #define HAVE_NET_IF_H 1
| #define HAVE_NETINET_TCP_H 1
| #define PG_PRINTF_ATTRIBUTE gnu_printf
| #define FLEXIBLE_ARRAY_MEMBER /**/
| #define HAVE_FUNCNAME__FUNC 1
| #define HAVE__STATIC_ASSERT 1
| #define HAVE_TYPEOF 1
| #define HAVE__BUILTIN_TYPES_COMPATIBLE_P 1
| #define HAVE__BUILTIN_CONSTANT_P 1
| #define HAVE__BUILTIN_UNREACHABLE 1
| #define HAVE_COMPUTED_GOTO 1
| #define HAVE_STRUCT_TM_TM_ZONE 1
| #define HAVE_TM_ZONE 1
| #define HAVE_TZNAME 1
| #define HAVE_UNIX_SOCKETS 1
| /* end confdefs.h.  */
| #include <sys/types.h>
| #include <sys/socket.h>
| 
| 
| int
| main ()
| {
| if (sizeof ((struct sockaddr_storage)))
| 	    return 0;
|   ;
|   return 0;
| }
configure:14712: result: yes
configure:14725: checking for struct sockaddr_storage.ss_family
configure:14725: gcc -c -Wall -Wmissing-prototypes -Wpointer-arith -Wdeclaration-after-statement -Werror=vla -Wendif-labels -Wmissing-format-attribute -Wformat-security -fno-strict-aliasing -fwrapv -fexcess-precision=standard -Wno-format-truncation -Wno-stringop-truncation -O2  -D_GNU_SOURCE  conftest.c >&5
configure:14725: $? = 0
configure:14725: result: yes
configure:14737: checking for struct sockaddr_storage.__ss_family
configure:14737: gcc -c -Wall -Wmissing-prototypes -Wpointer-arith -Wdeclaration-after-statement -Werror=vla -Wendif-labels -Wmissing-format-attribute -Wformat-security -fno-strict-aliasing -fwrapv -fexcess-precision=standard -Wno-format-truncation -Wno-stringop-truncation -O2  -D_GNU_SOURCE  conftest.c >&5
conftest.c: In function 'main':
conftest.c:80:13: error: 'struct sockaddr_storage' has no member named '__ss_family'; did you mean 'ss_family'?
   80 | if (ac_aggr.__ss_family)
      |             ^~~~~~~~~~~
      |             ss_family
conftest.c:79:32: warning: variable 'ac_aggr' set but not used [-Wunused-but-set-variable]
   79 | static struct sockaddr_storage ac_aggr;
      |                                ^~~~~~~
configure:14737: $? = 1
configure: failed program was:
| /* confdefs.h */
| #define PACKAGE_NAME "PostgreSQL"
| #define PACKAGE_TARNAME "postgresql"
| #define PACKAGE_VERSION "12.22"
| #define PACKAGE_STRING "PostgreSQL 12.22"
| #define PACKAGE_BUGREPORT "pgsql-bugs@lists.postgresql.org"
| #define PACKAGE_URL ""
| #define PG_MAJORVERSION "12"
| #define PG_VERSION "12.22"
| #define DEF_PGPORT 5432
| #define DEF_PGPORT_STR "5432"
| #define BLCKSZ 8192
| #define RELSEG_SIZE 131072
| #define XLOG_BLCKSZ 8192
| #define ENABLE_THREAD_SAFETY 1
| #define PG_KRB_SRVNAM "postgres"
| #define STDC_HEADERS 1
| #define HAVE_SYS_TYPES_H 1
| #define HAVE_SYS_STAT_H 1
| #define HAVE_STDLIB_H 1
| #define HAVE_STRING_H 1
| #define HAVE_MEMORY_H 1
| #define HAVE_STRINGS_H 1
| #define HAVE_INTTYPES_H 1
| #define HAVE_STDINT_H 1
| #define HAVE_UNISTD_H 1
| #define HAVE_PTHREAD_PRIO_INHERIT 1
| #define HAVE_PTHREAD 1
| #define HAVE_STRERROR_R 1
| #define HAVE_GETPWUID_R 1
| #define HAVE_GETHOSTBYNAME_R 1
| #define HAVE_LIBM 1
| #define HAVE_LIBZ 1
| #define HAVE_SPINLOCKS 1
| #define HAVE_ATOMICS 1
| #define HAVE_CRYPT_H 1
| #define HAVE_GETOPT_H 1
| #define HAVE_IFADDRS_H 1
| #define HAVE_LANGINFO_H 1
| #define HAVE_POLL_H 1
| #define HAVE_SYS_EPOLL_H 1
| #define HAVE_SYS_IPC_H 1
| #define HAVE_SYS_PERSONALITY_H 1
| #define HAVE_SYS_PRCTL_H 1
| #define HAVE_SYS_RESOURCE_H 1
| #define HAVE_SYS_SELECT_H 1
| #define HAVE_SYS_SEM_H 1
| #define HAVE_SYS_SHM_H 1
| #define HAVE_SYS_UN_H 1
| #define HAVE_TERMIOS_H 1
| #define HAVE_UTIME_H 1
| #define HAVE_WCHAR_H 1
| #define HAVE_WCTYPE_H 1
| #define HAVE_NET_IF_H 1
| #define HAVE_NETINET_TCP_H 1
| #define PG_PRINTF_ATTRIBUTE gnu_printf
| #define FLEXIBLE_ARRAY_MEMBER /**/
| #define HAVE_FUNCNAME__FUNC 1
| #define HAVE__STATIC_ASSERT 1
| #define HAVE_TYPEOF 1
| #define HAVE__BUILTIN_TYPES_COMPATIBLE_P 1
| #define HAVE__BUILTIN_CONSTANT_P 1
| #define HAVE__BUILTIN_UNREACHABLE 1
| #define HAVE_COMPUTED_GOTO 1
| #define HAVE_STRUCT_TM_TM_ZONE 1
| #define HAVE_TM_ZONE 1
| #define HAVE_TZNAME 1
| #define HAVE_UNIX_SOCKETS 1
| #define HAVE_STRUCT_SOCKADDR_STORAGE 1
| #define HAVE_STRUCT_SOCKADDR_STORAGE_SS_FAMILY 1
| /* end confdefs.h.  */
| #include <sys/types.h>
| #include <sys/socket.h>
| 
| 
| int
| main ()
| {
| static struct sockaddr_storage ac_aggr;
| if (ac_aggr.__ss_family)
| return 0;
|   ;
|   return 0;
| }
configure:14737: gcc -c -Wall -Wmissing-prototypes -Wpointer-arith -Wdeclaration-after-statement -Werror=vla -Wendif-labels -Wmissing-format-attribute -Wformat-security -fno-strict-aliasing -fwrapv -fexcess-precision=standard -Wno-format-truncation -Wno-stringop-truncation -O2  -D_GNU_SOURCE  conftest.c >&5
conftest.c: In function 'main':
conftest.c:80:20: error: 'struct sockaddr_storage' has no member named '__ss_family'; did you mean 'ss_family'?
   80 | if (sizeof ac_aggr.__ss_family)
      |                    ^~~~~~~~~~~
      |                    ss_family
conftest.c:79:32: warning: variable 'ac_aggr' set but not used [-Wunused-but-set-variable]
   79 | static struct sockaddr_storage ac_aggr;
      |                                ^~~~~~~
configure:14737: $? = 1
configure: failed program was:
| /* confdefs.h */
| #define PACKAGE_NAME "PostgreSQL"
| #define PACKAGE_TARNAME "postgresql"
| #define PACKAGE_VERSION "12.22"
| #define PACKAGE_STRING "PostgreSQL 12.22"
| #define PACKAGE_BUGREPORT "pgsql-bugs@lists.postgresql.org"
| #define PACKAGE_URL ""
| #define PG_MAJORVERSION "12"
| #define PG_VERSION "12.22"
| #define DEF_PGPORT 5432
| #define DEF_PGPORT_STR "5432"
| #define BLCKSZ 8192
| #define RELSEG_SIZE 131072
| #define XLOG_BLCKSZ 8192
| #define ENABLE_THREAD_SAFETY 1
| #define PG_KRB_SRVNAM "postgres"
| #define STDC_HEADERS 1
| #define HAVE_SYS_TYPES_H 1
| #define HAVE_SYS_STAT_H 1
| #define HAVE_STDLIB_H 1
| #define HAVE_STRING_H 1
| #define HAVE_MEMORY_H 1
| #define HAVE_STRINGS_H 1
| #define HAVE_INTTYPES_H 1
| #define HAVE_STDINT_H 1
| #define HAVE_UNISTD_H 1
| #define HAVE_PTHREAD_PRIO_INHERIT 1
| #define HAVE_PTHREAD 1
| #define HAVE_STRERROR_R 1
| #define HAVE_GETPWUID_R 1
| #define HAVE_GETHOSTBYNAME_R 1
| #define HAVE_LIBM 1
| #define HAVE_LIBZ 1
| #define HAVE_SPINLOCKS 1
| #define HAVE_ATOMICS 1
| #define HAVE_CRYPT_H 1
| #define HAVE_GETOPT_H 1
| #define HAVE_IFADDRS_H 1
| #define HAVE_LANGINFO_H 1
| #define HAVE_POLL_H 1
| #define HAVE_SYS_EPOLL_H 1
| #define HAVE_SYS_IPC_H 1
| #define HAVE_SYS_PERSONALITY_H 1
| #define HAVE_SYS_PRCTL_H 1
| #define HAVE_SYS_RESOURCE_H 1
| #define HAVE_SYS_SELECT_H 1
| #define HAVE_SYS_SEM_H 1
| #define HAVE_SYS_SHM_H 1
| #define HAVE_SYS_UN_H 1
| #define HAVE_TERMIOS_H 1
| #define HAVE_UTIME_H 1
| #define HAVE_WCHAR_H 1
| #define HAVE_WCTYPE_H 1
| #define HAVE_NET_IF_H 1
| #define HAVE_NETINET_TCP_H 1
| #define PG_PRINTF_ATTRIBUTE gnu_printf
| #define FLEXIBLE_ARRAY_MEMBER /**/
| #define HAVE_FUNCNAME__FUNC 1
| #define HAVE__STATIC_ASSERT 1
| #define HAVE_TYPEOF 1
| #define HAVE__BUILTIN_TYPES_COMPATIBLE_P 1
| #define HAVE__BUILTIN_CONSTANT_P 1
| #define HAVE__BUILTIN_UNREACHABLE 1
| #define HAVE_COMPUTED_GOTO 1
| #define HAVE_STRUCT_TM_TM_ZONE 1
| #define HAVE_TM_ZONE 1
| #define HAVE_TZNAME 1
| #define HAVE_UNIX_SOCKETS 1
| #define HAVE_STRUCT_SOCKADDR_STORAGE 1
| #define HAVE_STRUCT_SOCKADDR_STORAGE_SS_FAMILY 1
| /* end confdefs.h.  */
| #include <sys/types.h>
| #include <sys/socket.h>
| 
| 
| int
| main ()
| {
| static struct sockaddr_storage ac_aggr;
| if (sizeof ac_aggr.__ss_family)
| return 0;
|   ;
|   return 0;
| }
configure:14737: result: no
configure:14749: checking for struct sockaddr_storage.ss_len
configure:14749: gcc -c -Wall -Wmissing-prototypes -Wpointer-arith -Wdeclaration-after-statement -Werror=vla -Wendif-labels -Wmissing-format-attribute -Wformat-security -fno-strict-aliasing -fwrapv -fexcess-precision=standard -Wno-format-truncation -Wno-stringop-truncation -O2  -D_GNU_SOURCE  conftest.c >&5
conftest.c: In function 'main':
conftest.c:80:12: error: 'struct sockaddr_storage' has no member named 'ss_len'
   80 | if (ac_aggr.ss_len)
      |            ^
conftest.c:79:32: warning: variable 'ac_aggr' set but not used [-Wunused-but-set-variable]
   79 | static struct sockaddr_storage ac_aggr;
      |                                ^~~~~~~
configure:14749: $? = 1
configure: failed program was:
| /* confdefs.h */
| #define PACKAGE_NAME "PostgreSQL"
| #define PACKAGE_TARNAME "postgresql"
| #define PACKAGE_VERSION "12.22"
| #define PACKAGE_STRING "PostgreSQL 12.22"
| #define PACKAGE_BUGREPORT "pgsql-bugs@lists.postgresql.org"
| #define PACKAGE_URL ""
| #define PG_MAJORVERSION "12"
| #define PG_VERSION "12.22"
| #define DEF_PGPORT 5432
| #define DEF_PGPORT_STR "5432"
| #define BLCKSZ 8192
| #define RELSEG_SIZE 131072
| #define XLOG_BLCKSZ 8192
| #define ENABLE_THREAD_SAFETY 1
| #define PG_KRB_SRVNAM "postgres"
| #define STDC_HEADERS 1
| #define HAVE_SYS_TYPES_H 1
| #define HAVE_SYS_STAT_H 1
| #define HAVE_STDLIB_H 1
| #define HAVE_STRING_H 1
| #define HAVE_MEMORY_H 1
| #define HAVE_STRINGS_H 1
| #define HAVE_INTTYPES_H 1
| #define HAVE_STDINT_H 1
| #define HAVE_UNISTD_H 1
| #define HAVE_PTHREAD_PRIO_INHERIT 1
| #define HAVE_PTHREAD 1
| #define HAVE_STRERROR_R 1
| #define HAVE_GETPWUID_R 1
| #define HAVE_GETHOSTBYNAME_R 1
| #define HAVE_LIBM 1
| #define HAVE_LIBZ 1
| #define HAVE_SPINLOCKS 1
| #define HAVE_ATOMICS 1
| #define HAVE_CRYPT_H 1
| #define HAVE_GETOPT_H 1
| #define HAVE_IFADDRS_H 1
| #define HAVE_LANGINFO_H 1
| #define HAVE_POLL_H 1
| #define HAVE_SYS_EPOLL_H 1
| #define HAVE_SYS_IPC_H 1
| #define HAVE_SYS_PERSONALITY_H 1
| #define HAVE_SYS_PRCTL_H 1
| #define HAVE_SYS_RESOURCE_H 1
| #define HAVE_SYS_SELECT_H 1
| #define HAVE_SYS_SEM_H 1
| #define HAVE_SYS_SHM_H 1
| #define HAVE_SYS_UN_H 1
| #define HAVE_TERMIOS_H 1
| #define HAVE_UTIME_H 1
| #define HAVE_WCHAR_H 1
| #define HAVE_WCTYPE_H 1
| #define HAVE_NET_IF_H 1
| #define HAVE_NETINET_TCP_H 1
| #define PG_PRINTF_ATTRIBUTE gnu_printf
| #define FLEXIBLE_ARRAY_MEMBER /**/
| #define HAVE_FUNCNAME__FUNC 1
| #define HAVE__STATIC_ASSERT 1
| #define HAVE_TYPEOF 1
| #define HAVE__BUILTIN_TYPES_COMPATIBLE_P 1
| #define HAVE__BUILTIN_CONSTANT_P 1
| #define HAVE__BUILTIN_UNREACHABLE 1
| #define HAVE_COMPUTED_GOTO 1
| #define HAVE_STRUCT_TM_TM_ZONE 1
| #define HAVE_TM_ZONE 1
| #define HAVE_TZNAME 1
| #define HAVE_UNIX_SOCKETS 1
| #define HAVE_STRUCT_SOCKADDR_STORAGE 1
| #define HAVE_STRUCT_SOCKADDR_STORAGE_SS_FAMILY 1
| /* end confdefs.h.  */
| #include <sys/types.h>
| #include <sys/socket.h>
| 
| 
| int
| main ()
| {
| static struct sockaddr_storage ac_aggr;
| if (ac_aggr.ss_len)
| return 0;
|   ;
|   return 0;
| }
configure:14749: gcc -c -Wall -Wmissing-prototypes -Wpointer-arith -Wdeclaration-after-statement -Werror=vla -Wendif-labels -Wmissing-format-attribute -Wformat-security -fno-strict-aliasing -fwrapv -fexcess-precision=standard -Wno-format-truncation -Wno-stringop-truncation -O2  -D_GNU_SOURCE  conftest.c >&5
conftest.c: In function 'main':
conftest.c:80:19: error: 'struct sockaddr_storage' has no member named 'ss_len'
   80 | if (sizeof ac_aggr.ss_len)
      |                   ^
conftest.c:79:32: warning: variable 'ac_aggr' set but not used [-Wunused-but-set-variable]
   79 | static struct sockaddr_storage ac_aggr;
      |                                ^~~~~~~
configure:14749: $? = 1
configure: failed program was:
| /* confdefs.h */
| #define PACKAGE_NAME "PostgreSQL"
| #define PACKAGE_TARNAME "postgresql"
| #define PACKAGE_VERSION "12.22"
| #define PACKAGE_STRING "PostgreSQL 12.22"
| #define PACKAGE_BUGREPORT "pgsql-bugs@lists.postgresql.org"
| #define PACKAGE_URL ""
| #define PG_MAJORVERSION "12"
| #define PG_VERSION "12.22"
| #define DEF_PGPORT 5432
| #define DEF_PGPORT_STR "5432"
| #define BLCKSZ 8192
| #define RELSEG_SIZE 131072
| #define XLOG_BLCKSZ 8192
| #define ENABLE_THREAD_SAFETY 1
| #define PG_KRB_SRVNAM "postgres"
| #define STDC_HEADERS 1
| #define HAVE_SYS_TYPES_H 1
| #define HAVE_SYS_STAT_H 1
| #define HAVE_STDLIB_H 1
| #define HAVE_STRING_H 1
| #define HAVE_MEMORY_H 1
| #define HAVE_STRINGS_H 1
| #define HAVE_INTTYPES_H 1
| #define HAVE_STDINT_H 1
| #define HAVE_UNISTD_H 1
| #define HAVE_PTHREAD_PRIO_INHERIT 1
| #define HAVE_PTHREAD 1
| #define HAVE_STRERROR_R 1
| #define HAVE_GETPWUID_R 1
| #define HAVE_GETHOSTBYNAME_R 1
| #define HAVE_LIBM 1
| #define HAVE_LIBZ 1
| #define HAVE_SPINLOCKS 1
| #define HAVE_ATOMICS 1
| #define HAVE_CRYPT_H 1
| #define HAVE_GETOPT_H 1
| #define HAVE_IFADDRS_H 1
| #define HAVE_LANGINFO_H 1
| #define HAVE_POLL_H 1
| #define HAVE_SYS_EPOLL_H 1
| #define HAVE_SYS_IPC_H 1
| #define HAVE_SYS_PERSONALITY_H 1
| #define HAVE_SYS_PRCTL_H 1
| #define HAVE_SYS_RESOURCE_H 1
| #define HAVE_SYS_SELECT_H 1
| #define HAVE_SYS_SEM_H 1
| #define HAVE_SYS_SHM_H 1
| #define HAVE_SYS_UN_H 1
| #define HAVE_TERMIOS_H 1
| #define HAVE_UTIME_H 1
| #define HAVE_WCHAR_H 1
| #define HAVE_WCTYPE_H 1
| #define HAVE_NET_IF_H 1
| #define HAVE_NETINET_TCP_H 1
| #define PG_PRINTF_ATTRIBUTE gnu_printf
| #define FLEXIBLE_ARRAY_MEMBER /**/
| #define HAVE_FUNCNAME__FUNC 1
| #define HAVE__STATIC_ASSERT 1
| #define HAVE_TYPEOF 1
| #define HAVE__BUILTIN_TYPES_COMPATIBLE_P 1
| #define HAVE__BUILTIN_CONSTANT_P 1
| #define HAVE__BUILTIN_UNREACHABLE 1
| #define HAVE_COMPUTED_GOTO 1
| #define HAVE_STRUCT_TM_TM_ZONE 1
| #define HAVE_TM_ZONE 1
| #define HAVE_TZNAME 1
| #define HAVE_UNIX_SOCKETS 1
| #define HAVE_STRUCT_SOCKADDR_STORAGE 1
| #define HAVE_STRUCT_SOCKADDR_STORAGE_SS_FAMILY 1
| /* end confdefs.h.  */
| #include <sys/types.h>
| #include <sys/socket.h>
| 
| 
| int
| main ()
| {
| static struct sockaddr_storage ac_aggr;
| if (sizeof ac_aggr.ss_len)
| return 0;
|   ;
|   return 0;
| }
configure:14749: result: no
configure:14761: checking for struct sockaddr_storage.__ss_len
configure:14761: gcc -c -Wall -Wmissing-prototypes -Wpointer-arith -Wdeclaration-after-statement -Werror=vla -Wendif-labels -Wmissing-format-attribute -Wformat-security -fno-strict-aliasing -fwrapv -fexcess-precision=standard -Wno-format-truncation -Wno-stringop-truncation -O2  -D_GNU_SOURCE  conftest.c >&5
conftest.c: In function 'main':
conftest.c:80:13: error: 'struct sockaddr_storage' has no member named '__ss_len'; did you mean '__ss_align'?
   80 | if (ac_aggr.__ss_len)
      |             ^~~~~~~~
      |             __ss_align
conftest.c:79:32: warning: variable 'ac_aggr' set but not used [-Wunused-but-set-variable]
   79 | static struct sockaddr_storage ac_aggr;
      |                                ^~~~~~~
configure:14761: $? = 1
configure: failed program was:
| /* confdefs.h */
| #define PACKAGE_NAME "PostgreSQL"
| #define PACKAGE_TARNAME "postgresql"
| #define PACKAGE_VERSION "12.22"
| #define PACKAGE_STRING "PostgreSQL 12.22"
| #define PACKAGE_BUGREPORT "pgsql-bugs@lists.postgresql.org"
| #define PACKAGE_URL ""
| #define PG_MAJORVERSION "12"
| #define PG_VERSION "12.22"
| #define DEF_PGPORT 5432
| #define DEF_PGPORT_STR "5432"
| #define BLCKSZ 8192
| #define RELSEG_SIZE 131072
| #define XLOG_BLCKSZ 8192
| #define ENABLE_THREAD_SAFETY 1
| #define PG_KRB_SRVNAM "postgres"
| #define STDC_HEADERS 1
| #define HAVE_SYS_TYPES_H 1
| #define HAVE_SYS_STAT_H 1
| #define HAVE_STDLIB_H 1
| #define HAVE_STRING_H 1
| #define HAVE_MEMORY_H 1
| #define HAVE_STRINGS_H 1
| #define HAVE_INTTYPES_H 1
| #define HAVE_STDINT_H 1
| #define HAVE_UNISTD_H 1
| #define HAVE_PTHREAD_PRIO_INHERIT 1
| #define HAVE_PTHREAD 1
| #define HAVE_STRERROR_R 1
| #define HAVE_GETPWUID_R 1
| #define HAVE_GETHOSTBYNAME_R 1
| #define HAVE_LIBM 1
| #define HAVE_LIBZ 1
| #define HAVE_SPINLOCKS 1
| #define HAVE_ATOMICS 1
| #define HAVE_CRYPT_H 1
| #define HAVE_GETOPT_H 1
| #define HAVE_IFADDRS_H 1
| #define HAVE_LANGINFO_H 1
| #define HAVE_POLL_H 1
| #define HAVE_SYS_EPOLL_H 1
| #define HAVE_SYS_IPC_H 1
| #define HAVE_SYS_PERSONALITY_H 1
| #define HAVE_SYS_PRCTL_H 1
| #define HAVE_SYS_RESOURCE_H 1
| #define HAVE_SYS_SELECT_H 1
| #define HAVE_SYS_SEM_H 1
| #define HAVE_SYS_SHM_H 1
| #define HAVE_SYS_UN_H 1
| #define HAVE_TERMIOS_H 1
| #define HAVE_UTIME_H 1
| #define HAVE_WCHAR_H 1
| #define HAVE_WCTYPE_H 1
| #define HAVE_NET_IF_H 1
| #define HAVE_NETINET_TCP_H 1
| #define PG_PRINTF_ATTRIBUTE gnu_printf
| #define FLEXIBLE_ARRAY_MEMBER /**/
| #define HAVE_FUNCNAME__FUNC 1
| #define HAVE__STATIC_ASSERT 1
| #define HAVE_TYPEOF 1
| #define HAVE__BUILTIN_TYPES_COMPATIBLE_P 1
| #define HAVE__BUILTIN_CONSTANT_P 1
| #define HAVE__BUILTIN_UNREACHABLE 1
| #define HAVE_COMPUTED_GOTO 1
| #define HAVE_STRUCT_TM_TM_ZONE 1
| #define HAVE_TM_ZONE 1
| #define HAVE_TZNAME 1
| #define HAVE_UNIX_SOCKETS 1
| #define HAVE_STRUCT_SOCKADDR_STORAGE 1
| #define HAVE_STRUCT_SOCKADDR_STORAGE_SS_FAMILY 1
| /* end confdefs.h.  */
| #include <sys/types.h>
| #include <sys/socket.h>
| 
| 
| int
| main ()
| {
| static struct sockaddr_storage ac_aggr;
| if (ac_aggr.__ss_len)
| return 0;
|   ;
|   return 0;
| }
configure:14761: gcc -c -Wall -Wmissing-prototypes -Wpointer-arith -Wdeclaration-after-statement -Werror=vla -Wendif-labels -Wmissing-format-attribute -Wformat-security -fno-strict-aliasing -fwrapv -fexcess-precision=standard -Wno-format-truncation -Wno-stringop-truncation -O2  -D_GNU_SOURCE  conftest.c >&5
conftest.c: In function 'main':
conftest.c:80:20: error: 'struct sockaddr_storage' has no member named '__ss_len'; did you mean '__ss_align'?
   80 | if (sizeof ac_aggr.__ss_len)
      |                    ^~~~~~~~
      |                    __ss_align
conftest.c:79:32: warning: variable 'ac_aggr' set but not used [-Wunused-but-set-variable]
   79 | static struct sockaddr_storage ac_aggr;
      |                                ^~~~~~~
configure:14761: $? = 1
configure: failed program was:
| /* confdefs.h */
| #define PACKAGE_NAME "PostgreSQL"
| #define PACKAGE_TARNAME "postgresql"
| #define PACKAGE_VERSION "12.22"
| #define PACKAGE_STRING "PostgreSQL 12.22"
| #define PACKAGE_BUGREPORT "pgsql-bugs@lists.postgresql.org"
| #define PACKAGE_URL ""
| #define PG_MAJORVERSION "12"
| #define PG_VERSION "12.22"
| #define DEF_PGPORT 5432
| #define DEF_PGPORT_STR "5432"
| #define BLCKSZ 8192
| #define RELSEG_SIZE 131072
| #define XLOG_BLCKSZ 8192
| #define ENABLE_THREAD_SAFETY 1
| #define PG_KRB_SRVNAM "postgres"
| #define STDC_HEADERS 1
| #define HAVE_SYS_TYPES_H 1
| #define HAVE_SYS_STAT_H 1
| #define HAVE_STDLIB_H 1
| #define HAVE_STRING_H 1
| #define HAVE_MEMORY_H 1
| #define HAVE_STRINGS_H 1
| #define HAVE_INTTYPES_H 1
| #define HAVE_STDINT_H 1
| #define HAVE_UNISTD_H 1
| #define HAVE_PTHREAD_PRIO_INHERIT 1
| #define HAVE_PTHREAD 1
| #define HAVE_STRERROR_R 1
| #define HAVE_GETPWUID_R 1
| #define HAVE_GETHOSTBYNAME_R 1
| #define HAVE_LIBM 1
| #define HAVE_LIBZ 1
| #define HAVE_SPINLOCKS 1
| #define HAVE_ATOMICS 1
| #define HAVE_CRYPT_H 1
| #define HAVE_GETOPT_H 1
| #define HAVE_IFADDRS_H 1
| #define HAVE_LANGINFO_H 1
| #define HAVE_POLL_H 1
| #define HAVE_SYS_EPOLL_H 1
| #define HAVE_SYS_IPC_H 1
| #define HAVE_SYS_PERSONALITY_H 1
| #define HAVE_SYS_PRCTL_H 1
| #define HAVE_SYS_RESOURCE_H 1
| #define HAVE_SYS_SELECT_H 1
| #define HAVE_SYS_SEM_H 1
| #define HAVE_SYS_SHM_H 1
| #define HAVE_SYS_UN_H 1
| #define HAVE_TERMIOS_H 1
| #define HAVE_UTIME_H 1
| #define HAVE_WCHAR_H 1
| #define HAVE_WCTYPE_H 1
| #define HAVE_NET_IF_H 1
| #define HAVE_NETINET_TCP_H 1
| #define PG_PRINTF_ATTRIBUTE gnu_printf
| #define FLEXIBLE_ARRAY_MEMBER /**/
| #define HAVE_FUNCNAME__FUNC 1
| #define HAVE__STATIC_ASSERT 1
| #define HAVE_TYPEOF 1
| #define HAVE__BUILTIN_TYPES_COMPATIBLE_P 1
| #define HAVE__BUILTIN_CONSTANT_P 1
| #define HAVE__BUILTIN_UNREACHABLE 1
| #define HAVE_COMPUTED_GOTO 1
| #define HAVE_STRUCT_TM_TM_ZONE 1
| #define HAVE_TM_ZONE 1
| #define HAVE_TZNAME 1
| #define HAVE_UNIX_SOCKETS 1
| #define HAVE_STRUCT_SOCKADDR_STORAGE 1
| #define HAVE_STRUCT_SOCKADDR_STORAGE_SS_FAMILY 1
| /* end confdefs.h.  */
| #include <sys/types.h>
| #include <sys/socket.h>
| 
| 
| int
| main ()
| {
| static struct sockaddr_storage ac_aggr;
| if (sizeof ac_aggr.__ss_len)
| return 0;
|   ;
|   return 0;
| }
configure:14761: result: no
configure:14773: checking for struct sockaddr.sa_len
configure:14773: gcc -c -Wall -Wmissing-prototypes -Wpointer-arith -Wdeclaration-after-statement -Werror=vla -Wendif-labels -Wmissing-format-attribute -Wformat-security -fno-strict-aliasing -fwrapv -fexcess-precision=standard -Wno-format-truncation -Wno-stringop-truncation -O2  -D_GNU_SOURCE  conftest.c >&5
conftest.c: In function 'main':
conftest.c:80:12: error: 'struct sockaddr' has no member named 'sa_len'
   80 | if (ac_aggr.sa_len)
      |            ^
conftest.c:79:24: warning: variable 'ac_aggr' set but not used [-Wunused-but-set-variable]
   79 | static struct sockaddr ac_aggr;
      |                        ^~~~~~~
configure:14773: $? = 1
configure: failed program was:
| /* confdefs.h */
| #define PACKAGE_NAME "PostgreSQL"
| #define PACKAGE_TARNAME "postgresql"
| #define PACKAGE_VERSION "12.22"
| #define PACKAGE_STRING "PostgreSQL 12.22"
| #define PACKAGE_BUGREPORT "pgsql-bugs@lists.postgresql.org"
| #define PACKAGE_URL ""
| #define PG_MAJORVERSION "12"
| #define PG_VERSION "12.22"
| #define DEF_PGPORT 5432
| #define DEF_PGPORT_STR "5432"
| #define BLCKSZ 8192
| #define RELSEG_SIZE 131072
| #define XLOG_BLCKSZ 8192
| #define ENABLE_THREAD_SAFETY 1
| #define PG_KRB_SRVNAM "postgres"
| #define STDC_HEADERS 1
| #define HAVE_SYS_TYPES_H 1
| #define HAVE_SYS_STAT_H 1
| #define HAVE_STDLIB_H 1
| #define HAVE_STRING_H 1
| #define HAVE_MEMORY_H 1
| #define HAVE_STRINGS_H 1
| #define HAVE_INTTYPES_H 1
| #define HAVE_STDINT_H 1
| #define HAVE_UNISTD_H 1
| #define HAVE_PTHREAD_PRIO_INHERIT 1
| #define HAVE_PTHREAD 1
| #define HAVE_STRERROR_R 1
| #define HAVE_GETPWUID_R 1
| #define HAVE_GETHOSTBYNAME_R 1
| #define HAVE_LIBM 1
| #define HAVE_LIBZ 1
| #define HAVE_SPINLOCKS 1
| #define HAVE_ATOMICS 1
| #define HAVE_CRYPT_H 1
| #define HAVE_GETOPT_H 1
| #define HAVE_IFADDRS_H 1
| #define HAVE_LANGINFO_H 1
| #define HAVE_POLL_H 1
| #define HAVE_SYS_EPOLL_H 1
| #define HAVE_SYS_IPC_H 1
| #define HAVE_SYS_PERSONALITY_H 1
| #define HAVE_SYS_PRCTL_H 1
| #define HAVE_SYS_RESOURCE_H 1
| #define HAVE_SYS_SELECT_H 1
| #define HAVE_SYS_SEM_H 1
| #define HAVE_SYS_SHM_H 1
| #define HAVE_SYS_UN_H 1
| #define HAVE_TERMIOS_H 1
| #define HAVE_UTIME_H 1
| #define HAVE_WCHAR_H 1
| #define HAVE_WCTYPE_H 1
| #define HAVE_NET_IF_H 1
| #define HAVE_NETINET_TCP_H 1
| #define PG_PRINTF_ATTRIBUTE gnu_printf
| #define FLEXIBLE_ARRAY_MEMBER /**/
| #define HAVE_FUNCNAME__FUNC 1
| #define HAVE__STATIC_ASSERT 1
| #define HAVE_TYPEOF 1
| #define HAVE__BUILTIN_TYPES_COMPATIBLE_P 1
| #define HAVE__BUILTIN_CONSTANT_P 1
| #define HAVE__BUILTIN_UNREACHABLE 1
| #define HAVE_COMPUTED_GOTO 1
| #define HAVE_STRUCT_TM_TM_ZONE 1
| #define HAVE_TM_ZONE 1
| #define HAVE_TZNAME 1
| #define HAVE_UNIX_SOCKETS 1
| #define HAVE_STRUCT_SOCKADDR_STORAGE 1
| #define HAVE_STRUCT_SOCKADDR_STORAGE_SS_FAMILY 1
| /* end confdefs.h.  */
| #include <sys/types.h>
| #include <sys/socket.h>
| 
| 
| int
| main ()
| {
| static struct sockaddr ac_aggr;
| if (ac_aggr.sa_len)
| return 0;
|   ;
|   return 0;
| }
configure:14773: gcc -c -Wall -Wmissing-prototypes -Wpointer-arith -Wdeclaration-after-statement -Werror=vla -Wendif-labels -Wmissing-format-attribute -Wformat-security -fno-strict-aliasing -fwrapv -fexcess-precision=standard -Wno-format-truncation -Wno-stringop-truncation -O2  -D_GNU_SOURCE  conftest.c >&5
conftest.c: In function 'main':
conftest.c:80:19: error: 'struct sockaddr' has no member named 'sa_len'
   80 | if (sizeof ac_aggr.sa_len)
      |                   ^
conftest.c:79:24: warning: variable 'ac_aggr' set but not used [-Wunused-but-set-variable]
   79 | static struct sockaddr ac_aggr;
      |                        ^~~~~~~
configure:14773: $? = 1
configure: failed program was:
| /* confdefs.h */
| #define PACKAGE_NAME "PostgreSQL"
| #define PACKAGE_TARNAME "postgresql"
| #define PACKAGE_VERSION "12.22"
| #define PACKAGE_STRING "PostgreSQL 12.22"
| #define PACKAGE_BUGREPORT "pgsql-bugs@lists.postgresql.org"
| #define PACKAGE_URL ""
| #define PG_MAJORVERSION "12"
| #define PG_VERSION "12.22"
| #define DEF_PGPORT 5432
| #define DEF_PGPORT_STR "5432"
| #define BLCKSZ 8192
| #define RELSEG_SIZE 131072
| #define XLOG_BLCKSZ 8192
| #define ENABLE_THREAD_SAFETY 1
| #define PG_KRB_SRVNAM "postgres"
| #define STDC_HEADERS 1
| #define HAVE_SYS_TYPES_H 1
| #define HAVE_SYS_STAT_H 1
| #define HAVE_STDLIB_H 1
| #define HAVE_STRING_H 1
| #define HAVE_MEMORY_H 1
| #define HAVE_STRINGS_H 1
| #define HAVE_INTTYPES_H 1
| #define HAVE_STDINT_H 1
| #define HAVE_UNISTD_H 1
| #define HAVE_PTHREAD_PRIO_INHERIT 1
| #define HAVE_PTHREAD 1
| #define HAVE_STRERROR_R 1
| #define HAVE_GETPWUID_R 1
| #define HAVE_GETHOSTBYNAME_R 1
| #define HAVE_LIBM 1
| #define HAVE_LIBZ 1
| #define HAVE_SPINLOCKS 1
| #define HAVE_ATOMICS 1
| #define HAVE_CRYPT_H 1
| #define HAVE_GETOPT_H 1
| #define HAVE_IFADDRS_H 1
| #define HAVE_LANGINFO_H 1
| #define HAVE_POLL_H 1
| #define HAVE_SYS_EPOLL_H 1
| #define HAVE_SYS_IPC_H 1
| #define HAVE_SYS_PERSONALITY_H 1
| #define HAVE_SYS_PRCTL_H 1
| #define HAVE_SYS_RESOURCE_H 1
| #define HAVE_SYS_SELECT_H 1
| #define HAVE_SYS_SEM_H 1
| #define HAVE_SYS_SHM_H 1
| #define HAVE_SYS_UN_H 1
| #define HAVE_TERMIOS_H 1
| #define HAVE_UTIME_H 1
| #define HAVE_WCHAR_H 1
| #define HAVE_WCTYPE_H 1
| #define HAVE_NET_IF_H 1
| #define HAVE_NETINET_TCP_H 1
| #define PG_PRINTF_ATTRIBUTE gnu_printf
| #define FLEXIBLE_ARRAY_MEMBER /**/
| #define HAVE_FUNCNAME__FUNC 1
| #define HAVE__STATIC_ASSERT 1
| #define HAVE_TYPEOF 1
| #define HAVE__BUILTIN_TYPES_COMPATIBLE_P 1
| #define HAVE__BUILTIN_CONSTANT_P 1
| #define HAVE__BUILTIN_UNREACHABLE 1
| #define HAVE_COMPUTED_GOTO 1
| #define HAVE_STRUCT_TM_TM_ZONE 1
| #define HAVE_TM_ZONE 1
| #define HAVE_TZNAME 1
| #define HAVE_UNIX_SOCKETS 1
| #define HAVE_STRUCT_SOCKADDR_STORAGE 1
| #define HAVE_STRUCT_SOCKADDR_STORAGE_SS_FAMILY 1
| /* end confdefs.h.  */
| #include <sys/types.h>
| #include <sys/socket.h>
| 
| 
| int
| main ()
| {
| static struct sockaddr ac_aggr;
| if (sizeof ac_aggr.sa_len)
| return 0;
|   ;
|   return 0;
| }
configure:14773: result: no
configure:14786: checking for struct addrinfo
configure:14786: gcc -c -Wall -Wmissing-prototypes -Wpointer-arith -Wdeclaration-after-statement -Werror=vla -Wendif-labels -Wmissing-format-attribute -Wformat-security -fno-strict-aliasing -fwrapv -fexcess-precision=standard -Wno-format-truncation -Wno-stringop-truncation -O2  -D_GNU_SOURCE  conftest.c >&5
configure:14786: $? = 0
configure:14786: gcc -c -Wall -Wmissing-prototypes -Wpointer-arith -Wdeclaration-after-statement -Werror=vla -Wendif-labels -Wmissing-format-attribute -Wformat-security -fno-strict-aliasing -fwrapv -fexcess-precision=standard -Wno-format-truncation -Wno-stringop-truncation -O2  -D_GNU_SOURCE  conftest.c >&5
conftest.c: In function 'main':
conftest.c:80:30: error: expected expression before ')' token
   80 | if (sizeof ((struct addrinfo)))
      |                              ^
configure:14786: $? = 1
configure: failed program was:
| /* confdefs.h */
| #define PACKAGE_NAME "PostgreSQL"
| #define PACKAGE_TARNAME "postgresql"
| #define PACKAGE_VERSION "12.22"
| #define PACKAGE_STRING "PostgreSQL 12.22"
| #define PACKAGE_BUGREPORT "pgsql-bugs@lists.postgresql.org"
| #define PACKAGE_URL ""
| #define PG_MAJORVERSION "12"
| #define PG_VERSION "12.22"
| #define DEF_PGPORT 5432
| #define DEF_PGPORT_STR "5432"
| #define BLCKSZ 8192
| #define RELSEG_SIZE 131072
| #define XLOG_BLCKSZ 8192
| #define ENABLE_THREAD_SAFETY 1
| #define PG_KRB_SRVNAM "postgres"
| #define STDC_HEADERS 1
| #define HAVE_SYS_TYPES_H 1
| #define HAVE_SYS_STAT_H 1
| #define HAVE_STDLIB_H 1
| #define HAVE_STRING_H 1
| #define HAVE_MEMORY_H 1
| #define HAVE_STRINGS_H 1
| #define HAVE_INTTYPES_H 1
| #define HAVE_STDINT_H 1
| #define HAVE_UNISTD_H 1
| #define HAVE_PTHREAD_PRIO_INHERIT 1
| #define HAVE_PTHREAD 1
| #define HAVE_STRERROR_R 1
| #define HAVE_GETPWUID_R 1
| #define HAVE_GETHOSTBYNAME_R 1
| #define HAVE_LIBM 1
| #define HAVE_LIBZ 1
| #define HAVE_SPINLOCKS 1
| #define HAVE_ATOMICS 1
| #define HAVE_CRYPT_H 1
| #define HAVE_GETOPT_H 1
| #define HAVE_IFADDRS_H 1
| #define HAVE_LANGINFO_H 1
| #define HAVE_POLL_H 1
| #define HAVE_SYS_EPOLL_H 1
| #define HAVE_SYS_IPC_H 1
| #define HAVE_SYS_PERSONALITY_H 1
| #define HAVE_SYS_PRCTL_H 1
| #define HAVE_SYS_RESOURCE_H 1
| #define HAVE_SYS_SELECT_H 1
| #define HAVE_SYS_SEM_H 1
| #define HAVE_SYS_SHM_H 1
| #define HAVE_SYS_UN_H 1
| #define HAVE_TERMIOS_H 1
| #define HAVE_UTIME_H 1
| #define HAVE_WCHAR_H 1
| #define HAVE_WCTYPE_H 1
| #define HAVE_NET_IF_H 1
| #define HAVE_NETINET_TCP_H 1
| #define PG_PRINTF_ATTRIBUTE gnu_printf
| #define FLEXIBLE_ARRAY_MEMBER /**/
| #define HAVE_FUNCNAME__FUNC 1
| #define HAVE__STATIC_ASSERT 1
| #define HAVE_TYPEOF 1
| #define HAVE__BUILTIN_TYPES_COMPATIBLE_P 1
| #define HAVE__BUILTIN_CONSTANT_P 1
| #define HAVE__BUILTIN_UNREACHABLE 1
| #define HAVE_COMPUTED_GOTO 1
| #define HAVE_STRUCT_TM_TM_ZONE 1
| #define HAVE_TM_ZONE 1
| #define HAVE_TZNAME 1
| #define HAVE_UNIX_SOCKETS 1
| #define HAVE_STRUCT_SOCKADDR_STORAGE 1
| #define HAVE_STRUCT_SOCKADDR_STORAGE_SS_FAMILY 1
| /* end confdefs.h.  */
| #include <sys/types.h>
| #include <sys/socket.h>
| #include <netdb.h>
| 
| 
| int
| main ()
| {
| if (sizeof ((struct addrinfo)))
| 	    return 0;
|   ;
|   return 0;
| }
configure:14786: result: yes
configure:14801: checking for intptr_t
configure:14801: gcc -c -Wall -Wmissing-prototypes -Wpointer-arith -Wdeclaration-after-statement -Werror=vla -Wendif-labels -Wmissing-format-attribute -Wformat-security -fno-strict-aliasing -fwrapv -fexcess-precision=standard -Wno-format-truncation -Wno-stringop-truncation -O2  -D_GNU_SOURCE  conftest.c >&5
configure:14801: $? = 0
configure:14801: gcc -c -Wall -Wmissing-prototypes -Wpointer-arith -Wdeclaration-after-statement -Werror=vla -Wendif-labels -Wmissing-format-attribute -Wformat-security -fno-strict-aliasing -fwrapv -fexcess-precision=standard -Wno-format-truncation -Wno-stringop-truncation -O2  -D_GNU_SOURCE  conftest.c >&5
conftest.c: In function 'main':
conftest.c:109:23: error: expected expression before ')' token
  109 | if (sizeof ((intptr_t)))
      |                       ^
configure:14801: $? = 1
configure: failed program was:
| /* confdefs.h */
| #define PACKAGE_NAME "PostgreSQL"
| #define PACKAGE_TARNAME "postgresql"
| #define PACKAGE_VERSION "12.22"
| #define PACKAGE_STRING "PostgreSQL 12.22"
| #define PACKAGE_BUGREPORT "pgsql-bugs@lists.postgresql.org"
| #define PACKAGE_URL ""
| #define PG_MAJORVERSION "12"
| #define PG_VERSION "12.22"
| #define DEF_PGPORT 5432
| #define DEF_PGPORT_STR "5432"
| #define BLCKSZ 8192
| #define RELSEG_SIZE 131072
| #define XLOG_BLCKSZ 8192
| #define ENABLE_THREAD_SAFETY 1
| #define PG_KRB_SRVNAM "postgres"
| #define STDC_HEADERS 1
| #define HAVE_SYS_TYPES_H 1
| #define HAVE_SYS_STAT_H 1
| #define HAVE_STDLIB_H 1
| #define HAVE_STRING_H 1
| #define HAVE_MEMORY_H 1
| #define HAVE_STRINGS_H 1
| #define HAVE_INTTYPES_H 1
| #define HAVE_STDINT_H 1
| #define HAVE_UNISTD_H 1
| #define HAVE_PTHREAD_PRIO_INHERIT 1
| #define HAVE_PTHREAD 1
| #define HAVE_STRERROR_R 1
| #define HAVE_GETPWUID_R 1
| #define HAVE_GETHOSTBYNAME_R 1
| #define HAVE_LIBM 1
| #define HAVE_LIBZ 1
| #define HAVE_SPINLOCKS 1
| #define HAVE_ATOMICS 1
| #define HAVE_CRYPT_H 1
| #define HAVE_GETOPT_H 1
| #define HAVE_IFADDRS_H 1
| #define HAVE_LANGINFO_H 1
| #define HAVE_POLL_H 1
| #define HAVE_SYS_EPOLL_H 1
| #define HAVE_SYS_IPC_H 1
| #define HAVE_SYS_PERSONALITY_H 1
| #define HAVE_SYS_PRCTL_H 1
| #define HAVE_SYS_RESOURCE_H 1
| #define HAVE_SYS_SELECT_H 1
| #define HAVE_SYS_SEM_H 1
| #define HAVE_SYS_SHM_H 1
| #define HAVE_SYS_UN_H 1
| #define HAVE_TERMIOS_H 1
| #define HAVE_UTIME_H 1
| #define HAVE_WCHAR_H 1
| #define HAVE_WCTYPE_H 1
| #define HAVE_NET_IF_H 1
| #define HAVE_NETINET_TCP_H 1
| #define PG_PRINTF_ATTRIBUTE gnu_printf
| #define FLEXIBLE_ARRAY_MEMBER /**/
| #define HAVE_FUNCNAME__FUNC 1
| #define HAVE__STATIC_ASSERT 1
| #define HAVE_TYPEOF 1
| #define HAVE__BUILTIN_TYPES_COMPATIBLE_P 1
| #define HAVE__BUILTIN_CONSTANT_P 1
| #define HAVE__BUILTIN_UNREACHABLE 1
| #define HAVE_COMPUTED_GOTO 1
| #define HAVE_STRUCT_TM_TM_ZONE 1
| #define HAVE_TM_ZONE 1
| #define HAVE_TZNAME 1
| #define HAVE_UNIX_SOCKETS 1
| #define HAVE_STRUCT_SOCKADDR_STORAGE 1
| #define HAVE_STRUCT_SOCKADDR_STORAGE_SS_FAMILY 1
| #define HAVE_STRUCT_ADDRINFO 1
| /* end confdefs.h.  */
| #include <stdio.h>
| #ifdef HAVE_SYS_TYPES_H
| # include <sys/types.h>
| #endif
| #ifdef HAVE_SYS_STAT_H
| # include <sys/stat.h>
| #endif
| #ifdef STDC_HEADERS
| # include <stdlib.h>
| # include <stddef.h>
| #else
| # ifdef HAVE_STDLIB_H
| #  include <stdlib.h>
| # endif
| #endif
| #ifdef HAVE_STRING_H
| # if !defined STDC_HEADERS && defined HAVE_MEMORY_H
| #  include <memory.h>
| # endif
| # include <string.h>
| #endif
| #ifdef HAVE_STRINGS_H
| # include <strings.h>
| #endif
| #ifdef HAVE_INTTYPES_H
| # include <inttypes.h>
| #endif
| #ifdef HAVE_STDINT_H
| # include <stdint.h>
| #endif
| #ifdef HAVE_UNISTD_H
| # include <unistd.h>
| #endif
| int
| main ()
| {
| if (sizeof ((intptr_t)))
| 	    return 0;
|   ;
|   return 0;
| }
configure:14801: result: yes
configure:14837: checking for uintptr_t
configure:14837: gcc -c -Wall -Wmissing-prototypes -Wpointer-arith -Wdeclaration-after-statement -Werror=vla -Wendif-labels -Wmissing-format-attribute -Wformat-security -fno-strict-aliasing -fwrapv -fexcess-precision=standard -Wno-format-truncation -Wno-stringop-truncation -O2  -D_GNU_SOURCE  conftest.c >&5
configure:14837: $? = 0
configure:14837: gcc -c -Wall -Wmissing-prototypes -Wpointer-arith -Wdeclaration-after-statement -Werror=vla -Wendif-labels -Wmissing-format-attribute -Wformat-security -fno-strict-aliasing -fwrapv -fexcess-precision=standard -Wno-format-truncation -Wno-stringop-truncation -O2  -D_GNU_SOURCE  conftest.c >&5
conftest.c: In function 'main':
conftest.c:110:24: error: expected expression before ')' token
  110 | if (sizeof ((uintptr_t)))
      |                        ^
configure:14837: $? = 1
configure: failed program was:
| /* confdefs.h */
| #define PACKAGE_NAME "PostgreSQL"
| #define PACKAGE_TARNAME "postgresql"
| #define PACKAGE_VERSION "12.22"
| #define PACKAGE_STRING "PostgreSQL 12.22"
| #define PACKAGE_BUGREPORT "pgsql-bugs@lists.postgresql.org"
| #define PACKAGE_URL ""
| #define PG_MAJORVERSION "12"
| #define PG_VERSION "12.22"
| #define DEF_PGPORT 5432
| #define DEF_PGPORT_STR "5432"
| #define BLCKSZ 8192
| #define RELSEG_SIZE 131072
| #define XLOG_BLCKSZ 8192
| #define ENABLE_THREAD_SAFETY 1
| #define PG_KRB_SRVNAM "postgres"
| #define STDC_HEADERS 1
| #define HAVE_SYS_TYPES_H 1
| #define HAVE_SYS_STAT_H 1
| #define HAVE_STDLIB_H 1
| #define HAVE_STRING_H 1
| #define HAVE_MEMORY_H 1
| #define HAVE_STRINGS_H 1
| #define HAVE_INTTYPES_H 1
| #define HAVE_STDINT_H 1
| #define HAVE_UNISTD_H 1
| #define HAVE_PTHREAD_PRIO_INHERIT 1
| #define HAVE_PTHREAD 1
| #define HAVE_STRERROR_R 1
| #define HAVE_GETPWUID_R 1
| #define HAVE_GETHOSTBYNAME_R 1
| #define HAVE_LIBM 1
| #define HAVE_LIBZ 1
| #define HAVE_SPINLOCKS 1
| #define HAVE_ATOMICS 1
| #define HAVE_CRYPT_H 1
| #define HAVE_GETOPT_H 1
| #define HAVE_IFADDRS_H 1
| #define HAVE_LANGINFO_H 1
| #define HAVE_POLL_H 1
| #define HAVE_SYS_EPOLL_H 1
| #define HAVE_SYS_IPC_H 1
| #define HAVE_SYS_PERSONALITY_H 1
| #define HAVE_SYS_PRCTL_H 1
| #define HAVE_SYS_RESOURCE_H 1
| #define HAVE_SYS_SELECT_H 1
| #define HAVE_SYS_SEM_H 1
| #define HAVE_SYS_SHM_H 1
| #define HAVE_SYS_UN_H 1
| #define HAVE_TERMIOS_H 1
| #define HAVE_UTIME_H 1
| #define HAVE_WCHAR_H 1
| #define HAVE_WCTYPE_H 1
| #define HAVE_NET_IF_H 1
| #define HAVE_NETINET_TCP_H 1
| #define PG_PRINTF_ATTRIBUTE gnu_printf
| #define FLEXIBLE_ARRAY_MEMBER /**/
| #define HAVE_FUNCNAME__FUNC 1
| #define HAVE__STATIC_ASSERT 1
| #define HAVE_TYPEOF 1
| #define HAVE__BUILTIN_TYPES_COMPATIBLE_P 1
| #define HAVE__BUILTIN_CONSTANT_P 1
| #define HAVE__BUILTIN_UNREACHABLE 1
| #define HAVE_COMPUTED_GOTO 1
| #define HAVE_STRUCT_TM_TM_ZONE 1
| #define HAVE_TM_ZONE 1
| #define HAVE_TZNAME 1
| #define HAVE_UNIX_SOCKETS 1
| #define HAVE_STRUCT_SOCKADDR_STORAGE 1
| #define HAVE_STRUCT_SOCKADDR_STORAGE_SS_FAMILY 1
| #define HAVE_STRUCT_ADDRINFO 1
| #define HAVE_INTPTR_T 1
| /* end confdefs.h.  */
| #include <stdio.h>
| #ifdef HAVE_SYS_TYPES_H
| # include <sys/types.h>
| #endif
| #ifdef HAVE_SYS_STAT_H
| # include <sys/stat.h>
| #endif
| #ifdef STDC_HEADERS
| # include <stdlib.h>
| # include <stddef.h>
| #else
| # ifdef HAVE_STDLIB_H
| #  include <stdlib.h>
| # endif
| #endif
| #ifdef HAVE_STRING_H
| # if !defined STDC_HEADERS && defined HAVE_MEMORY_H
| #  include <memory.h>
| # endif
| # include <string.h>
| #endif
| #ifdef HAVE_STRINGS_H
| # include <strings.h>
| #endif
| #ifdef HAVE_INTTYPES_H
| # include <inttypes.h>
| #endif
| #ifdef HAVE_STDINT_H
| # include <stdint.h>
| #endif
| #ifdef HAVE_UNISTD_H
| # include <unistd.h>
| #endif
| int
| main ()
| {
| if (sizeof ((uintptr_t)))
| 	    return 0;
|   ;
|   return 0;
| }
configure:14837: result: yes
configure:14874: checking for unsigned long long int
configure:14922: result: yes
configure:14932: checking for long long int
configure:14982: result: yes
configure:14991: checking for locale_t
configure:15008: gcc -c -Wall -Wmissing-prototypes -Wpointer-arith -Wdeclaration-after-statement -Werror=vla -Wendif-labels -Wmissing-format-attribute -Wformat-security -fno-strict-aliasing -fwrapv -fexcess-precision=standard -Wno-format-truncation -Wno-stringop-truncation -O2  -D_GNU_SOURCE  conftest.c >&5
configure:15008: $? = 0
configure:15032: result: yes
configure:15053: checking for C/C++ restrict keyword
configure:15078: gcc -c -Wall -Wmissing-prototypes -Wpointer-arith -Wdeclaration-after-statement -Werror=vla -Wendif-labels -Wmissing-format-attribute -Wformat-security -fno-strict-aliasing -fwrapv -fexcess-precision=standard -Wno-format-truncation -Wno-stringop-truncation -O2  -D_GNU_SOURCE  conftest.c >&5
conftest.c:79:13: warning: no previous prototype for 'foo' [-Wmissing-prototypes]
   79 |         int foo (int_ptr __restrict ip) {
      |             ^~~
configure:15078: $? = 0
configure:15086: result: __restrict
configure:15110: checking for struct cmsgcred
configure:15110: gcc -c -Wall -Wmissing-prototypes -Wpointer-arith -Wdeclaration-after-statement -Werror=vla -Wendif-labels -Wmissing-format-attribute -Wformat-security -fno-strict-aliasing -fwrapv -fexcess-precision=standard -Wno-format-truncation -Wno-stringop-truncation -O2  -D_GNU_SOURCE  conftest.c >&5
conftest.c: In function 'main':
conftest.c:89:13: error: invalid application of 'sizeof' to incomplete type 'struct cmsgcred'
   89 | if (sizeof (struct cmsgcred))
      |             ^~~~~~
configure:15110: $? = 1
configure: failed program was:
| /* confdefs.h */
| #define PACKAGE_NAME "PostgreSQL"
| #define PACKAGE_TARNAME "postgresql"
| #define PACKAGE_VERSION "12.22"
| #define PACKAGE_STRING "PostgreSQL 12.22"
| #define PACKAGE_BUGREPORT "pgsql-bugs@lists.postgresql.org"
| #define PACKAGE_URL ""
| #define PG_MAJORVERSION "12"
| #define PG_VERSION "12.22"
| #define DEF_PGPORT 5432
| #define DEF_PGPORT_STR "5432"
| #define BLCKSZ 8192
| #define RELSEG_SIZE 131072
| #define XLOG_BLCKSZ 8192
| #define ENABLE_THREAD_SAFETY 1
| #define PG_KRB_SRVNAM "postgres"
| #define STDC_HEADERS 1
| #define HAVE_SYS_TYPES_H 1
| #define HAVE_SYS_STAT_H 1
| #define HAVE_STDLIB_H 1
| #define HAVE_STRING_H 1
| #define HAVE_MEMORY_H 1
| #define HAVE_STRINGS_H 1
| #define HAVE_INTTYPES_H 1
| #define HAVE_STDINT_H 1
| #define HAVE_UNISTD_H 1
| #define HAVE_PTHREAD_PRIO_INHERIT 1
| #define HAVE_PTHREAD 1
| #define HAVE_STRERROR_R 1
| #define HAVE_GETPWUID_R 1
| #define HAVE_GETHOSTBYNAME_R 1
| #define HAVE_LIBM 1
| #define HAVE_LIBZ 1
| #define HAVE_SPINLOCKS 1
| #define HAVE_ATOMICS 1
| #define HAVE_CRYPT_H 1
| #define HAVE_GETOPT_H 1
| #define HAVE_IFADDRS_H 1
| #define HAVE_LANGINFO_H 1
| #define HAVE_POLL_H 1
| #define HAVE_SYS_EPOLL_H 1
| #define HAVE_SYS_IPC_H 1
| #define HAVE_SYS_PERSONALITY_H 1
| #define HAVE_SYS_PRCTL_H 1
| #define HAVE_SYS_RESOURCE_H 1
| #define HAVE_SYS_SELECT_H 1
| #define HAVE_SYS_SEM_H 1
| #define HAVE_SYS_SHM_H 1
| #define HAVE_SYS_UN_H 1
| #define HAVE_TERMIOS_H 1
| #define HAVE_UTIME_H 1
| #define HAVE_WCHAR_H 1
| #define HAVE_WCTYPE_H 1
| #define HAVE_NET_IF_H 1
| #define HAVE_NETINET_TCP_H 1
| #define PG_PRINTF_ATTRIBUTE gnu_printf
| #define FLEXIBLE_ARRAY_MEMBER /**/
| #define HAVE_FUNCNAME__FUNC 1
| #define HAVE__STATIC_ASSERT 1
| #define HAVE_TYPEOF 1
| #define HAVE__BUILTIN_TYPES_COMPATIBLE_P 1
| #define HAVE__BUILTIN_CONSTANT_P 1
| #define HAVE__BUILTIN_UNREACHABLE 1
| #define HAVE_COMPUTED_GOTO 1
| #define HAVE_STRUCT_TM_TM_ZONE 1
| #define HAVE_TM_ZONE 1
| #define HAVE_TZNAME 1
| #define HAVE_UNIX_SOCKETS 1
| #define HAVE_STRUCT_SOCKADDR_STORAGE 1
| #define HAVE_STRUCT_SOCKADDR_STORAGE_SS_FAMILY 1
| #define HAVE_STRUCT_ADDRINFO 1
| #define HAVE_INTPTR_T 1
| #define HAVE_UINTPTR_T 1
| #define HAVE_UNSIGNED_LONG_LONG_INT 1
| #define HAVE_LONG_LONG_INT 1
| #define HAVE_LOCALE_T 1
| #define restrict __restrict
| #define pg_restrict __restrict
| /* end confdefs.h.  */
| #include <sys/socket.h>
| #include <sys/param.h>
| #ifdef HAVE_SYS_UCRED_H
| #include <sys/ucred.h>
| #endif
| 
| int
| main ()
| {
| if (sizeof (struct cmsgcred))
| 	 return 0;
|   ;
|   return 0;
| }
configure:15110: result: no
configure:15126: checking for struct option
configure:15126: gcc -c -Wall -Wmissing-prototypes -Wpointer-arith -Wdeclaration-after-statement -Werror=vla -Wendif-labels -Wmissing-format-attribute -Wformat-security -fno-strict-aliasing -fwrapv -fexcess-precision=standard -Wno-format-truncation -Wno-stringop-truncation -O2  -D_GNU_SOURCE  conftest.c >&5
configure:15126: $? = 0
configure:15126: gcc -c -Wall -Wmissing-prototypes -Wpointer-arith -Wdeclaration-after-statement -Werror=vla -Wendif-labels -Wmissing-format-attribute -Wformat-security -fno-strict-aliasing -fwrapv -fexcess-precision=standard -Wno-format-truncation -Wno-stringop-truncation -O2  -D_GNU_SOURCE  conftest.c >&5
conftest.c: In function 'main':
conftest.c:87:28: error: expected expression before ')' token
   87 | if (sizeof ((struct option)))
      |                            ^
configure:15126: $? = 1
configure: failed program was:
| /* confdefs.h */
| #define PACKAGE_NAME "PostgreSQL"
| #define PACKAGE_TARNAME "postgresql"
| #define PACKAGE_VERSION "12.22"
| #define PACKAGE_STRING "PostgreSQL 12.22"
| #define PACKAGE_BUGREPORT "pgsql-bugs@lists.postgresql.org"
| #define PACKAGE_URL ""
| #define PG_MAJORVERSION "12"
| #define PG_VERSION "12.22"
| #define DEF_PGPORT 5432
| #define DEF_PGPORT_STR "5432"
| #define BLCKSZ 8192
| #define RELSEG_SIZE 131072
| #define XLOG_BLCKSZ 8192
| #define ENABLE_THREAD_SAFETY 1
| #define PG_KRB_SRVNAM "postgres"
| #define STDC_HEADERS 1
| #define HAVE_SYS_TYPES_H 1
| #define HAVE_SYS_STAT_H 1
| #define HAVE_STDLIB_H 1
| #define HAVE_STRING_H 1
| #define HAVE_MEMORY_H 1
| #define HAVE_STRINGS_H 1
| #define HAVE_INTTYPES_H 1
| #define HAVE_STDINT_H 1
| #define HAVE_UNISTD_H 1
| #define HAVE_PTHREAD_PRIO_INHERIT 1
| #define HAVE_PTHREAD 1
| #define HAVE_STRERROR_R 1
| #define HAVE_GETPWUID_R 1
| #define HAVE_GETHOSTBYNAME_R 1
| #define HAVE_LIBM 1
| #define HAVE_LIBZ 1
| #define HAVE_SPINLOCKS 1
| #define HAVE_ATOMICS 1
| #define HAVE_CRYPT_H 1
| #define HAVE_GETOPT_H 1
| #define HAVE_IFADDRS_H 1
| #define HAVE_LANGINFO_H 1
| #define HAVE_POLL_H 1
| #define HAVE_SYS_EPOLL_H 1
| #define HAVE_SYS_IPC_H 1
| #define HAVE_SYS_PERSONALITY_H 1
| #define HAVE_SYS_PRCTL_H 1
| #define HAVE_SYS_RESOURCE_H 1
| #define HAVE_SYS_SELECT_H 1
| #define HAVE_SYS_SEM_H 1
| #define HAVE_SYS_SHM_H 1
| #define HAVE_SYS_UN_H 1
| #define HAVE_TERMIOS_H 1
| #define HAVE_UTIME_H 1
| #define HAVE_WCHAR_H 1
| #define HAVE_WCTYPE_H 1
| #define HAVE_NET_IF_H 1
| #define HAVE_NETINET_TCP_H 1
| #define PG_PRINTF_ATTRIBUTE gnu_printf
| #define FLEXIBLE_ARRAY_MEMBER /**/
| #define HAVE_FUNCNAME__FUNC 1
| #define HAVE__STATIC_ASSERT 1
| #define HAVE_TYPEOF 1
| #define HAVE__BUILTIN_TYPES_COMPATIBLE_P 1
| #define HAVE__BUILTIN_CONSTANT_P 1
| #define HAVE__BUILTIN_UNREACHABLE 1
| #define HAVE_COMPUTED_GOTO 1
| #define HAVE_STRUCT_TM_TM_ZONE 1
| #define HAVE_TM_ZONE 1
| #define HAVE_TZNAME 1
| #define HAVE_UNIX_SOCKETS 1
| #define HAVE_STRUCT_SOCKADDR_STORAGE 1
| #define HAVE_STRUCT_SOCKADDR_STORAGE_SS_FAMILY 1
| #define HAVE_STRUCT_ADDRINFO 1
| #define HAVE_INTPTR_T 1
| #define HAVE_UINTPTR_T 1
| #define HAVE_UNSIGNED_LONG_LONG_INT 1
| #define HAVE_LONG_LONG_INT 1
| #define HAVE_LOCALE_T 1
| #define restrict __restrict
| #define pg_restrict __restrict
| /* end confdefs.h.  */
| #ifdef HAVE_GETOPT_H
| #include <getopt.h>
| #endif
| 
| int
| main ()
| {
| if (sizeof ((struct option)))
| 	    return 0;
|   ;
|   return 0;
| }
configure:15126: result: yes
configure:15144: checking for z_streamp
configure:15144: gcc -c -Wall -Wmissing-prototypes -Wpointer-arith -Wdeclaration-after-statement -Werror=vla -Wendif-labels -Wmissing-format-attribute -Wformat-security -fno-strict-aliasing -fwrapv -fexcess-precision=standard -Wno-format-truncation -Wno-stringop-truncation -O2  -D_GNU_SOURCE  conftest.c >&5
configure:15144: $? = 0
configure:15144: gcc -c -Wall -Wmissing-prototypes -Wpointer-arith -Wdeclaration-after-statement -Werror=vla -Wendif-labels -Wmissing-format-attribute -Wformat-security -fno-strict-aliasing -fwrapv -fexcess-precision=standard -Wno-format-truncation -Wno-stringop-truncation -O2  -D_GNU_SOURCE  conftest.c >&5
conftest.c: In function 'main':
conftest.c:86:24: error: expected expression before ')' token
   86 | if (sizeof ((z_streamp)))
      |                        ^
configure:15144: $? = 1
configure: failed program was:
| /* confdefs.h */
| #define PACKAGE_NAME "PostgreSQL"
| #define PACKAGE_TARNAME "postgresql"
| #define PACKAGE_VERSION "12.22"
| #define PACKAGE_STRING "PostgreSQL 12.22"
| #define PACKAGE_BUGREPORT "pgsql-bugs@lists.postgresql.org"
| #define PACKAGE_URL ""
| #define PG_MAJORVERSION "12"
| #define PG_VERSION "12.22"
| #define DEF_PGPORT 5432
| #define DEF_PGPORT_STR "5432"
| #define BLCKSZ 8192
| #define RELSEG_SIZE 131072
| #define XLOG_BLCKSZ 8192
| #define ENABLE_THREAD_SAFETY 1
| #define PG_KRB_SRVNAM "postgres"
| #define STDC_HEADERS 1
| #define HAVE_SYS_TYPES_H 1
| #define HAVE_SYS_STAT_H 1
| #define HAVE_STDLIB_H 1
| #define HAVE_STRING_H 1
| #define HAVE_MEMORY_H 1
| #define HAVE_STRINGS_H 1
| #define HAVE_INTTYPES_H 1
| #define HAVE_STDINT_H 1
| #define HAVE_UNISTD_H 1
| #define HAVE_PTHREAD_PRIO_INHERIT 1
| #define HAVE_PTHREAD 1
| #define HAVE_STRERROR_R 1
| #define HAVE_GETPWUID_R 1
| #define HAVE_GETHOSTBYNAME_R 1
| #define HAVE_LIBM 1
| #define HAVE_LIBZ 1
| #define HAVE_SPINLOCKS 1
| #define HAVE_ATOMICS 1
| #define HAVE_CRYPT_H 1
| #define HAVE_GETOPT_H 1
| #define HAVE_IFADDRS_H 1
| #define HAVE_LANGINFO_H 1
| #define HAVE_POLL_H 1
| #define HAVE_SYS_EPOLL_H 1
| #define HAVE_SYS_IPC_H 1
| #define HAVE_SYS_PERSONALITY_H 1
| #define HAVE_SYS_PRCTL_H 1
| #define HAVE_SYS_RESOURCE_H 1
| #define HAVE_SYS_SELECT_H 1
| #define HAVE_SYS_SEM_H 1
| #define HAVE_SYS_SHM_H 1
| #define HAVE_SYS_UN_H 1
| #define HAVE_TERMIOS_H 1
| #define HAVE_UTIME_H 1
| #define HAVE_WCHAR_H 1
| #define HAVE_WCTYPE_H 1
| #define HAVE_NET_IF_H 1
| #define HAVE_NETINET_TCP_H 1
| #define PG_PRINTF_ATTRIBUTE gnu_printf
| #define FLEXIBLE_ARRAY_MEMBER /**/
| #define HAVE_FUNCNAME__FUNC 1
| #define HAVE__STATIC_ASSERT 1
| #define HAVE_TYPEOF 1
| #define HAVE__BUILTIN_TYPES_COMPATIBLE_P 1
| #define HAVE__BUILTIN_CONSTANT_P 1
| #define HAVE__BUILTIN_UNREACHABLE 1
| #define HAVE_COMPUTED_GOTO 1
| #define HAVE_STRUCT_TM_TM_ZONE 1
| #define HAVE_TM_ZONE 1
| #define HAVE_TZNAME 1
| #define HAVE_UNIX_SOCKETS 1
| #define HAVE_STRUCT_SOCKADDR_STORAGE 1
| #define HAVE_STRUCT_SOCKADDR_STORAGE_SS_FAMILY 1
| #define HAVE_STRUCT_ADDRINFO 1
| #define HAVE_INTPTR_T 1
| #define HAVE_UINTPTR_T 1
| #define HAVE_UNSIGNED_LONG_LONG_INT 1
| #define HAVE_LONG_LONG_INT 1
| #define HAVE_LOCALE_T 1
| #define restrict __restrict
| #define pg_restrict __restrict
| #define HAVE_STRUCT_OPTION 1
| /* end confdefs.h.  */
| #include <zlib.h>
| 
| int
| main ()
| {
| if (sizeof ((z_streamp)))
| 	    return 0;
|   ;
|   return 0;
| }
configure:15144: result: yes
configure:15158: checking whether assembler supports x86_64 popcntq
configure:15175: gcc -c -Wall -Wmissing-prototypes -Wpointer-arith -Wdeclaration-after-statement -Werror=vla -Wendif-labels -Wmissing-format-attribute -Wformat-security -fno-strict-aliasing -fwrapv -fexcess-precision=standard -Wno-format-truncation -Wno-stringop-truncation -O2  -D_GNU_SOURCE  conftest.c >&5
configure:15175: $? = 0
configure:15182: result: yes
configure:15238: checking for special C compiler options needed for large files
configure:15283: result: no
configure:15289: checking for _FILE_OFFSET_BITS value needed for large files
configure:15314: gcc -c -Wall -Wmissing-prototypes -Wpointer-arith -Wdeclaration-after-statement -Werror=vla -Wendif-labels -Wmissing-format-attribute -Wformat-security -fno-strict-aliasing -fwrapv -fexcess-precision=standard -Wno-format-truncation -Wno-stringop-truncation -O2  -D_GNU_SOURCE  conftest.c >&5
configure:15314: $? = 0
configure:15346: result: no
configure:15438: checking size of off_t
configure:15443: gcc -o conftest -Wall -Wmissing-prototypes -Wpointer-arith -Wdeclaration-after-statement -Werror=vla -Wendif-labels -Wmissing-format-attribute -Wformat-security -fno-strict-aliasing -fwrapv -fexcess-precision=standard -Wno-format-truncation -Wno-stringop-truncation -O2  -D_GNU_SOURCE    conftest.c -lz -lcrypt -lm  >&5
configure:15443: $? = 0
configure:15443: ./conftest
configure:15443: $? = 0
configure:15457: result: 8
configure:15477: checking size of bool
configure:15482: gcc -o conftest -Wall -Wmissing-prototypes -Wpointer-arith -Wdeclaration-after-statement -Werror=vla -Wendif-labels -Wmissing-format-attribute -Wformat-security -fno-strict-aliasing -fwrapv -fexcess-precision=standard -Wno-format-truncation -Wno-stringop-truncation -O2  -D_GNU_SOURCE    conftest.c -lz -lcrypt -lm  >&5
configure:15482: $? = 0
configure:15482: ./conftest
configure:15482: $? = 0
configure:15497: result: 1
configure:15513: checking for int timezone
configure:15534: gcc -o conftest -Wall -Wmissing-prototypes -Wpointer-arith -Wdeclaration-after-statement -Werror=vla -Wendif-labels -Wmissing-format-attribute -Wformat-security -fno-strict-aliasing -fwrapv -fexcess-precision=standard -Wno-format-truncation -Wno-stringop-truncation -O2  -D_GNU_SOURCE    conftest.c -lz -lcrypt -lm  >&5
configure:15534: $? = 0
configure:15542: result: yes
configure:15549: checking types of arguments for accept()
configure:15573: gcc -c -Wall -Wmissing-prototypes -Wpointer-arith -Wdeclaration-after-statement -Werror=vla -Wendif-labels -Wmissing-format-attribute -Wformat-security -fno-strict-aliasing -fwrapv -fexcess-precision=standard -Wno-format-truncation -Wno-stringop-truncation -O2  -D_GNU_SOURCE  conftest.c >&5
conftest.c:87:12: error: conflicting types for 'accept'; have 'int(int,  struct sockaddr *, int *)'
   87 | extern int accept (int, struct sockaddr *, int *);
      |            ^~~~~~
In file included from conftest.c:86:
/usr/include/x86_64-linux-gnu/sys/socket.h:306:12: note: previous declaration of 'accept' with type 'int(int,  __SOCKADDR_ARG,  socklen_t * restrict)' {aka 'int(int,  __SOCKADDR_ARG,  unsigned int * restrict)'}
  306 | extern int accept (int __fd, __SOCKADDR_ARG __addr,
      |            ^~~~~~
configure:15573: $? = 1
configure: failed program was:
| /* confdefs.h */
| #define PACKAGE_NAME "PostgreSQL"
| #define PACKAGE_TARNAME "postgresql"
| #define PACKAGE_VERSION "12.22"
| #define PACKAGE_STRING "PostgreSQL 12.22"
| #define PACKAGE_BUGREPORT "pgsql-bugs@lists.postgresql.org"
| #define PACKAGE_URL ""
| #define PG_MAJORVERSION "12"
| #define PG_VERSION "12.22"
| #define DEF_PGPORT 5432
| #define DEF_PGPORT_STR "5432"
| #define BLCKSZ 8192
| #define RELSEG_SIZE 131072
| #define XLOG_BLCKSZ 8192
| #define ENABLE_THREAD_SAFETY 1
| #define PG_KRB_SRVNAM "postgres"
| #define STDC_HEADERS 1
| #define HAVE_SYS_TYPES_H 1
| #define HAVE_SYS_STAT_H 1
| #define HAVE_STDLIB_H 1
| #define HAVE_STRING_H 1
| #define HAVE_MEMORY_H 1
| #define HAVE_STRINGS_H 1
| #define HAVE_INTTYPES_H 1
| #define HAVE_STDINT_H 1
| #define HAVE_UNISTD_H 1
| #define HAVE_PTHREAD_PRIO_INHERIT 1
| #define HAVE_PTHREAD 1
| #define HAVE_STRERROR_R 1
| #define HAVE_GETPWUID_R 1
| #define HAVE_GETHOSTBYNAME_R 1
| #define HAVE_LIBM 1
| #define HAVE_LIBZ 1
| #define HAVE_SPINLOCKS 1
| #define HAVE_ATOMICS 1
| #define HAVE_CRYPT_H 1
| #define HAVE_GETOPT_H 1
| #define HAVE_IFADDRS_H 1
| #define HAVE_LANGINFO_H 1
| #define HAVE_POLL_H 1
| #define HAVE_SYS_EPOLL_H 1
| #define HAVE_SYS_IPC_H 1
| #define HAVE_SYS_PERSONALITY_H 1
| #define HAVE_SYS_PRCTL_H 1
| #define HAVE_SYS_RESOURCE_H 1
| #define HAVE_SYS_SELECT_H 1
| #define HAVE_SYS_SEM_H 1
| #define HAVE_SYS_SHM_H 1
| #define HAVE_SYS_UN_H 1
| #define HAVE_TERMIOS_H 1
| #define HAVE_UTIME_H 1
| #define HAVE_WCHAR_H 1
| #define HAVE_WCTYPE_H 1
| #define HAVE_NET_IF_H 1
| #define HAVE_NETINET_TCP_H 1
| #define PG_PRINTF_ATTRIBUTE gnu_printf
| #define FLEXIBLE_ARRAY_MEMBER /**/
| #define HAVE_FUNCNAME__FUNC 1
| #define HAVE__STATIC_ASSERT 1
| #define HAVE_TYPEOF 1
| #define HAVE__BUILTIN_TYPES_COMPATIBLE_P 1
| #define HAVE__BUILTIN_CONSTANT_P 1
| #define HAVE__BUILTIN_UNREACHABLE 1
| #define HAVE_COMPUTED_GOTO 1
| #define HAVE_STRUCT_TM_TM_ZONE 1
| #define HAVE_TM_ZONE 1
| #define HAVE_TZNAME 1
| #define HAVE_UNIX_SOCKETS 1
| #define HAVE_STRUCT_SOCKADDR_STORAGE 1
| #define HAVE_STRUCT_SOCKADDR_STORAGE_SS_FAMILY 1
| #define HAVE_STRUCT_ADDRINFO 1
| #define HAVE_INTPTR_T 1
| #define HAVE_UINTPTR_T 1
| #define HAVE_UNSIGNED_LONG_LONG_INT 1
| #define HAVE_LONG_LONG_INT 1
| #define HAVE_LOCALE_T 1
| #define restrict __restrict
| #define pg_restrict __restrict
| #define HAVE_STRUCT_OPTION 1
| #define HAVE_X86_64_POPCNTQ 1
| #define SIZEOF_OFF_T 8
| #define SIZEOF_BOOL 1
| #define HAVE_INT_TIMEZONE 1
| /* end confdefs.h.  */
| #include <sys/types.h>
| #include <sys/socket.h>
| extern int accept (int, struct sockaddr *, int *);
configure:15573: gcc -c -Wall -Wmissing-prototypes -Wpointer-arith -Wdeclaration-after-statement -Werror=vla -Wendif-labels -Wmissing-format-attribute -Wformat-security -fno-strict-aliasing -fwrapv -fexcess-precision=standard -Wno-format-truncation -Wno-stringop-truncation -O2  -D_GNU_SOURCE  conftest.c >&5
conftest.c:87:12: error: conflicting types for 'accept'; have 'int(int,  struct sockaddr *, size_t *)' {aka 'int(int,  struct sockaddr *, long unsigned int *)'}
   87 | extern int accept (int, struct sockaddr *, size_t *);
      |            ^~~~~~
In file included from conftest.c:86:
/usr/include/x86_64-linux-gnu/sys/socket.h:306:12: note: previous declaration of 'accept' with type 'int(int,  __SOCKADDR_ARG,  socklen_t * restrict)' {aka 'int(int,  __SOCKADDR_ARG,  unsigned int * restrict)'}
  306 | extern int accept (int __fd, __SOCKADDR_ARG __addr,
      |            ^~~~~~
configure:15573: $? = 1
configure: failed program was:
| /* confdefs.h */
| #define PACKAGE_NAME "PostgreSQL"
| #define PACKAGE_TARNAME "postgresql"
| #define PACKAGE_VERSION "12.22"
| #define PACKAGE_STRING "PostgreSQL 12.22"
| #define PACKAGE_BUGREPORT "pgsql-bugs@lists.postgresql.org"
| #define PACKAGE_URL ""
| #define PG_MAJORVERSION "12"
| #define PG_VERSION "12.22"
| #define DEF_PGPORT 5432
| #define DEF_PGPORT_STR "5432"
| #define BLCKSZ 8192
| #define RELSEG_SIZE 131072
| #define XLOG_BLCKSZ 8192
| #define ENABLE_THREAD_SAFETY 1
| #define PG_KRB_SRVNAM "postgres"
| #define STDC_HEADERS 1
| #define HAVE_SYS_TYPES_H 1
| #define HAVE_SYS_STAT_H 1
| #define HAVE_STDLIB_H 1
| #define HAVE_STRING_H 1
| #define HAVE_MEMORY_H 1
| #define HAVE_STRINGS_H 1
| #define HAVE_INTTYPES_H 1
| #define HAVE_STDINT_H 1
| #define HAVE_UNISTD_H 1
| #define HAVE_PTHREAD_PRIO_INHERIT 1
| #define HAVE_PTHREAD 1
| #define HAVE_STRERROR_R 1
| #define HAVE_GETPWUID_R 1
| #define HAVE_GETHOSTBYNAME_R 1
| #define HAVE_LIBM 1
| #define HAVE_LIBZ 1
| #define HAVE_SPINLOCKS 1
| #define HAVE_ATOMICS 1
| #define HAVE_CRYPT_H 1
| #define HAVE_GETOPT_H 1
| #define HAVE_IFADDRS_H 1
| #define HAVE_LANGINFO_H 1
| #define HAVE_POLL_H 1
| #define HAVE_SYS_EPOLL_H 1
| #define HAVE_SYS_IPC_H 1
| #define HAVE_SYS_PERSONALITY_H 1
| #define HAVE_SYS_PRCTL_H 1
| #define HAVE_SYS_RESOURCE_H 1
| #define HAVE_SYS_SELECT_H 1
| #define HAVE_SYS_SEM_H 1
| #define HAVE_SYS_SHM_H 1
| #define HAVE_SYS_UN_H 1
| #define HAVE_TERMIOS_H 1
| #define HAVE_UTIME_H 1
| #define HAVE_WCHAR_H 1
| #define HAVE_WCTYPE_H 1
| #define HAVE_NET_IF_H 1
| #define HAVE_NETINET_TCP_H 1
| #define PG_PRINTF_ATTRIBUTE gnu_printf
| #define FLEXIBLE_ARRAY_MEMBER /**/
| #define HAVE_FUNCNAME__FUNC 1
| #define HAVE__STATIC_ASSERT 1
| #define HAVE_TYPEOF 1
| #define HAVE__BUILTIN_TYPES_COMPATIBLE_P 1
| #define HAVE__BUILTIN_CONSTANT_P 1
| #define HAVE__BUILTIN_UNREACHABLE 1
| #define HAVE_COMPUTED_GOTO 1
| #define HAVE_STRUCT_TM_TM_ZONE 1
| #define HAVE_TM_ZONE 1
| #define HAVE_TZNAME 1
| #define HAVE_UNIX_SOCKETS 1
| #define HAVE_STRUCT_SOCKADDR_STORAGE 1
| #define HAVE_STRUCT_SOCKADDR_STORAGE_SS_FAMILY 1
| #define HAVE_STRUCT_ADDRINFO 1
| #define HAVE_INTPTR_T 1
| #define HAVE_UINTPTR_T 1
| #define HAVE_UNSIGNED_LONG_LONG_INT 1
| #define HAVE_LONG_LONG_INT 1
| #define HAVE_LOCALE_T 1
| #define restrict __restrict
| #define pg_restrict __restrict
| #define HAVE_STRUCT_OPTION 1
| #define HAVE_X86_64_POPCNTQ 1
| #define SIZEOF_OFF_T 8
| #define SIZEOF_BOOL 1
| #define HAVE_INT_TIMEZONE 1
| /* end confdefs.h.  */
| #include <sys/types.h>
| #include <sys/socket.h>
| extern int accept (int, struct sockaddr *, size_t *);
configure:15573: gcc -c -Wall -Wmissing-prototypes -Wpointer-arith -Wdeclaration-after-statement -Werror=vla -Wendif-labels -Wmissing-format-attribute -Wformat-security -fno-strict-aliasing -fwrapv -fexcess-precision=standard -Wno-format-truncation -Wno-stringop-truncation -O2  -D_GNU_SOURCE  conftest.c >&5
configure:15573: $? = 0
configure:15597: result: int, int, struct sockaddr *, socklen_t *
configure:15620: checking whether gettimeofday takes only one argument
configure:15638: gcc -c -Wall -Wmissing-prototypes -Wpointer-arith -Wdeclaration-after-statement -Werror=vla -Wendif-labels -Wmissing-format-attribute -Wformat-security -fno-strict-aliasing -fwrapv -fexcess-precision=standard -Wno-format-truncation -Wno-stringop-truncation -O2  -D_GNU_SOURCE  conftest.c >&5
conftest.c: In function 'main':
conftest.c:95:1: warning: 'tp' is used uninitialized [-Wuninitialized]
   95 | gettimeofday(tp,tzp);
      | ^~~~~~~~~~~~~~~~~~~~
conftest.c:93:17: note: 'tp' was declared here
   93 | struct timeval *tp;
      |                 ^~
conftest.c:95:1: warning: 'tzp' is used uninitialized [-Wuninitialized]
   95 | gettimeofday(tp,tzp);
      | ^~~~~~~~~~~~~~~~~~~~
conftest.c:94:18: note: 'tzp' was declared here
   94 | struct timezone *tzp;
      |                  ^~~
configure:15638: $? = 0
configure:15645: result: no
configure:15653: checking for wcstombs_l declaration
configure:15672: gcc -c -Wall -Wmissing-prototypes -Wpointer-arith -Wdeclaration-after-statement -Werror=vla -Wendif-labels -Wmissing-format-attribute -Wformat-security -fno-strict-aliasing -fwrapv -fexcess-precision=standard -Wno-format-truncation -Wno-stringop-truncation -O2  -D_GNU_SOURCE  conftest.c >&5
conftest.c: In function 'main':
conftest.c:95:8: error: 'wcstombs_l' undeclared (first use in this function); did you mean 'wcstombs'?
   95 | (void) wcstombs_l;
      |        ^~~~~~~~~~
      |        wcstombs
conftest.c:95:8: note: each undeclared identifier is reported only once for each function it appears in
configure:15672: $? = 1
configure: failed program was:
| /* confdefs.h */
| #define PACKAGE_NAME "PostgreSQL"
| #define PACKAGE_TARNAME "postgresql"
| #define PACKAGE_VERSION "12.22"
| #define PACKAGE_STRING "PostgreSQL 12.22"
| #define PACKAGE_BUGREPORT "pgsql-bugs@lists.postgresql.org"
| #define PACKAGE_URL ""
| #define PG_MAJORVERSION "12"
| #define PG_VERSION "12.22"
| #define DEF_PGPORT 5432
| #define DEF_PGPORT_STR "5432"
| #define BLCKSZ 8192
| #define RELSEG_SIZE 131072
| #define XLOG_BLCKSZ 8192
| #define ENABLE_THREAD_SAFETY 1
| #define PG_KRB_SRVNAM "postgres"
| #define STDC_HEADERS 1
| #define HAVE_SYS_TYPES_H 1
| #define HAVE_SYS_STAT_H 1
| #define HAVE_STDLIB_H 1
| #define HAVE_STRING_H 1
| #define HAVE_MEMORY_H 1
| #define HAVE_STRINGS_H 1
| #define HAVE_INTTYPES_H 1
| #define HAVE_STDINT_H 1
| #define HAVE_UNISTD_H 1
| #define HAVE_PTHREAD_PRIO_INHERIT 1
| #define HAVE_PTHREAD 1
| #define HAVE_STRERROR_R 1
| #define HAVE_GETPWUID_R 1
| #define HAVE_GETHOSTBYNAME_R 1
| #define HAVE_LIBM 1
| #define HAVE_LIBZ 1
| #define HAVE_SPINLOCKS 1
| #define HAVE_ATOMICS 1
| #define HAVE_CRYPT_H 1
| #define HAVE_GETOPT_H 1
| #define HAVE_IFADDRS_H 1
| #define HAVE_LANGINFO_H 1
| #define HAVE_POLL_H 1
| #define HAVE_SYS_EPOLL_H 1
| #define HAVE_SYS_IPC_H 1
| #define HAVE_SYS_PERSONALITY_H 1
| #define HAVE_SYS_PRCTL_H 1
| #define HAVE_SYS_RESOURCE_H 1
| #define HAVE_SYS_SELECT_H 1
| #define HAVE_SYS_SEM_H 1
| #define HAVE_SYS_SHM_H 1
| #define HAVE_SYS_UN_H 1
| #define HAVE_TERMIOS_H 1
| #define HAVE_UTIME_H 1
| #define HAVE_WCHAR_H 1
| #define HAVE_WCTYPE_H 1
| #define HAVE_NET_IF_H 1
| #define HAVE_NETINET_TCP_H 1
| #define PG_PRINTF_ATTRIBUTE gnu_printf
| #define FLEXIBLE_ARRAY_MEMBER /**/
| #define HAVE_FUNCNAME__FUNC 1
| #define HAVE__STATIC_ASSERT 1
| #define HAVE_TYPEOF 1
| #define HAVE__BUILTIN_TYPES_COMPATIBLE_P 1
| #define HAVE__BUILTIN_CONSTANT_P 1
| #define HAVE__BUILTIN_UNREACHABLE 1
| #define HAVE_COMPUTED_GOTO 1
| #define HAVE_STRUCT_TM_TM_ZONE 1
| #define HAVE_TM_ZONE 1
| #define HAVE_TZNAME 1
| #define HAVE_UNIX_SOCKETS 1
| #define HAVE_STRUCT_SOCKADDR_STORAGE 1
| #define HAVE_STRUCT_SOCKADDR_STORAGE_SS_FAMILY 1
| #define HAVE_STRUCT_ADDRINFO 1
| #define HAVE_INTPTR_T 1
| #define HAVE_UINTPTR_T 1
| #define HAVE_UNSIGNED_LONG_LONG_INT 1
| #define HAVE_LONG_LONG_INT 1
| #define HAVE_LOCALE_T 1
| #define restrict __restrict
| #define pg_restrict __restrict
| #define HAVE_STRUCT_OPTION 1
| #define HAVE_X86_64_POPCNTQ 1
| #define SIZEOF_OFF_T 8
| #define SIZEOF_BOOL 1
| #define HAVE_INT_TIMEZONE 1
| #define ACCEPT_TYPE_RETURN int
| #define ACCEPT_TYPE_ARG1 int
| #define ACCEPT_TYPE_ARG2 struct sockaddr *
| #define ACCEPT_TYPE_ARG3 socklen_t
| /* end confdefs.h.  */
| #include <stdlib.h>
| #include <locale.h>
| int
| main ()
| {
| #ifndef wcstombs_l
| (void) wcstombs_l;
| #endif
|   ;
|   return 0;
| }
configure:15690: gcc -c -Wall -Wmissing-prototypes -Wpointer-arith -Wdeclaration-after-statement -Werror=vla -Wendif-labels -Wmissing-format-attribute -Wformat-security -fno-strict-aliasing -fwrapv -fexcess-precision=standard -Wno-format-truncation -Wno-stringop-truncation -O2  -D_GNU_SOURCE  conftest.c >&5
conftest.c:91:10: fatal error: xlocale.h: No such file or directory
   91 | #include <xlocale.h>
      |          ^~~~~~~~~~~
compilation terminated.
configure:15690: $? = 1
configure: failed program was:
| /* confdefs.h */
| #define PACKAGE_NAME "PostgreSQL"
| #define PACKAGE_TARNAME "postgresql"
| #define PACKAGE_VERSION "12.22"
| #define PACKAGE_STRING "PostgreSQL 12.22"
| #define PACKAGE_BUGREPORT "pgsql-bugs@lists.postgresql.org"
| #define PACKAGE_URL ""
| #define PG_MAJORVERSION "12"
| #define PG_VERSION "12.22"
| #define DEF_PGPORT 5432
| #define DEF_PGPORT_STR "5432"
| #define BLCKSZ 8192
| #define RELSEG_SIZE 131072
| #define XLOG_BLCKSZ 8192
| #define ENABLE_THREAD_SAFETY 1
| #define PG_KRB_SRVNAM "postgres"
| #define STDC_HEADERS 1
| #define HAVE_SYS_TYPES_H 1
| #define HAVE_SYS_STAT_H 1
| #define HAVE_STDLIB_H 1
| #define HAVE_STRING_H 1
| #define HAVE_MEMORY_H 1
| #define HAVE_STRINGS_H 1
| #define HAVE_INTTYPES_H 1
| #define HAVE_STDINT_H 1
| #define HAVE_UNISTD_H 1
| #define HAVE_PTHREAD_PRIO_INHERIT 1
| #define HAVE_PTHREAD 1
| #define HAVE_STRERROR_R 1
| #define HAVE_GETPWUID_R 1
| #define HAVE_GETHOSTBYNAME_R 1
| #define HAVE_LIBM 1
| #define HAVE_LIBZ 1
| #define HAVE_SPINLOCKS 1
| #define HAVE_ATOMICS 1
| #define HAVE_CRYPT_H 1
| #define HAVE_GETOPT_H 1
| #define HAVE_IFADDRS_H 1
| #define HAVE_LANGINFO_H 1
| #define HAVE_POLL_H 1
| #define HAVE_SYS_EPOLL_H 1
| #define HAVE_SYS_IPC_H 1
| #define HAVE_SYS_PERSONALITY_H 1
| #define HAVE_SYS_PRCTL_H 1
| #define HAVE_SYS_RESOURCE_H 1
| #define HAVE_SYS_SELECT_H 1
| #define HAVE_SYS_SEM_H 1
| #define HAVE_SYS_SHM_H 1
| #define HAVE_SYS_UN_H 1
| #define HAVE_TERMIOS_H 1
| #define HAVE_UTIME_H 1
| #define HAVE_WCHAR_H 1
| #define HAVE_WCTYPE_H 1
| #define HAVE_NET_IF_H 1
| #define HAVE_NETINET_TCP_H 1
| #define PG_PRINTF_ATTRIBUTE gnu_printf
| #define FLEXIBLE_ARRAY_MEMBER /**/
| #define HAVE_FUNCNAME__FUNC 1
| #define HAVE__STATIC_ASSERT 1
| #define HAVE_TYPEOF 1
| #define HAVE__BUILTIN_TYPES_COMPATIBLE_P 1
| #define HAVE__BUILTIN_CONSTANT_P 1
| #define HAVE__BUILTIN_UNREACHABLE 1
| #define HAVE_COMPUTED_GOTO 1
| #define HAVE_STRUCT_TM_TM_ZONE 1
| #define HAVE_TM_ZONE 1
| #define HAVE_TZNAME 1
| #define HAVE_UNIX_SOCKETS 1
| #define HAVE_STRUCT_SOCKADDR_STORAGE 1
| #define HAVE_STRUCT_SOCKADDR_STORAGE_SS_FAMILY 1
| #define HAVE_STRUCT_ADDRINFO 1
| #define HAVE_INTPTR_T 1
| #define HAVE_UINTPTR_T 1
| #define HAVE_UNSIGNED_LONG_LONG_INT 1
| #define HAVE_LONG_LONG_INT 1
| #define HAVE_LOCALE_T 1
| #define restrict __restrict
| #define pg_restrict __restrict
| #define HAVE_STRUCT_OPTION 1
| #define HAVE_X86_64_POPCNTQ 1
| #define SIZEOF_OFF_T 8
| #define SIZEOF_BOOL 1
| #define HAVE_INT_TIMEZONE 1
| #define ACCEPT_TYPE_RETURN int
| #define ACCEPT_TYPE_ARG1 int
| #define ACCEPT_TYPE_ARG2 struct sockaddr *
| #define ACCEPT_TYPE_ARG3 socklen_t
| /* end confdefs.h.  */
| #include <stdlib.h>
| #include <locale.h>
| #include <xlocale.h>
| int
| main ()
| {
| #ifndef wcstombs_l
| (void) wcstombs_l;
| #endif
|   ;
|   return 0;
| }
configure:15699: result: no
configure:15717: checking for cbrt
configure:15717: gcc -o conftest -Wall -Wmissing-prototypes -Wpointer-arith -Wdeclaration-after-statement -Werror=vla -Wendif-labels -Wmissing-format-attribute -Wformat-security -fno-strict-aliasing -fwrapv -fexcess-precision=standard -Wno-format-truncation -Wno-stringop-truncation -O2  -D_GNU_SOURCE    conftest.c -lz -lcrypt -lm  >&5
conftest.c:112:6: warning: conflicting types for built-in function 'cbrt'; expected 'double(double)' [-Wbuiltin-declaration-mismatch]
  112 | char cbrt ();
      |      ^~~~
conftest.c:100:1: note: 'cbrt' is declared in header '<math.h>'
   99 | # include <limits.h>
  100 | #else
configure:15717: $? = 0
configure:15717: result: yes
configure:15717: checking for clock_gettime
configure:15717: gcc -o conftest -Wall -Wmissing-prototypes -Wpointer-arith -Wdeclaration-after-statement -Werror=vla -Wendif-labels -Wmissing-format-attribute -Wformat-security -fno-strict-aliasing -fwrapv -fexcess-precision=standard -Wno-format-truncation -Wno-stringop-truncation -O2  -D_GNU_SOURCE    conftest.c -lz -lcrypt -lm  >&5
configure:15717: $? = 0
configure:15717: result: yes
configure:15717: checking for copyfile
configure:15717: gcc -o conftest -Wall -Wmissing-prototypes -Wpointer-arith -Wdeclaration-after-statement -Werror=vla -Wendif-labels -Wmissing-format-attribute -Wformat-security -fno-strict-aliasing -fwrapv -fexcess-precision=standard -Wno-format-truncation -Wno-stringop-truncation -O2  -D_GNU_SOURCE    conftest.c -lz -lcrypt -lm  >&5
/usr/bin/ld: /tmp/ccL77IlI.o: in function `main':
conftest.c:(.text.startup+0xb): undefined reference to `copyfile'
collect2: error: ld returned 1 exit status
configure:15717: $? = 1
configure: failed program was:
| /* confdefs.h */
| #define PACKAGE_NAME "PostgreSQL"
| #define PACKAGE_TARNAME "postgresql"
| #define PACKAGE_VERSION "12.22"
| #define PACKAGE_STRING "PostgreSQL 12.22"
| #define PACKAGE_BUGREPORT "pgsql-bugs@lists.postgresql.org"
| #define PACKAGE_URL ""
| #define PG_MAJORVERSION "12"
| #define PG_VERSION "12.22"
| #define DEF_PGPORT 5432
| #define DEF_PGPORT_STR "5432"
| #define BLCKSZ 8192
| #define RELSEG_SIZE 131072
| #define XLOG_BLCKSZ 8192
| #define ENABLE_THREAD_SAFETY 1
| #define PG_KRB_SRVNAM "postgres"
| #define STDC_HEADERS 1
| #define HAVE_SYS_TYPES_H 1
| #define HAVE_SYS_STAT_H 1
| #define HAVE_STDLIB_H 1
| #define HAVE_STRING_H 1
| #define HAVE_MEMORY_H 1
| #define HAVE_STRINGS_H 1
| #define HAVE_INTTYPES_H 1
| #define HAVE_STDINT_H 1
| #define HAVE_UNISTD_H 1
| #define HAVE_PTHREAD_PRIO_INHERIT 1
| #define HAVE_PTHREAD 1
| #define HAVE_STRERROR_R 1
| #define HAVE_GETPWUID_R 1
| #define HAVE_GETHOSTBYNAME_R 1
| #define HAVE_LIBM 1
| #define HAVE_LIBZ 1
| #define HAVE_SPINLOCKS 1
| #define HAVE_ATOMICS 1
| #define HAVE_CRYPT_H 1
| #define HAVE_GETOPT_H 1
| #define HAVE_IFADDRS_H 1
| #define HAVE_LANGINFO_H 1
| #define HAVE_POLL_H 1
| #define HAVE_SYS_EPOLL_H 1
| #define HAVE_SYS_IPC_H 1
| #define HAVE_SYS_PERSONALITY_H 1
| #define HAVE_SYS_PRCTL_H 1
| #define HAVE_SYS_RESOURCE_H 1
| #define HAVE_SYS_SELECT_H 1
| #define HAVE_SYS_SEM_H 1
| #define HAVE_SYS_SHM_H 1
| #define HAVE_SYS_UN_H 1
| #define HAVE_TERMIOS_H 1
| #define HAVE_UTIME_H 1
| #define HAVE_WCHAR_H 1
| #define HAVE_WCTYPE_H 1
| #define HAVE_NET_IF_H 1
| #define HAVE_NETINET_TCP_H 1
| #define PG_PRINTF_ATTRIBUTE gnu_printf
| #define FLEXIBLE_ARRAY_MEMBER /**/
| #define HAVE_FUNCNAME__FUNC 1
| #define HAVE__STATIC_ASSERT 1
| #define HAVE_TYPEOF 1
| #define HAVE__BUILTIN_TYPES_COMPATIBLE_P 1
| #define HAVE__BUILTIN_CONSTANT_P 1
| #define HAVE__BUILTIN_UNREACHABLE 1
| #define HAVE_COMPUTED_GOTO 1
| #define HAVE_STRUCT_TM_TM_ZONE 1
| #define HAVE_TM_ZONE 1
| #define HAVE_TZNAME 1
| #define HAVE_UNIX_SOCKETS 1
| #define HAVE_STRUCT_SOCKADDR_STORAGE 1
| #define HAVE_STRUCT_SOCKADDR_STORAGE_SS_FAMILY 1
| #define HAVE_STRUCT_ADDRINFO 1
| #define HAVE_INTPTR_T 1
| #define HAVE_UINTPTR_T 1
| #define HAVE_UNSIGNED_LONG_LONG_INT 1
| #define HAVE_LONG_LONG_INT 1
| #define HAVE_LOCALE_T 1
| #define restrict __restrict
| #define pg_restrict __restrict
| #define HAVE_STRUCT_OPTION 1
| #define HAVE_X86_64_POPCNTQ 1
| #define SIZEOF_OFF_T 8
| #define SIZEOF_BOOL 1
| #define HAVE_INT_TIMEZONE 1
| #define ACCEPT_TYPE_RETURN int
| #define ACCEPT_TYPE_ARG1 int
| #define ACCEPT_TYPE_ARG2 struct sockaddr *
| #define ACCEPT_TYPE_ARG3 socklen_t
| #define HAVE_CBRT 1
| #define HAVE_CLOCK_GETTIME 1
| /* end confdefs.h.  */
| /* Define copyfile to an innocuous variant, in case <limits.h> declares copyfile.
|    For example, HP-UX 11i <limits.h> declares gettimeofday.  */
| #define copyfile innocuous_copyfile
| 
| /* System header to define __stub macros and hopefully few prototypes,
|     which can conflict with char copyfile (); below.
|     Prefer <limits.h> to <assert.h> if __STDC__ is defined, since
|     <limits.h> exists even on freestanding compilers.  */
| 
| #ifdef __STDC__
| # include <limits.h>
| #else
| # include <assert.h>
| #endif
| 
| #undef copyfile
| 
| /* Override any GCC internal prototype to avoid an error.
|    Use char because int might match the return type of a GCC
|    builtin and then its argument prototype would still apply.  */
| #ifdef __cplusplus
| extern "C"
| #endif
| char copyfile ();
| /* The GNU C library defines this for functions which it implements
|     to always fail with ENOSYS.  Some functions are actually named
|     something starting with __ and the normal name is an alias.  */
| #if defined __stub_copyfile || defined __stub___copyfile
| choke me
| #endif
| 
| int
| main ()
| {
| return copyfile ();
|   ;
|   return 0;
| }
configure:15717: result: no
configure:15717: checking for fdatasync
configure:15717: gcc -o conftest -Wall -Wmissing-prototypes -Wpointer-arith -Wdeclaration-after-statement -Werror=vla -Wendif-labels -Wmissing-format-attribute -Wformat-security -fno-strict-aliasing -fwrapv -fexcess-precision=standard -Wno-format-truncation -Wno-stringop-truncation -O2  -D_GNU_SOURCE    conftest.c -lz -lcrypt -lm  >&5
configure:15717: $? = 0
configure:15717: result: yes
configure:15717: checking for getifaddrs
configure:15717: gcc -o conftest -Wall -Wmissing-prototypes -Wpointer-arith -Wdeclaration-after-statement -Werror=vla -Wendif-labels -Wmissing-format-attribute -Wformat-security -fno-strict-aliasing -fwrapv -fexcess-precision=standard -Wno-format-truncation -Wno-stringop-truncation -O2  -D_GNU_SOURCE    conftest.c -lz -lcrypt -lm  >&5
configure:15717: $? = 0
configure:15717: result: yes
configure:15717: checking for getpeerucred
configure:15717: gcc -o conftest -Wall -Wmissing-prototypes -Wpointer-arith -Wdeclaration-after-statement -Werror=vla -Wendif-labels -Wmissing-format-attribute -Wformat-security -fno-strict-aliasing -fwrapv -fexcess-precision=standard -Wno-format-truncation -Wno-stringop-truncation -O2  -D_GNU_SOURCE    conftest.c -lz -lcrypt -lm  >&5
/usr/bin/ld: /tmp/cclJ3vNq.o: in function `main':
conftest.c:(.text.startup+0xb): undefined reference to `getpeerucred'
collect2: error: ld returned 1 exit status
configure:15717: $? = 1
configure: failed program was:
| /* confdefs.h */
| #define PACKAGE_NAME "PostgreSQL"
| #define PACKAGE_TARNAME "postgresql"
| #define PACKAGE_VERSION "12.22"
| #define PACKAGE_STRING "PostgreSQL 12.22"
| #define PACKAGE_BUGREPORT "pgsql-bugs@lists.postgresql.org"
| #define PACKAGE_URL ""
| #define PG_MAJORVERSION "12"
| #define PG_VERSION "12.22"
| #define DEF_PGPORT 5432
| #define DEF_PGPORT_STR "5432"
| #define BLCKSZ 8192
| #define RELSEG_SIZE 131072
| #define XLOG_BLCKSZ 8192
| #define ENABLE_THREAD_SAFETY 1
| #define PG_KRB_SRVNAM "postgres"
| #define STDC_HEADERS 1
| #define HAVE_SYS_TYPES_H 1
| #define HAVE_SYS_STAT_H 1
| #define HAVE_STDLIB_H 1
| #define HAVE_STRING_H 1
| #define HAVE_MEMORY_H 1
| #define HAVE_STRINGS_H 1
| #define HAVE_INTTYPES_H 1
| #define HAVE_STDINT_H 1
| #define HAVE_UNISTD_H 1
| #define HAVE_PTHREAD_PRIO_INHERIT 1
| #define HAVE_PTHREAD 1
| #define HAVE_STRERROR_R 1
| #define HAVE_GETPWUID_R 1
| #define HAVE_GETHOSTBYNAME_R 1
| #define HAVE_LIBM 1
| #define HAVE_LIBZ 1
| #define HAVE_SPINLOCKS 1
| #define HAVE_ATOMICS 1
| #define HAVE_CRYPT_H 1
| #define HAVE_GETOPT_H 1
| #define HAVE_IFADDRS_H 1
| #define HAVE_LANGINFO_H 1
| #define HAVE_POLL_H 1
| #define HAVE_SYS_EPOLL_H 1
| #define HAVE_SYS_IPC_H 1
| #define HAVE_SYS_PERSONALITY_H 1
| #define HAVE_SYS_PRCTL_H 1
| #define HAVE_SYS_RESOURCE_H 1
| #define HAVE_SYS_SELECT_H 1
| #define HAVE_SYS_SEM_H 1
| #define HAVE_SYS_SHM_H 1
| #define HAVE_SYS_UN_H 1
| #define HAVE_TERMIOS_H 1
| #define HAVE_UTIME_H 1
| #define HAVE_WCHAR_H 1
| #define HAVE_WCTYPE_H 1
| #define HAVE_NET_IF_H 1
| #define HAVE_NETINET_TCP_H 1
| #define PG_PRINTF_ATTRIBUTE gnu_printf
| #define FLEXIBLE_ARRAY_MEMBER /**/
| #define HAVE_FUNCNAME__FUNC 1
| #define HAVE__STATIC_ASSERT 1
| #define HAVE_TYPEOF 1
| #define HAVE__BUILTIN_TYPES_COMPATIBLE_P 1
| #define HAVE__BUILTIN_CONSTANT_P 1
| #define HAVE__BUILTIN_UNREACHABLE 1
| #define HAVE_COMPUTED_GOTO 1
| #define HAVE_STRUCT_TM_TM_ZONE 1
| #define HAVE_TM_ZONE 1
| #define HAVE_TZNAME 1
| #define HAVE_UNIX_SOCKETS 1
| #define HAVE_STRUCT_SOCKADDR_STORAGE 1
| #define HAVE_STRUCT_SOCKADDR_STORAGE_SS_FAMILY 1
| #define HAVE_STRUCT_ADDRINFO 1
| #define HAVE_INTPTR_T 1
| #define HAVE_UINTPTR_T 1
| #define HAVE_UNSIGNED_LONG_LONG_INT 1
| #define HAVE_LONG_LONG_INT 1
| #define HAVE_LOCALE_T 1
| #define restrict __restrict
| #define pg_restrict __restrict
| #define HAVE_STRUCT_OPTION 1
| #define HAVE_X86_64_POPCNTQ 1
| #define SIZEOF_OFF_T 8
| #define SIZEOF_BOOL 1
| #define HAVE_INT_TIMEZONE 1
| #define ACCEPT_TYPE_RETURN int
| #define ACCEPT_TYPE_ARG1 int
| #define ACCEPT_TYPE_ARG2 struct sockaddr *
| #define ACCEPT_TYPE_ARG3 socklen_t
| #define HAVE_CBRT 1
| #define HAVE_CLOCK_GETTIME 1
| #define HAVE_FDATASYNC 1
| #define HAVE_GETIFADDRS 1
| /* end confdefs.h.  */
| /* Define getpeerucred to an innocuous variant, in case <limits.h> declares getpeerucred.
|    For example, HP-UX 11i <limits.h> declares gettimeofday.  */
| #define getpeerucred innocuous_getpeerucred
| 
| /* System header to define __stub macros and hopefully few prototypes,
|     which can conflict with char getpeerucred (); below.
|     Prefer <limits.h> to <assert.h> if __STDC__ is defined, since
|     <limits.h> exists even on freestanding compilers.  */
| 
| #ifdef __STDC__
| # include <limits.h>
| #else
| # include <assert.h>
| #endif
| 
| #undef getpeerucred
| 
| /* Override any GCC internal prototype to avoid an error.
|    Use char because int might match the return type of a GCC
|    builtin and then its argument prototype would still apply.  */
| #ifdef __cplusplus
| extern "C"
| #endif
| char getpeerucred ();
| /* The GNU C library defines this for functions which it implements
|     to always fail with ENOSYS.  Some functions are actually named
|     something starting with __ and the normal name is an alias.  */
| #if defined __stub_getpeerucred || defined __stub___getpeerucred
| choke me
| #endif
| 
| int
| main ()
| {
| return getpeerucred ();
|   ;
|   return 0;
| }
configure:15717: result: no
configure:15717: checking for getrlimit
configure:15717: gcc -o conftest -Wall -Wmissing-prototypes -Wpointer-arith -Wdeclaration-after-statement -Werror=vla -Wendif-labels -Wmissing-format-attribute -Wformat-security -fno-strict-aliasing -fwrapv -fexcess-precision=standard -Wno-format-truncation -Wno-stringop-truncation -O2  -D_GNU_SOURCE    conftest.c -lz -lcrypt -lm  >&5
configure:15717: $? = 0
configure:15717: result: yes
configure:15717: checking for mbstowcs_l
configure:15717: gcc -o conftest -Wall -Wmissing-prototypes -Wpointer-arith -Wdeclaration-after-statement -Werror=vla -Wendif-labels -Wmissing-format-attribute -Wformat-security -fno-strict-aliasing -fwrapv -fexcess-precision=standard -Wno-format-truncation -Wno-stringop-truncation -O2  -D_GNU_SOURCE    conftest.c -lz -lcrypt -lm  >&5
/usr/bin/ld: /tmp/ccF9YMIQ.o: in function `main':
conftest.c:(.text.startup+0xb): undefined reference to `mbstowcs_l'
collect2: error: ld returned 1 exit status
configure:15717: $? = 1
configure: failed program was:
| /* confdefs.h */
| #define PACKAGE_NAME "PostgreSQL"
| #define PACKAGE_TARNAME "postgresql"
| #define PACKAGE_VERSION "12.22"
| #define PACKAGE_STRING "PostgreSQL 12.22"
| #define PACKAGE_BUGREPORT "pgsql-bugs@lists.postgresql.org"
| #define PACKAGE_URL ""
| #define PG_MAJORVERSION "12"
| #define PG_VERSION "12.22"
| #define DEF_PGPORT 5432
| #define DEF_PGPORT_STR "5432"
| #define BLCKSZ 8192
| #define RELSEG_SIZE 131072
| #define XLOG_BLCKSZ 8192
| #define ENABLE_THREAD_SAFETY 1
| #define PG_KRB_SRVNAM "postgres"
| #define STDC_HEADERS 1
| #define HAVE_SYS_TYPES_H 1
| #define HAVE_SYS_STAT_H 1
| #define HAVE_STDLIB_H 1
| #define HAVE_STRING_H 1
| #define HAVE_MEMORY_H 1
| #define HAVE_STRINGS_H 1
| #define HAVE_INTTYPES_H 1
| #define HAVE_STDINT_H 1
| #define HAVE_UNISTD_H 1
| #define HAVE_PTHREAD_PRIO_INHERIT 1
| #define HAVE_PTHREAD 1
| #define HAVE_STRERROR_R 1
| #define HAVE_GETPWUID_R 1
| #define HAVE_GETHOSTBYNAME_R 1
| #define HAVE_LIBM 1
| #define HAVE_LIBZ 1
| #define HAVE_SPINLOCKS 1
| #define HAVE_ATOMICS 1
| #define HAVE_CRYPT_H 1
| #define HAVE_GETOPT_H 1
| #define HAVE_IFADDRS_H 1
| #define HAVE_LANGINFO_H 1
| #define HAVE_POLL_H 1
| #define HAVE_SYS_EPOLL_H 1
| #define HAVE_SYS_IPC_H 1
| #define HAVE_SYS_PERSONALITY_H 1
| #define HAVE_SYS_PRCTL_H 1
| #define HAVE_SYS_RESOURCE_H 1
| #define HAVE_SYS_SELECT_H 1
| #define HAVE_SYS_SEM_H 1
| #define HAVE_SYS_SHM_H 1
| #define HAVE_SYS_UN_H 1
| #define HAVE_TERMIOS_H 1
| #define HAVE_UTIME_H 1
| #define HAVE_WCHAR_H 1
| #define HAVE_WCTYPE_H 1
| #define HAVE_NET_IF_H 1
| #define HAVE_NETINET_TCP_H 1
| #define PG_PRINTF_ATTRIBUTE gnu_printf
| #define FLEXIBLE_ARRAY_MEMBER /**/
| #define HAVE_FUNCNAME__FUNC 1
| #define HAVE__STATIC_ASSERT 1
| #define HAVE_TYPEOF 1
| #define HAVE__BUILTIN_TYPES_COMPATIBLE_P 1
| #define HAVE__BUILTIN_CONSTANT_P 1
| #define HAVE__BUILTIN_UNREACHABLE 1
| #define HAVE_COMPUTED_GOTO 1
| #define HAVE_STRUCT_TM_TM_ZONE 1
| #define HAVE_TM_ZONE 1
| #define HAVE_TZNAME 1
| #define HAVE_UNIX_SOCKETS 1
| #define HAVE_STRUCT_SOCKADDR_STORAGE 1
| #define HAVE_STRUCT_SOCKADDR_STORAGE_SS_FAMILY 1
| #define HAVE_STRUCT_ADDRINFO 1
| #define HAVE_INTPTR_T 1
| #define HAVE_UINTPTR_T 1
| #define HAVE_UNSIGNED_LONG_LONG_INT 1
| #define HAVE_LONG_LONG_INT 1
| #define HAVE_LOCALE_T 1
| #define restrict __restrict
| #define pg_restrict __restrict
| #define HAVE_STRUCT_OPTION 1
| #define HAVE_X86_64_POPCNTQ 1
| #define SIZEOF_OFF_T 8
| #define SIZEOF_BOOL 1
| #define HAVE_INT_TIMEZONE 1
| #define ACCEPT_TYPE_RETURN int
| #define ACCEPT_TYPE_ARG1 int
| #define ACCEPT_TYPE_ARG2 struct sockaddr *
| #define ACCEPT_TYPE_ARG3 socklen_t
| #define HAVE_CBRT 1
| #define HAVE_CLOCK_GETTIME 1
| #define HAVE_FDATASYNC 1
| #define HAVE_GETIFADDRS 1
| #define HAVE_GETRLIMIT 1
| /* end confdefs.h.  */
| /* Define mbstowcs_l to an innocuous variant, in case <limits.h> declares mbstowcs_l.
|    For example, HP-UX 11i <limits.h> declares gettimeofday.  */
| #define mbstowcs_l innocuous_mbstowcs_l
| 
| /* System header to define __stub macros and hopefully few prototypes,
|     which can conflict with char mbstowcs_l (); below.
|     Prefer <limits.h> to <assert.h> if __STDC__ is defined, since
|     <limits.h> exists even on freestanding compilers.  */
| 
| #ifdef __STDC__
| # include <limits.h>
| #else
| # include <assert.h>
| #endif
| 
| #undef mbstowcs_l
| 
| /* Override any GCC internal prototype to avoid an error.
|    Use char because int might match the return type of a GCC
|    builtin and then its argument prototype would still apply.  */
| #ifdef __cplusplus
| extern "C"
| #endif
| char mbstowcs_l ();
| /* The GNU C library defines this for functions which it implements
|     to always fail with ENOSYS.  Some functions are actually named
|     something starting with __ and the normal name is an alias.  */
| #if defined __stub_mbstowcs_l || defined __stub___mbstowcs_l
| choke me
| #endif
| 
| int
| main ()
| {
| return mbstowcs_l ();
|   ;
|   return 0;
| }
configure:15717: result: no
configure:15717: checking for memmove
configure:15717: gcc -o conftest -Wall -Wmissing-prototypes -Wpointer-arith -Wdeclaration-after-statement -Werror=vla -Wendif-labels -Wmissing-format-attribute -Wformat-security -fno-strict-aliasing -fwrapv -fexcess-precision=standard -Wno-format-truncation -Wno-stringop-truncation -O2  -D_GNU_SOURCE    conftest.c -lz -lcrypt -lm  >&5
conftest.c:117:6: warning: conflicting types for built-in function 'memmove'; expected 'void *(void *, const void *, long unsigned int)' [-Wbuiltin-declaration-mismatch]
  117 | char memmove ();
      |      ^~~~~~~
conftest.c:105:1: note: 'memmove' is declared in header '<string.h>'
  104 | # include <limits.h>
  105 | #else
configure:15717: $? = 0
configure:15717: result: yes
configure:15717: checking for poll
configure:15717: gcc -o conftest -Wall -Wmissing-prototypes -Wpointer-arith -Wdeclaration-after-statement -Werror=vla -Wendif-labels -Wmissing-format-attribute -Wformat-security -fno-strict-aliasing -fwrapv -fexcess-precision=standard -Wno-format-truncation -Wno-stringop-truncation -O2  -D_GNU_SOURCE    conftest.c -lz -lcrypt -lm  >&5
configure:15717: $? = 0
configure:15717: result: yes
configure:15717: checking for posix_fallocate
configure:15717: gcc -o conftest -Wall -Wmissing-prototypes -Wpointer-arith -Wdeclaration-after-statement -Werror=vla -Wendif-labels -Wmissing-format-attribute -Wformat-security -fno-strict-aliasing -fwrapv -fexcess-precision=standard -Wno-format-truncation -Wno-stringop-truncation -O2  -D_GNU_SOURCE    conftest.c -lz -lcrypt -lm  >&5
configure:15717: $? = 0
configure:15717: result: yes
configure:15717: checking for ppoll
configure:15717: gcc -o conftest -Wall -Wmissing-prototypes -Wpointer-arith -Wdeclaration-after-statement -Werror=vla -Wendif-labels -Wmissing-format-attribute -Wformat-security -fno-strict-aliasing -fwrapv -fexcess-precision=standard -Wno-format-truncation -Wno-stringop-truncation -O2  -D_GNU_SOURCE    conftest.c -lz -lcrypt -lm  >&5
configure:15717: $? = 0
configure:15717: result: yes
configure:15717: checking for pstat
configure:15717: gcc -o conftest -Wall -Wmissing-prototypes -Wpointer-arith -Wdeclaration-after-statement -Werror=vla -Wendif-labels -Wmissing-format-attribute -Wformat-security -fno-strict-aliasing -fwrapv -fexcess-precision=standard -Wno-format-truncation -Wno-stringop-truncation -O2  -D_GNU_SOURCE    conftest.c -lz -lcrypt -lm  >&5
/usr/bin/ld: /tmp/cc0tiaQz.o: in function `main':
conftest.c:(.text.startup+0xb): undefined reference to `pstat'
collect2: error: ld returned 1 exit status
configure:15717: $? = 1
configure: failed program was:
| /* confdefs.h */
| #define PACKAGE_NAME "PostgreSQL"
| #define PACKAGE_TARNAME "postgresql"
| #define PACKAGE_VERSION "12.22"
| #define PACKAGE_STRING "PostgreSQL 12.22"
| #define PACKAGE_BUGREPORT "pgsql-bugs@lists.postgresql.org"
| #define PACKAGE_URL ""
| #define PG_MAJORVERSION "12"
| #define PG_VERSION "12.22"
| #define DEF_PGPORT 5432
| #define DEF_PGPORT_STR "5432"
| #define BLCKSZ 8192
| #define RELSEG_SIZE 131072
| #define XLOG_BLCKSZ 8192
| #define ENABLE_THREAD_SAFETY 1
| #define PG_KRB_SRVNAM "postgres"
| #define STDC_HEADERS 1
| #define HAVE_SYS_TYPES_H 1
| #define HAVE_SYS_STAT_H 1
| #define HAVE_STDLIB_H 1
| #define HAVE_STRING_H 1
| #define HAVE_MEMORY_H 1
| #define HAVE_STRINGS_H 1
| #define HAVE_INTTYPES_H 1
| #define HAVE_STDINT_H 1
| #define HAVE_UNISTD_H 1
| #define HAVE_PTHREAD_PRIO_INHERIT 1
| #define HAVE_PTHREAD 1
| #define HAVE_STRERROR_R 1
| #define HAVE_GETPWUID_R 1
| #define HAVE_GETHOSTBYNAME_R 1
| #define HAVE_LIBM 1
| #define HAVE_LIBZ 1
| #define HAVE_SPINLOCKS 1
| #define HAVE_ATOMICS 1
| #define HAVE_CRYPT_H 1
| #define HAVE_GETOPT_H 1
| #define HAVE_IFADDRS_H 1
| #define HAVE_LANGINFO_H 1
| #define HAVE_POLL_H 1
| #define HAVE_SYS_EPOLL_H 1
| #define HAVE_SYS_IPC_H 1
| #define HAVE_SYS_PERSONALITY_H 1
| #define HAVE_SYS_PRCTL_H 1
| #define HAVE_SYS_RESOURCE_H 1
| #define HAVE_SYS_SELECT_H 1
| #define HAVE_SYS_SEM_H 1
| #define HAVE_SYS_SHM_H 1
| #define HAVE_SYS_UN_H 1
| #define HAVE_TERMIOS_H 1
| #define HAVE_UTIME_H 1
| #define HAVE_WCHAR_H 1
| #define HAVE_WCTYPE_H 1
| #define HAVE_NET_IF_H 1
| #define HAVE_NETINET_TCP_H 1
| #define PG_PRINTF_ATTRIBUTE gnu_printf
| #define FLEXIBLE_ARRAY_MEMBER /**/
| #define HAVE_FUNCNAME__FUNC 1
| #define HAVE__STATIC_ASSERT 1
| #define HAVE_TYPEOF 1
| #define HAVE__BUILTIN_TYPES_COMPATIBLE_P 1
| #define HAVE__BUILTIN_CONSTANT_P 1
| #define HAVE__BUILTIN_UNREACHABLE 1
| #define HAVE_COMPUTED_GOTO 1
| #define HAVE_STRUCT_TM_TM_ZONE 1
| #define HAVE_TM_ZONE 1
| #define HAVE_TZNAME 1
| #define HAVE_UNIX_SOCKETS 1
| #define HAVE_STRUCT_SOCKADDR_STORAGE 1
| #define HAVE_STRUCT_SOCKADDR_STORAGE_SS_FAMILY 1
| #define HAVE_STRUCT_ADDRINFO 1
| #define HAVE_INTPTR_T 1
| #define HAVE_UINTPTR_T 1
| #define HAVE_UNSIGNED_LONG_LONG_INT 1
| #define HAVE_LONG_LONG_INT 1
| #define HAVE_LOCALE_T 1
| #define restrict __restrict
| #define pg_restrict __restrict
| #define HAVE_STRUCT_OPTION 1
| #define HAVE_X86_64_POPCNTQ 1
| #define SIZEOF_OFF_T 8
| #define SIZEOF_BOOL 1
| #define HAVE_INT_TIMEZONE 1
| #define ACCEPT_TYPE_RETURN int
| #define ACCEPT_TYPE_ARG1 int
| #define ACCEPT_TYPE_ARG2 struct sockaddr *
| #define ACCEPT_TYPE_ARG3 socklen_t
| #define HAVE_CBRT 1
| #define HAVE_CLOCK_GETTIME 1
| #define HAVE_FDATASYNC 1
| #define HAVE_GETIFADDRS 1
| #define HAVE_GETRLIMIT 1
| #define HAVE_MEMMOVE 1
| #define HAVE_POLL 1
| #define HAVE_POSIX_FALLOCATE 1
| #define HAVE_PPOLL 1
| /* end confdefs.h.  */
| /* Define pstat to an innocuous variant, in case <limits.h> declares pstat.
|    For example, HP-UX 11i <limits.h> declares gettimeofday.  */
| #define pstat innocuous_pstat
| 
| /* System header to define __stub macros and hopefully few prototypes,
|     which can conflict with char pstat (); below.
|     Prefer <limits.h> to <assert.h> if __STDC__ is defined, since
|     <limits.h> exists even on freestanding compilers.  */
| 
| #ifdef __STDC__
| # include <limits.h>
| #else
| # include <assert.h>
| #endif
| 
| #undef pstat
| 
| /* Override any GCC internal prototype to avoid an error.
|    Use char because int might match the return type of a GCC
|    builtin and then its argument prototype would still apply.  */
| #ifdef __cplusplus
| extern "C"
| #endif
| char pstat ();
| /* The GNU C library defines this for functions which it implements
|     to always fail with ENOSYS.  Some functions are actually named
|     something starting with __ and the normal name is an alias.  */
| #if defined __stub_pstat || defined __stub___pstat
| choke me
| #endif
| 
| int
| main ()
| {
| return pstat ();
|   ;
|   return 0;
| }
configure:15717: result: no
configure:15717: checking for pthread_is_threaded_np
configure:15717: gcc -o conftest -Wall -Wmissing-prototypes -Wpointer-arith -Wdeclaration-after-statement -Werror=vla -Wendif-labels -Wmissing-format-attribute -Wformat-security -fno-strict-aliasing -fwrapv -fexcess-precision=standard -Wno-format-truncation -Wno-stringop-truncation -O2  -D_GNU_SOURCE    conftest.c -lz -lcrypt -lm  >&5
/usr/bin/ld: /tmp/cciIimTd.o: in function `main':
conftest.c:(.text.startup+0xb): undefined reference to `pthread_is_threaded_np'
collect2: error: ld returned 1 exit status
configure:15717: $? = 1
configure: failed program was:
| /* confdefs.h */
| #define PACKAGE_NAME "PostgreSQL"
| #define PACKAGE_TARNAME "postgresql"
| #define PACKAGE_VERSION "12.22"
| #define PACKAGE_STRING "PostgreSQL 12.22"
| #define PACKAGE_BUGREPORT "pgsql-bugs@lists.postgresql.org"
| #define PACKAGE_URL ""
| #define PG_MAJORVERSION "12"
| #define PG_VERSION "12.22"
| #define DEF_PGPORT 5432
| #define DEF_PGPORT_STR "5432"
| #define BLCKSZ 8192
| #define RELSEG_SIZE 131072
| #define XLOG_BLCKSZ 8192
| #define ENABLE_THREAD_SAFETY 1
| #define PG_KRB_SRVNAM "postgres"
| #define STDC_HEADERS 1
| #define HAVE_SYS_TYPES_H 1
| #define HAVE_SYS_STAT_H 1
| #define HAVE_STDLIB_H 1
| #define HAVE_STRING_H 1
| #define HAVE_MEMORY_H 1
| #define HAVE_STRINGS_H 1
| #define HAVE_INTTYPES_H 1
| #define HAVE_STDINT_H 1
| #define HAVE_UNISTD_H 1
| #define HAVE_PTHREAD_PRIO_INHERIT 1
| #define HAVE_PTHREAD 1
| #define HAVE_STRERROR_R 1
| #define HAVE_GETPWUID_R 1
| #define HAVE_GETHOSTBYNAME_R 1
| #define HAVE_LIBM 1
| #define HAVE_LIBZ 1
| #define HAVE_SPINLOCKS 1
| #define HAVE_ATOMICS 1
| #define HAVE_CRYPT_H 1
| #define HAVE_GETOPT_H 1
| #define HAVE_IFADDRS_H 1
| #define HAVE_LANGINFO_H 1
| #define HAVE_POLL_H 1
| #define HAVE_SYS_EPOLL_H 1
| #define HAVE_SYS_IPC_H 1
| #define HAVE_SYS_PERSONALITY_H 1
| #define HAVE_SYS_PRCTL_H 1
| #define HAVE_SYS_RESOURCE_H 1
| #define HAVE_SYS_SELECT_H 1
| #define HAVE_SYS_SEM_H 1
| #define HAVE_SYS_SHM_H 1
| #define HAVE_SYS_UN_H 1
| #define HAVE_TERMIOS_H 1
| #define HAVE_UTIME_H 1
| #define HAVE_WCHAR_H 1
| #define HAVE_WCTYPE_H 1
| #define HAVE_NET_IF_H 1
| #define HAVE_NETINET_TCP_H 1
| #define PG_PRINTF_ATTRIBUTE gnu_printf
| #define FLEXIBLE_ARRAY_MEMBER /**/
| #define HAVE_FUNCNAME__FUNC 1
| #define HAVE__STATIC_ASSERT 1
| #define HAVE_TYPEOF 1
| #define HAVE__BUILTIN_TYPES_COMPATIBLE_P 1
| #define HAVE__BUILTIN_CONSTANT_P 1
| #define HAVE__BUILTIN_UNREACHABLE 1
| #define HAVE_COMPUTED_GOTO 1
| #define HAVE_STRUCT_TM_TM_ZONE 1
| #define HAVE_TM_ZONE 1
| #define HAVE_TZNAME 1
| #define HAVE_UNIX_SOCKETS 1
| #define HAVE_STRUCT_SOCKADDR_STORAGE 1
| #define HAVE_STRUCT_SOCKADDR_STORAGE_SS_FAMILY 1
| #define HAVE_STRUCT_ADDRINFO 1
| #define HAVE_INTPTR_T 1
| #define HAVE_UINTPTR_T 1
| #define HAVE_UNSIGNED_LONG_LONG_INT 1
| #define HAVE_LONG_LONG_INT 1
| #define HAVE_LOCALE_T 1
| #define restrict __restrict
| #define pg_restrict __restrict
| #define HAVE_STRUCT_OPTION 1
| #define HAVE_X86_64_POPCNTQ 1
| #define SIZEOF_OFF_T 8
| #define SIZEOF_BOOL 1
| #define HAVE_INT_TIMEZONE 1
| #define ACCEPT_TYPE_RETURN int
| #define ACCEPT_TYPE_ARG1 int
| #define ACCEPT_TYPE_ARG2 struct sockaddr *
| #define ACCEPT_TYPE_ARG3 socklen_t
| #define HAVE_CBRT 1
| #define HAVE_CLOCK_GETTIME 1
| #define HAVE_FDATASYNC 1
| #define HAVE_GETIFADDRS 1
| #define HAVE_GETRLIMIT 1
| #define HAVE_MEMMOVE 1
| #define HAVE_POLL 1
| #define HAVE_POSIX_FALLOCATE 1
| #define HAVE_PPOLL 1
| /* end confdefs.h.  */
| /* Define pthread_is_threaded_np to an innocuous variant, in case <limits.h> declares pthread_is_threaded_np.
|    For example, HP-UX 11i <limits.h> declares gettimeofday.  */
| #define pthread_is_threaded_np innocuous_pthread_is_threaded_np
| 
| /* System header to define __stub macros and hopefully few prototypes,
|     which can conflict with char pthread_is_threaded_np (); below.
|     Prefer <limits.h> to <assert.h> if __STDC__ is defined, since
|     <limits.h> exists even on freestanding compilers.  */
| 
| #ifdef __STDC__
| # include <limits.h>
| #else
| # include <assert.h>
| #endif
| 
| #undef pthread_is_threaded_np
| 
| /* Override any GCC internal prototype to avoid an error.
|    Use char because int might match the return type of a GCC
|    builtin and then its argument prototype would still apply.  */
| #ifdef __cplusplus
| extern "C"
| #endif
| char pthread_is_threaded_np ();
| /* The GNU C library defines this for functions which it implements
|     to always fail with ENOSYS.  Some functions are actually named
|     something starting with __ and the normal name is an alias.  */
| #if defined __stub_pthread_is_threaded_np || defined __stub___pthread_is_threaded_np
| choke me
| #endif
| 
| int
| main ()
| {
| return pthread_is_threaded_np ();
|   ;
|   return 0;
| }
configure:15717: result: no
configure:15717: checking for readlink
configure:15717: gcc -o conftest -Wall -Wmissing-prototypes -Wpointer-arith -Wdeclaration-after-statement -Werror=vla -Wendif-labels -Wmissing-format-attribute -Wformat-security -fno-strict-aliasing -fwrapv -fexcess-precision=standard -Wno-format-truncation -Wno-stringop-truncation -O2  -D_GNU_SOURCE    conftest.c -lz -lcrypt -lm  >&5
configure:15717: $? = 0
configure:15717: result: yes
configure:15717: checking for setproctitle
configure:15717: gcc -o conftest -Wall -Wmissing-prototypes -Wpointer-arith -Wdeclaration-after-statement -Werror=vla -Wendif-labels -Wmissing-format-attribute -Wformat-security -fno-strict-aliasing -fwrapv -fexcess-precision=standard -Wno-format-truncation -Wno-stringop-truncation -O2  -D_GNU_SOURCE    conftest.c -lz -lcrypt -lm  >&5
/usr/bin/ld: /tmp/ccu45dww.o: in function `main':
conftest.c:(.text.startup+0xb): undefined reference to `setproctitle'
collect2: error: ld returned 1 exit status
configure:15717: $? = 1
configure: failed program was:
| /* confdefs.h */
| #define PACKAGE_NAME "PostgreSQL"
| #define PACKAGE_TARNAME "postgresql"
| #define PACKAGE_VERSION "12.22"
| #define PACKAGE_STRING "PostgreSQL 12.22"
| #define PACKAGE_BUGREPORT "pgsql-bugs@lists.postgresql.org"
| #define PACKAGE_URL ""
| #define PG_MAJORVERSION "12"
| #define PG_VERSION "12.22"
| #define DEF_PGPORT 5432
| #define DEF_PGPORT_STR "5432"
| #define BLCKSZ 8192
| #define RELSEG_SIZE 131072
| #define XLOG_BLCKSZ 8192
| #define ENABLE_THREAD_SAFETY 1
| #define PG_KRB_SRVNAM "postgres"
| #define STDC_HEADERS 1
| #define HAVE_SYS_TYPES_H 1
| #define HAVE_SYS_STAT_H 1
| #define HAVE_STDLIB_H 1
| #define HAVE_STRING_H 1
| #define HAVE_MEMORY_H 1
| #define HAVE_STRINGS_H 1
| #define HAVE_INTTYPES_H 1
| #define HAVE_STDINT_H 1
| #define HAVE_UNISTD_H 1
| #define HAVE_PTHREAD_PRIO_INHERIT 1
| #define HAVE_PTHREAD 1
| #define HAVE_STRERROR_R 1
| #define HAVE_GETPWUID_R 1
| #define HAVE_GETHOSTBYNAME_R 1
| #define HAVE_LIBM 1
| #define HAVE_LIBZ 1
| #define HAVE_SPINLOCKS 1
| #define HAVE_ATOMICS 1
| #define HAVE_CRYPT_H 1
| #define HAVE_GETOPT_H 1
| #define HAVE_IFADDRS_H 1
| #define HAVE_LANGINFO_H 1
| #define HAVE_POLL_H 1
| #define HAVE_SYS_EPOLL_H 1
| #define HAVE_SYS_IPC_H 1
| #define HAVE_SYS_PERSONALITY_H 1
| #define HAVE_SYS_PRCTL_H 1
| #define HAVE_SYS_RESOURCE_H 1
| #define HAVE_SYS_SELECT_H 1
| #define HAVE_SYS_SEM_H 1
| #define HAVE_SYS_SHM_H 1
| #define HAVE_SYS_UN_H 1
| #define HAVE_TERMIOS_H 1
| #define HAVE_UTIME_H 1
| #define HAVE_WCHAR_H 1
| #define HAVE_WCTYPE_H 1
| #define HAVE_NET_IF_H 1
| #define HAVE_NETINET_TCP_H 1
| #define PG_PRINTF_ATTRIBUTE gnu_printf
| #define FLEXIBLE_ARRAY_MEMBER /**/
| #define HAVE_FUNCNAME__FUNC 1
| #define HAVE__STATIC_ASSERT 1
| #define HAVE_TYPEOF 1
| #define HAVE__BUILTIN_TYPES_COMPATIBLE_P 1
| #define HAVE__BUILTIN_CONSTANT_P 1
| #define HAVE__BUILTIN_UNREACHABLE 1
| #define HAVE_COMPUTED_GOTO 1
| #define HAVE_STRUCT_TM_TM_ZONE 1
| #define HAVE_TM_ZONE 1
| #define HAVE_TZNAME 1
| #define HAVE_UNIX_SOCKETS 1
| #define HAVE_STRUCT_SOCKADDR_STORAGE 1
| #define HAVE_STRUCT_SOCKADDR_STORAGE_SS_FAMILY 1
| #define HAVE_STRUCT_ADDRINFO 1
| #define HAVE_INTPTR_T 1
| #define HAVE_UINTPTR_T 1
| #define HAVE_UNSIGNED_LONG_LONG_INT 1
| #define HAVE_LONG_LONG_INT 1
| #define HAVE_LOCALE_T 1
| #define restrict __restrict
| #define pg_restrict __restrict
| #define HAVE_STRUCT_OPTION 1
| #define HAVE_X86_64_POPCNTQ 1
| #define SIZEOF_OFF_T 8
| #define SIZEOF_BOOL 1
| #define HAVE_INT_TIMEZONE 1
| #define ACCEPT_TYPE_RETURN int
| #define ACCEPT_TYPE_ARG1 int
| #define ACCEPT_TYPE_ARG2 struct sockaddr *
| #define ACCEPT_TYPE_ARG3 socklen_t
| #define HAVE_CBRT 1
| #define HAVE_CLOCK_GETTIME 1
| #define HAVE_FDATASYNC 1
| #define HAVE_GETIFADDRS 1
| #define HAVE_GETRLIMIT 1
| #define HAVE_MEMMOVE 1
| #define HAVE_POLL 1
| #define HAVE_POSIX_FALLOCATE 1
| #define HAVE_PPOLL 1
| #define HAVE_READLINK 1
| /* end confdefs.h.  */
| /* Define setproctitle to an innocuous variant, in case <limits.h> declares setproctitle.
|    For example, HP-UX 11i <limits.h> declares gettimeofday.  */
| #define setproctitle innocuous_setproctitle
| 
| /* System header to define __stub macros and hopefully few prototypes,
|     which can conflict with char setproctitle (); below.
|     Prefer <limits.h> to <assert.h> if __STDC__ is defined, since
|     <limits.h> exists even on freestanding compilers.  */
| 
| #ifdef __STDC__
| # include <limits.h>
| #else
| # include <assert.h>
| #endif
| 
| #undef setproctitle
| 
| /* Override any GCC internal prototype to avoid an error.
|    Use char because int might match the return type of a GCC
|    builtin and then its argument prototype would still apply.  */
| #ifdef __cplusplus
| extern "C"
| #endif
| char setproctitle ();
| /* The GNU C library defines this for functions which it implements
|     to always fail with ENOSYS.  Some functions are actually named
|     something starting with __ and the normal name is an alias.  */
| #if defined __stub_setproctitle || defined __stub___setproctitle
| choke me
| #endif
| 
| int
| main ()
| {
| return setproctitle ();
|   ;
|   return 0;
| }
configure:15717: result: no
configure:15717: checking for setproctitle_fast
configure:15717: gcc -o conftest -Wall -Wmissing-prototypes -Wpointer-arith -Wdeclaration-after-statement -Werror=vla -Wendif-labels -Wmissing-format-attribute -Wformat-security -fno-strict-aliasing -fwrapv -fexcess-precision=standard -Wno-format-truncation -Wno-stringop-truncation -O2  -D_GNU_SOURCE    conftest.c -lz -lcrypt -lm  >&5
/usr/bin/ld: /tmp/ccYmG9xP.o: in function `main':
conftest.c:(.text.startup+0xb): undefined reference to `setproctitle_fast'
collect2: error: ld returned 1 exit status
configure:15717: $? = 1
configure: failed program was:
| /* confdefs.h */
| #define PACKAGE_NAME "PostgreSQL"
| #define PACKAGE_TARNAME "postgresql"
| #define PACKAGE_VERSION "12.22"
| #define PACKAGE_STRING "PostgreSQL 12.22"
| #define PACKAGE_BUGREPORT "pgsql-bugs@lists.postgresql.org"
| #define PACKAGE_URL ""
| #define PG_MAJORVERSION "12"
| #define PG_VERSION "12.22"
| #define DEF_PGPORT 5432
| #define DEF_PGPORT_STR "5432"
| #define BLCKSZ 8192
| #define RELSEG_SIZE 131072
| #define XLOG_BLCKSZ 8192
| #define ENABLE_THREAD_SAFETY 1
| #define PG_KRB_SRVNAM "postgres"
| #define STDC_HEADERS 1
| #define HAVE_SYS_TYPES_H 1
| #define HAVE_SYS_STAT_H 1
| #define HAVE_STDLIB_H 1
| #define HAVE_STRING_H 1
| #define HAVE_MEMORY_H 1
| #define HAVE_STRINGS_H 1
| #define HAVE_INTTYPES_H 1
| #define HAVE_STDINT_H 1
| #define HAVE_UNISTD_H 1
| #define HAVE_PTHREAD_PRIO_INHERIT 1
| #define HAVE_PTHREAD 1
| #define HAVE_STRERROR_R 1
| #define HAVE_GETPWUID_R 1
| #define HAVE_GETHOSTBYNAME_R 1
| #define HAVE_LIBM 1
| #define HAVE_LIBZ 1
| #define HAVE_SPINLOCKS 1
| #define HAVE_ATOMICS 1
| #define HAVE_CRYPT_H 1
| #define HAVE_GETOPT_H 1
| #define HAVE_IFADDRS_H 1
| #define HAVE_LANGINFO_H 1
| #define HAVE_POLL_H 1
| #define HAVE_SYS_EPOLL_H 1
| #define HAVE_SYS_IPC_H 1
| #define HAVE_SYS_PERSONALITY_H 1
| #define HAVE_SYS_PRCTL_H 1
| #define HAVE_SYS_RESOURCE_H 1
| #define HAVE_SYS_SELECT_H 1
| #define HAVE_SYS_SEM_H 1
| #define HAVE_SYS_SHM_H 1
| #define HAVE_SYS_UN_H 1
| #define HAVE_TERMIOS_H 1
| #define HAVE_UTIME_H 1
| #define HAVE_WCHAR_H 1
| #define HAVE_WCTYPE_H 1
| #define HAVE_NET_IF_H 1
| #define HAVE_NETINET_TCP_H 1
| #define PG_PRINTF_ATTRIBUTE gnu_printf
| #define FLEXIBLE_ARRAY_MEMBER /**/
| #define HAVE_FUNCNAME__FUNC 1
| #define HAVE__STATIC_ASSERT 1
| #define HAVE_TYPEOF 1
| #define HAVE__BUILTIN_TYPES_COMPATIBLE_P 1
| #define HAVE__BUILTIN_CONSTANT_P 1
| #define HAVE__BUILTIN_UNREACHABLE 1
| #define HAVE_COMPUTED_GOTO 1
| #define HAVE_STRUCT_TM_TM_ZONE 1
| #define HAVE_TM_ZONE 1
| #define HAVE_TZNAME 1
| #define HAVE_UNIX_SOCKETS 1
| #define HAVE_STRUCT_SOCKADDR_STORAGE 1
| #define HAVE_STRUCT_SOCKADDR_STORAGE_SS_FAMILY 1
| #define HAVE_STRUCT_ADDRINFO 1
| #define HAVE_INTPTR_T 1
| #define HAVE_UINTPTR_T 1
| #define HAVE_UNSIGNED_LONG_LONG_INT 1
| #define HAVE_LONG_LONG_INT 1
| #define HAVE_LOCALE_T 1
| #define restrict __restrict
| #define pg_restrict __restrict
| #define HAVE_STRUCT_OPTION 1
| #define HAVE_X86_64_POPCNTQ 1
| #define SIZEOF_OFF_T 8
| #define SIZEOF_BOOL 1
| #define HAVE_INT_TIMEZONE 1
| #define ACCEPT_TYPE_RETURN int
| #define ACCEPT_TYPE_ARG1 int
| #define ACCEPT_TYPE_ARG2 struct sockaddr *
| #define ACCEPT_TYPE_ARG3 socklen_t
| #define HAVE_CBRT 1
| #define HAVE_CLOCK_GETTIME 1
| #define HAVE_FDATASYNC 1
| #define HAVE_GETIFADDRS 1
| #define HAVE_GETRLIMIT 1
| #define HAVE_MEMMOVE 1
| #define HAVE_POLL 1
| #define HAVE_POSIX_FALLOCATE 1
| #define HAVE_PPOLL 1
| #define HAVE_READLINK 1
| /* end confdefs.h.  */
| /* Define setproctitle_fast to an innocuous variant, in case <limits.h> declares setproctitle_fast.
|    For example, HP-UX 11i <limits.h> declares gettimeofday.  */
| #define setproctitle_fast innocuous_setproctitle_fast
| 
| /* System header to define __stub macros and hopefully few prototypes,
|     which can conflict with char setproctitle_fast (); below.
|     Prefer <limits.h> to <assert.h> if __STDC__ is defined, since
|     <limits.h> exists even on freestanding compilers.  */
| 
| #ifdef __STDC__
| # include <limits.h>
| #else
| # include <assert.h>
| #endif
| 
| #undef setproctitle_fast
| 
| /* Override any GCC internal prototype to avoid an error.
|    Use char because int might match the return type of a GCC
|    builtin and then its argument prototype would still apply.  */
| #ifdef __cplusplus
| extern "C"
| #endif
| char setproctitle_fast ();
| /* The GNU C library defines this for functions which it implements
|     to always fail with ENOSYS.  Some functions are actually named
|     something starting with __ and the normal name is an alias.  */
| #if defined __stub_setproctitle_fast || defined __stub___setproctitle_fast
| choke me
| #endif
| 
| int
| main ()
| {
| return setproctitle_fast ();
|   ;
|   return 0;
| }
configure:15717: result: no
configure:15717: checking for setsid
configure:15717: gcc -o conftest -Wall -Wmissing-prototypes -Wpointer-arith -Wdeclaration-after-statement -Werror=vla -Wendif-labels -Wmissing-format-attribute -Wformat-security -fno-strict-aliasing -fwrapv -fexcess-precision=standard -Wno-format-truncation -Wno-stringop-truncation -O2  -D_GNU_SOURCE    conftest.c -lz -lcrypt -lm  >&5
configure:15717: $? = 0
configure:15717: result: yes
configure:15717: checking for shm_open
configure:15717: gcc -o conftest -Wall -Wmissing-prototypes -Wpointer-arith -Wdeclaration-after-statement -Werror=vla -Wendif-labels -Wmissing-format-attribute -Wformat-security -fno-strict-aliasing -fwrapv -fexcess-precision=standard -Wno-format-truncation -Wno-stringop-truncation -O2  -D_GNU_SOURCE    conftest.c -lz -lcrypt -lm  >&5
configure:15717: $? = 0
configure:15717: result: yes
configure:15717: checking for strchrnul
configure:15717: gcc -o conftest -Wall -Wmissing-prototypes -Wpointer-arith -Wdeclaration-after-statement -Werror=vla -Wendif-labels -Wmissing-format-attribute -Wformat-security -fno-strict-aliasing -fwrapv -fexcess-precision=standard -Wno-format-truncation -Wno-stringop-truncation -O2  -D_GNU_SOURCE    conftest.c -lz -lcrypt -lm  >&5
configure:15717: $? = 0
configure:15717: result: yes
configure:15717: checking for strsignal
configure:15717: gcc -o conftest -Wall -Wmissing-prototypes -Wpointer-arith -Wdeclaration-after-statement -Werror=vla -Wendif-labels -Wmissing-format-attribute -Wformat-security -fno-strict-aliasing -fwrapv -fexcess-precision=standard -Wno-format-truncation -Wno-stringop-truncation -O2  -D_GNU_SOURCE    conftest.c -lz -lcrypt -lm  >&5
configure:15717: $? = 0
configure:15717: result: yes
configure:15717: checking for symlink
configure:15717: gcc -o conftest -Wall -Wmissing-prototypes -Wpointer-arith -Wdeclaration-after-statement -Werror=vla -Wendif-labels -Wmissing-format-attribute -Wformat-security -fno-strict-aliasing -fwrapv -fexcess-precision=standard -Wno-format-truncation -Wno-stringop-truncation -O2  -D_GNU_SOURCE    conftest.c -lz -lcrypt -lm  >&5
configure:15717: $? = 0
configure:15717: result: yes
configure:15717: checking for sync_file_range
configure:15717: gcc -o conftest -Wall -Wmissing-prototypes -Wpointer-arith -Wdeclaration-after-statement -Werror=vla -Wendif-labels -Wmissing-format-attribute -Wformat-security -fno-strict-aliasing -fwrapv -fexcess-precision=standard -Wno-format-truncation -Wno-stringop-truncation -O2  -D_GNU_SOURCE    conftest.c -lz -lcrypt -lm  >&5
configure:15717: $? = 0
configure:15717: result: yes
configure:15717: checking for uselocale
configure:15717: gcc -o conftest -Wall -Wmissing-prototypes -Wpointer-arith -Wdeclaration-after-statement -Werror=vla -Wendif-labels -Wmissing-format-attribute -Wformat-security -fno-strict-aliasing -fwrapv -fexcess-precision=standard -Wno-format-truncation -Wno-stringop-truncation -O2  -D_GNU_SOURCE    conftest.c -lz -lcrypt -lm  >&5
configure:15717: $? = 0
configure:15717: result: yes
configure:15717: checking for utime
configure:15717: gcc -o conftest -Wall -Wmissing-prototypes -Wpointer-arith -Wdeclaration-after-statement -Werror=vla -Wendif-labels -Wmissing-format-attribute -Wformat-security -fno-strict-aliasing -fwrapv -fexcess-precision=standard -Wno-format-truncation -Wno-stringop-truncation -O2  -D_GNU_SOURCE    conftest.c -lz -lcrypt -lm  >&5
configure:15717: $? = 0
configure:15717: result: yes
configure:15717: checking for utimes
configure:15717: gcc -o conftest -Wall -Wmissing-prototypes -Wpointer-arith -Wdeclaration-after-statement -Werror=vla -Wendif-labels -Wmissing-format-attribute -Wformat-security -fno-strict-aliasing -fwrapv -fexcess-precision=standard -Wno-format-truncation -Wno-stringop-truncation -O2  -D_GNU_SOURCE    conftest.c -lz -lcrypt -lm  >&5
configure:15717: $? = 0
configure:15717: result: yes
configure:15717: checking for wcstombs_l
configure:15717: gcc -o conftest -Wall -Wmissing-prototypes -Wpointer-arith -Wdeclaration-after-statement -Werror=vla -Wendif-labels -Wmissing-format-attribute -Wformat-security -fno-strict-aliasing -fwrapv -fexcess-precision=standard -Wno-format-truncation -Wno-stringop-truncation -O2  -D_GNU_SOURCE    conftest.c -lz -lcrypt -lm  >&5
/usr/bin/ld: /tmp/ccgxwngy.o: in function `main':
conftest.c:(.text.startup+0xb): undefined reference to `wcstombs_l'
collect2: error: ld returned 1 exit status
configure:15717: $? = 1
configure: failed program was:
| /* confdefs.h */
| #define PACKAGE_NAME "PostgreSQL"
| #define PACKAGE_TARNAME "postgresql"
| #define PACKAGE_VERSION "12.22"
| #define PACKAGE_STRING "PostgreSQL 12.22"
| #define PACKAGE_BUGREPORT "pgsql-bugs@lists.postgresql.org"
| #define PACKAGE_URL ""
| #define PG_MAJORVERSION "12"
| #define PG_VERSION "12.22"
| #define DEF_PGPORT 5432
| #define DEF_PGPORT_STR "5432"
| #define BLCKSZ 8192
| #define RELSEG_SIZE 131072
| #define XLOG_BLCKSZ 8192
| #define ENABLE_THREAD_SAFETY 1
| #define PG_KRB_SRVNAM "postgres"
| #define STDC_HEADERS 1
| #define HAVE_SYS_TYPES_H 1
| #define HAVE_SYS_STAT_H 1
| #define HAVE_STDLIB_H 1
| #define HAVE_STRING_H 1
| #define HAVE_MEMORY_H 1
| #define HAVE_STRINGS_H 1
| #define HAVE_INTTYPES_H 1
| #define HAVE_STDINT_H 1
| #define HAVE_UNISTD_H 1
| #define HAVE_PTHREAD_PRIO_INHERIT 1
| #define HAVE_PTHREAD 1
| #define HAVE_STRERROR_R 1
| #define HAVE_GETPWUID_R 1
| #define HAVE_GETHOSTBYNAME_R 1
| #define HAVE_LIBM 1
| #define HAVE_LIBZ 1
| #define HAVE_SPINLOCKS 1
| #define HAVE_ATOMICS 1
| #define HAVE_CRYPT_H 1
| #define HAVE_GETOPT_H 1
| #define HAVE_IFADDRS_H 1
| #define HAVE_LANGINFO_H 1
| #define HAVE_POLL_H 1
| #define HAVE_SYS_EPOLL_H 1
| #define HAVE_SYS_IPC_H 1
| #define HAVE_SYS_PERSONALITY_H 1
| #define HAVE_SYS_PRCTL_H 1
| #define HAVE_SYS_RESOURCE_H 1
| #define HAVE_SYS_SELECT_H 1
| #define HAVE_SYS_SEM_H 1
| #define HAVE_SYS_SHM_H 1
| #define HAVE_SYS_UN_H 1
| #define HAVE_TERMIOS_H 1
| #define HAVE_UTIME_H 1
| #define HAVE_WCHAR_H 1
| #define HAVE_WCTYPE_H 1
| #define HAVE_NET_IF_H 1
| #define HAVE_NETINET_TCP_H 1
| #define PG_PRINTF_ATTRIBUTE gnu_printf
| #define FLEXIBLE_ARRAY_MEMBER /**/
| #define HAVE_FUNCNAME__FUNC 1
| #define HAVE__STATIC_ASSERT 1
| #define HAVE_TYPEOF 1
| #define HAVE__BUILTIN_TYPES_COMPATIBLE_P 1
| #define HAVE__BUILTIN_CONSTANT_P 1
| #define HAVE__BUILTIN_UNREACHABLE 1
| #define HAVE_COMPUTED_GOTO 1
| #define HAVE_STRUCT_TM_TM_ZONE 1
| #define HAVE_TM_ZONE 1
| #define HAVE_TZNAME 1
| #define HAVE_UNIX_SOCKETS 1
| #define HAVE_STRUCT_SOCKADDR_STORAGE 1
| #define HAVE_STRUCT_SOCKADDR_STORAGE_SS_FAMILY 1
| #define HAVE_STRUCT_ADDRINFO 1
| #define HAVE_INTPTR_T 1
| #define HAVE_UINTPTR_T 1
| #define HAVE_UNSIGNED_LONG_LONG_INT 1
| #define HAVE_LONG_LONG_INT 1
| #define HAVE_LOCALE_T 1
| #define restrict __restrict
| #define pg_restrict __restrict
| #define HAVE_STRUCT_OPTION 1
| #define HAVE_X86_64_POPCNTQ 1
| #define SIZEOF_OFF_T 8
| #define SIZEOF_BOOL 1
| #define HAVE_INT_TIMEZONE 1
| #define ACCEPT_TYPE_RETURN int
| #define ACCEPT_TYPE_ARG1 int
| #define ACCEPT_TYPE_ARG2 struct sockaddr *
| #define ACCEPT_TYPE_ARG3 socklen_t
| #define HAVE_CBRT 1
| #define HAVE_CLOCK_GETTIME 1
| #define HAVE_FDATASYNC 1
| #define HAVE_GETIFADDRS 1
| #define HAVE_GETRLIMIT 1
| #define HAVE_MEMMOVE 1
| #define HAVE_POLL 1
| #define HAVE_POSIX_FALLOCATE 1
| #define HAVE_PPOLL 1
| #define HAVE_READLINK 1
| #define HAVE_SETSID 1
| #define HAVE_SHM_OPEN 1
| #define HAVE_STRCHRNUL 1
| #define HAVE_STRSIGNAL 1
| #define HAVE_SYMLINK 1
| #define HAVE_SYNC_FILE_RANGE 1
| #define HAVE_USELOCALE 1
| #define HAVE_UTIME 1
| #define HAVE_UTIMES 1
| /* end confdefs.h.  */
| /* Define wcstombs_l to an innocuous variant, in case <limits.h> declares wcstombs_l.
|    For example, HP-UX 11i <limits.h> declares gettimeofday.  */
| #define wcstombs_l innocuous_wcstombs_l
| 
| /* System header to define __stub macros and hopefully few prototypes,
|     which can conflict with char wcstombs_l (); below.
|     Prefer <limits.h> to <assert.h> if __STDC__ is defined, since
|     <limits.h> exists even on freestanding compilers.  */
| 
| #ifdef __STDC__
| # include <limits.h>
| #else
| # include <assert.h>
| #endif
| 
| #undef wcstombs_l
| 
| /* Override any GCC internal prototype to avoid an error.
|    Use char because int might match the return type of a GCC
|    builtin and then its argument prototype would still apply.  */
| #ifdef __cplusplus
| extern "C"
| #endif
| char wcstombs_l ();
| /* The GNU C library defines this for functions which it implements
|     to always fail with ENOSYS.  Some functions are actually named
|     something starting with __ and the normal name is an alias.  */
| #if defined __stub_wcstombs_l || defined __stub___wcstombs_l
| choke me
| #endif
| 
| int
| main ()
| {
| return wcstombs_l ();
|   ;
|   return 0;
| }
configure:15717: result: no
configure:15728: checking for __builtin_bswap16
configure:15749: gcc -o conftest -Wall -Wmissing-prototypes -Wpointer-arith -Wdeclaration-after-statement -Werror=vla -Wendif-labels -Wmissing-format-attribute -Wformat-security -fno-strict-aliasing -fwrapv -fexcess-precision=standard -Wno-format-truncation -Wno-stringop-truncation -O2  -D_GNU_SOURCE    conftest.c -lz -lcrypt -lm  >&5
conftest.c:110:1: warning: no previous prototype for 'call__builtin_bswap16' [-Wmissing-prototypes]
  110 | call__builtin_bswap16(int x)
      | ^~~~~~~~~~~~~~~~~~~~~
configure:15749: $? = 0
configure:15757: result: yes
configure:15766: checking for __builtin_bswap32
configure:15787: gcc -o conftest -Wall -Wmissing-prototypes -Wpointer-arith -Wdeclaration-after-statement -Werror=vla -Wendif-labels -Wmissing-format-attribute -Wformat-security -fno-strict-aliasing -fwrapv -fexcess-precision=standard -Wno-format-truncation -Wno-stringop-truncation -O2  -D_GNU_SOURCE    conftest.c -lz -lcrypt -lm  >&5
conftest.c:111:1: warning: no previous prototype for 'call__builtin_bswap32' [-Wmissing-prototypes]
  111 | call__builtin_bswap32(int x)
      | ^~~~~~~~~~~~~~~~~~~~~
configure:15787: $? = 0
configure:15795: result: yes
configure:15804: checking for __builtin_bswap64
configure:15825: gcc -o conftest -Wall -Wmissing-prototypes -Wpointer-arith -Wdeclaration-after-statement -Werror=vla -Wendif-labels -Wmissing-format-attribute -Wformat-security -fno-strict-aliasing -fwrapv -fexcess-precision=standard -Wno-format-truncation -Wno-stringop-truncation -O2  -D_GNU_SOURCE    conftest.c -lz -lcrypt -lm  >&5
conftest.c:112:1: warning: no previous prototype for 'call__builtin_bswap64' [-Wmissing-prototypes]
  112 | call__builtin_bswap64(long int x)
      | ^~~~~~~~~~~~~~~~~~~~~
configure:15825: $? = 0
configure:15833: result: yes
configure:15843: checking for __builtin_clz
configure:15864: gcc -o conftest -Wall -Wmissing-prototypes -Wpointer-arith -Wdeclaration-after-statement -Werror=vla -Wendif-labels -Wmissing-format-attribute -Wformat-security -fno-strict-aliasing -fwrapv -fexcess-precision=standard -Wno-format-truncation -Wno-stringop-truncation -O2  -D_GNU_SOURCE    conftest.c -lz -lcrypt -lm  >&5
conftest.c:113:1: warning: no previous prototype for 'call__builtin_clz' [-Wmissing-prototypes]
  113 | call__builtin_clz(unsigned int x)
      | ^~~~~~~~~~~~~~~~~
configure:15864: $? = 0
configure:15872: result: yes
configure:15881: checking for __builtin_ctz
configure:15902: gcc -o conftest -Wall -Wmissing-prototypes -Wpointer-arith -Wdeclaration-after-statement -Werror=vla -Wendif-labels -Wmissing-format-attribute -Wformat-security -fno-strict-aliasing -fwrapv -fexcess-precision=standard -Wno-format-truncation -Wno-stringop-truncation -O2  -D_GNU_SOURCE    conftest.c -lz -lcrypt -lm  >&5
conftest.c:114:1: warning: no previous prototype for 'call__builtin_ctz' [-Wmissing-prototypes]
  114 | call__builtin_ctz(unsigned int x)
      | ^~~~~~~~~~~~~~~~~
configure:15902: $? = 0
configure:15910: result: yes
configure:15919: checking for __builtin_popcount
configure:15940: gcc -o conftest -Wall -Wmissing-prototypes -Wpointer-arith -Wdeclaration-after-statement -Werror=vla -Wendif-labels -Wmissing-format-attribute -Wformat-security -fno-strict-aliasing -fwrapv -fexcess-precision=standard -Wno-format-truncation -Wno-stringop-truncation -O2  -D_GNU_SOURCE    conftest.c -lz -lcrypt -lm  >&5
conftest.c:115:1: warning: no previous prototype for 'call__builtin_popcount' [-Wmissing-prototypes]
  115 | call__builtin_popcount(unsigned int x)
      | ^~~~~~~~~~~~~~~~~~~~~~
configure:15940: $? = 0
configure:15948: result: yes
configure:15959: checking for __builtin_frame_address
configure:15980: gcc -o conftest -Wall -Wmissing-prototypes -Wpointer-arith -Wdeclaration-after-statement -Werror=vla -Wendif-labels -Wmissing-format-attribute -Wformat-security -fno-strict-aliasing -fwrapv -fexcess-precision=standard -Wno-format-truncation -Wno-stringop-truncation -O2  -D_GNU_SOURCE    conftest.c -lz -lcrypt -lm  >&5
conftest.c:116:1: warning: no previous prototype for 'call__builtin_frame_address' [-Wmissing-prototypes]
  116 | call__builtin_frame_address(void)
      | ^~~~~~~~~~~~~~~~~~~~~~~~~~~
configure:15980: $? = 0
configure:15988: result: yes
configure:15998: checking for fseeko
configure:15998: gcc -o conftest -Wall -Wmissing-prototypes -Wpointer-arith -Wdeclaration-after-statement -Werror=vla -Wendif-labels -Wmissing-format-attribute -Wformat-security -fno-strict-aliasing -fwrapv -fexcess-precision=standard -Wno-format-truncation -Wno-stringop-truncation -O2  -D_GNU_SOURCE    conftest.c -lz -lcrypt -lm  >&5
configure:15998: $? = 0
configure:15998: result: yes
configure:16021: checking for _LARGEFILE_SOURCE value needed for large files
configure:16040: gcc -o conftest -Wall -Wmissing-prototypes -Wpointer-arith -Wdeclaration-after-statement -Werror=vla -Wendif-labels -Wmissing-format-attribute -Wformat-security -fno-strict-aliasing -fwrapv -fexcess-precision=standard -Wno-format-truncation -Wno-stringop-truncation -O2  -D_GNU_SOURCE    conftest.c -lz -lcrypt -lm  >&5
configure:16040: $? = 0
configure:16068: result: no
configure:16103: checking how gcc reports undeclared, standard C functions
configure:16119: gcc -c -Wall -Wmissing-prototypes -Wpointer-arith -Wdeclaration-after-statement -Werror=vla -Wendif-labels -Wmissing-format-attribute -Wformat-security -fno-strict-aliasing -fwrapv -fexcess-precision=standard -Wno-format-truncation -Wno-stringop-truncation -O2  -D_GNU_SOURCE  conftest.c >&5
conftest.c: In function 'main':
conftest.c:121:8: error: 'strchr' undeclared (first use in this function)
  121 | (void) strchr;
      |        ^~~~~~
conftest.c:1:1: note: 'strchr' is defined in header '<string.h>'; did you forget to '#include <string.h>'?
    1 | /* confdefs.h */
conftest.c:121:8: note: each undeclared identifier is reported only once for each function it appears in
  121 | (void) strchr;
      |        ^~~~~~
configure:16119: $? = 1
configure: failed program was:
| /* confdefs.h */
| #define PACKAGE_NAME "PostgreSQL"
| #define PACKAGE_TARNAME "postgresql"
| #define PACKAGE_VERSION "12.22"
| #define PACKAGE_STRING "PostgreSQL 12.22"
| #define PACKAGE_BUGREPORT "pgsql-bugs@lists.postgresql.org"
| #define PACKAGE_URL ""
| #define PG_MAJORVERSION "12"
| #define PG_VERSION "12.22"
| #define DEF_PGPORT 5432
| #define DEF_PGPORT_STR "5432"
| #define BLCKSZ 8192
| #define RELSEG_SIZE 131072
| #define XLOG_BLCKSZ 8192
| #define ENABLE_THREAD_SAFETY 1
| #define PG_KRB_SRVNAM "postgres"
| #define STDC_HEADERS 1
| #define HAVE_SYS_TYPES_H 1
| #define HAVE_SYS_STAT_H 1
| #define HAVE_STDLIB_H 1
| #define HAVE_STRING_H 1
| #define HAVE_MEMORY_H 1
| #define HAVE_STRINGS_H 1
| #define HAVE_INTTYPES_H 1
| #define HAVE_STDINT_H 1
| #define HAVE_UNISTD_H 1
| #define HAVE_PTHREAD_PRIO_INHERIT 1
| #define HAVE_PTHREAD 1
| #define HAVE_STRERROR_R 1
| #define HAVE_GETPWUID_R 1
| #define HAVE_GETHOSTBYNAME_R 1
| #define HAVE_LIBM 1
| #define HAVE_LIBZ 1
| #define HAVE_SPINLOCKS 1
| #define HAVE_ATOMICS 1
| #define HAVE_CRYPT_H 1
| #define HAVE_GETOPT_H 1
| #define HAVE_IFADDRS_H 1
| #define HAVE_LANGINFO_H 1
| #define HAVE_POLL_H 1
| #define HAVE_SYS_EPOLL_H 1
| #define HAVE_SYS_IPC_H 1
| #define HAVE_SYS_PERSONALITY_H 1
| #define HAVE_SYS_PRCTL_H 1
| #define HAVE_SYS_RESOURCE_H 1
| #define HAVE_SYS_SELECT_H 1
| #define HAVE_SYS_SEM_H 1
| #define HAVE_SYS_SHM_H 1
| #define HAVE_SYS_UN_H 1
| #define HAVE_TERMIOS_H 1
| #define HAVE_UTIME_H 1
| #define HAVE_WCHAR_H 1
| #define HAVE_WCTYPE_H 1
| #define HAVE_NET_IF_H 1
| #define HAVE_NETINET_TCP_H 1
| #define PG_PRINTF_ATTRIBUTE gnu_printf
| #define FLEXIBLE_ARRAY_MEMBER /**/
| #define HAVE_FUNCNAME__FUNC 1
| #define HAVE__STATIC_ASSERT 1
| #define HAVE_TYPEOF 1
| #define HAVE__BUILTIN_TYPES_COMPATIBLE_P 1
| #define HAVE__BUILTIN_CONSTANT_P 1
| #define HAVE__BUILTIN_UNREACHABLE 1
| #define HAVE_COMPUTED_GOTO 1
| #define HAVE_STRUCT_TM_TM_ZONE 1
| #define HAVE_TM_ZONE 1
| #define HAVE_TZNAME 1
| #define HAVE_UNIX_SOCKETS 1
| #define HAVE_STRUCT_SOCKADDR_STORAGE 1
| #define HAVE_STRUCT_SOCKADDR_STORAGE_SS_FAMILY 1
| #define HAVE_STRUCT_ADDRINFO 1
| #define HAVE_INTPTR_T 1
| #define HAVE_UINTPTR_T 1
| #define HAVE_UNSIGNED_LONG_LONG_INT 1
| #define HAVE_LONG_LONG_INT 1
| #define HAVE_LOCALE_T 1
| #define restrict __restrict
| #define pg_restrict __restrict
| #define HAVE_STRUCT_OPTION 1
| #define HAVE_X86_64_POPCNTQ 1
| #define SIZEOF_OFF_T 8
| #define SIZEOF_BOOL 1
| #define HAVE_INT_TIMEZONE 1
| #define ACCEPT_TYPE_RETURN int
| #define ACCEPT_TYPE_ARG1 int
| #define ACCEPT_TYPE_ARG2 struct sockaddr *
| #define ACCEPT_TYPE_ARG3 socklen_t
| #define HAVE_CBRT 1
| #define HAVE_CLOCK_GETTIME 1
| #define HAVE_FDATASYNC 1
| #define HAVE_GETIFADDRS 1
| #define HAVE_GETRLIMIT 1
| #define HAVE_MEMMOVE 1
| #define HAVE_POLL 1
| #define HAVE_POSIX_FALLOCATE 1
| #define HAVE_PPOLL 1
| #define HAVE_READLINK 1
| #define HAVE_SETSID 1
| #define HAVE_SHM_OPEN 1
| #define HAVE_STRCHRNUL 1
| #define HAVE_STRSIGNAL 1
| #define HAVE_SYMLINK 1
| #define HAVE_SYNC_FILE_RANGE 1
| #define HAVE_USELOCALE 1
| #define HAVE_UTIME 1
| #define HAVE_UTIMES 1
| #define HAVE__BUILTIN_BSWAP16 1
| #define HAVE__BUILTIN_BSWAP32 1
| #define HAVE__BUILTIN_BSWAP64 1
| #define HAVE__BUILTIN_CLZ 1
| #define HAVE__BUILTIN_CTZ 1
| #define HAVE__BUILTIN_POPCOUNT 1
| #define HAVE__BUILTIN_FRAME_ADDRESS 1
| #define HAVE_FSEEKO 1
| #define HAVE_FSEEKO 1
| /* end confdefs.h.  */
| 
| int
| main ()
| {
| (void) strchr;
|   ;
|   return 0;
| }
configure:16174: result: error
configure:16186: checking for posix_fadvise
configure:16186: gcc -o conftest -Wall -Wmissing-prototypes -Wpointer-arith -Wdeclaration-after-statement -Werror=vla -Wendif-labels -Wmissing-format-attribute -Wformat-security -fno-strict-aliasing -fwrapv -fexcess-precision=standard -Wno-format-truncation -Wno-stringop-truncation -O2  -D_GNU_SOURCE    conftest.c -lz -lcrypt -lm  >&5
configure:16186: $? = 0
configure:16186: result: yes
configure:16195: checking whether posix_fadvise is declared
configure:16195: gcc -c -Wall -Wmissing-prototypes -Wpointer-arith -Wdeclaration-after-statement -Werror=vla -Wendif-labels -Wmissing-format-attribute -Wformat-security -fno-strict-aliasing -fwrapv -fexcess-precision=standard -Wno-format-truncation -Wno-stringop-truncation -O2  -D_GNU_SOURCE  conftest.c >&5
configure:16195: $? = 0
configure:16195: result: yes
configure:16210: checking whether fdatasync is declared
configure:16210: gcc -c -Wall -Wmissing-prototypes -Wpointer-arith -Wdeclaration-after-statement -Werror=vla -Wendif-labels -Wmissing-format-attribute -Wformat-security -fno-strict-aliasing -fwrapv -fexcess-precision=standard -Wno-format-truncation -Wno-stringop-truncation -O2  -D_GNU_SOURCE  conftest.c >&5
configure:16210: $? = 0
configure:16210: result: yes
configure:16222: checking whether strlcat is declared
configure:16222: gcc -c -Wall -Wmissing-prototypes -Wpointer-arith -Wdeclaration-after-statement -Werror=vla -Wendif-labels -Wmissing-format-attribute -Wformat-security -fno-strict-aliasing -fwrapv -fexcess-precision=standard -Wno-format-truncation -Wno-stringop-truncation -O2  -D_GNU_SOURCE  conftest.c >&5
configure:16222: $? = 0
configure:16222: result: yes
configure:16232: checking whether strlcpy is declared
configure:16232: gcc -c -Wall -Wmissing-prototypes -Wpointer-arith -Wdeclaration-after-statement -Werror=vla -Wendif-labels -Wmissing-format-attribute -Wformat-security -fno-strict-aliasing -fwrapv -fexcess-precision=standard -Wno-format-truncation -Wno-stringop-truncation -O2  -D_GNU_SOURCE  conftest.c >&5
configure:16232: $? = 0
configure:16232: result: yes
configure:16242: checking whether strnlen is declared
configure:16242: gcc -c -Wall -Wmissing-prototypes -Wpointer-arith -Wdeclaration-after-statement -Werror=vla -Wendif-labels -Wmissing-format-attribute -Wformat-security -fno-strict-aliasing -fwrapv -fexcess-precision=standard -Wno-format-truncation -Wno-stringop-truncation -O2  -D_GNU_SOURCE  conftest.c >&5
configure:16242: $? = 0
configure:16242: result: yes
configure:16254: checking whether F_FULLFSYNC is declared
configure:16254: gcc -c -Wall -Wmissing-prototypes -Wpointer-arith -Wdeclaration-after-statement -Werror=vla -Wendif-labels -Wmissing-format-attribute -Wformat-security -fno-strict-aliasing -fwrapv -fexcess-precision=standard -Wno-format-truncation -Wno-stringop-truncation -O2  -D_GNU_SOURCE  conftest.c >&5
conftest.c: In function 'main':
conftest.c:132:10: error: 'F_FULLFSYNC' undeclared (first use in this function)
  132 |   (void) F_FULLFSYNC;
      |          ^~~~~~~~~~~
conftest.c:132:10: note: each undeclared identifier is reported only once for each function it appears in
configure:16254: $? = 1
configure: failed program was:
| /* confdefs.h */
| #define PACKAGE_NAME "PostgreSQL"
| #define PACKAGE_TARNAME "postgresql"
| #define PACKAGE_VERSION "12.22"
| #define PACKAGE_STRING "PostgreSQL 12.22"
| #define PACKAGE_BUGREPORT "pgsql-bugs@lists.postgresql.org"
| #define PACKAGE_URL ""
| #define PG_MAJORVERSION "12"
| #define PG_VERSION "12.22"
| #define DEF_PGPORT 5432
| #define DEF_PGPORT_STR "5432"
| #define BLCKSZ 8192
| #define RELSEG_SIZE 131072
| #define XLOG_BLCKSZ 8192
| #define ENABLE_THREAD_SAFETY 1
| #define PG_KRB_SRVNAM "postgres"
| #define STDC_HEADERS 1
| #define HAVE_SYS_TYPES_H 1
| #define HAVE_SYS_STAT_H 1
| #define HAVE_STDLIB_H 1
| #define HAVE_STRING_H 1
| #define HAVE_MEMORY_H 1
| #define HAVE_STRINGS_H 1
| #define HAVE_INTTYPES_H 1
| #define HAVE_STDINT_H 1
| #define HAVE_UNISTD_H 1
| #define HAVE_PTHREAD_PRIO_INHERIT 1
| #define HAVE_PTHREAD 1
| #define HAVE_STRERROR_R 1
| #define HAVE_GETPWUID_R 1
| #define HAVE_GETHOSTBYNAME_R 1
| #define HAVE_LIBM 1
| #define HAVE_LIBZ 1
| #define HAVE_SPINLOCKS 1
| #define HAVE_ATOMICS 1
| #define HAVE_CRYPT_H 1
| #define HAVE_GETOPT_H 1
| #define HAVE_IFADDRS_H 1
| #define HAVE_LANGINFO_H 1
| #define HAVE_POLL_H 1
| #define HAVE_SYS_EPOLL_H 1
| #define HAVE_SYS_IPC_H 1
| #define HAVE_SYS_PERSONALITY_H 1
| #define HAVE_SYS_PRCTL_H 1
| #define HAVE_SYS_RESOURCE_H 1
| #define HAVE_SYS_SELECT_H 1
| #define HAVE_SYS_SEM_H 1
| #define HAVE_SYS_SHM_H 1
| #define HAVE_SYS_UN_H 1
| #define HAVE_TERMIOS_H 1
| #define HAVE_UTIME_H 1
| #define HAVE_WCHAR_H 1
| #define HAVE_WCTYPE_H 1
| #define HAVE_NET_IF_H 1
| #define HAVE_NETINET_TCP_H 1
| #define PG_PRINTF_ATTRIBUTE gnu_printf
| #define FLEXIBLE_ARRAY_MEMBER /**/
| #define HAVE_FUNCNAME__FUNC 1
| #define HAVE__STATIC_ASSERT 1
| #define HAVE_TYPEOF 1
| #define HAVE__BUILTIN_TYPES_COMPATIBLE_P 1
| #define HAVE__BUILTIN_CONSTANT_P 1
| #define HAVE__BUILTIN_UNREACHABLE 1
| #define HAVE_COMPUTED_GOTO 1
| #define HAVE_STRUCT_TM_TM_ZONE 1
| #define HAVE_TM_ZONE 1
| #define HAVE_TZNAME 1
| #define HAVE_UNIX_SOCKETS 1
| #define HAVE_STRUCT_SOCKADDR_STORAGE 1
| #define HAVE_STRUCT_SOCKADDR_STORAGE_SS_FAMILY 1
| #define HAVE_STRUCT_ADDRINFO 1
| #define HAVE_INTPTR_T 1
| #define HAVE_UINTPTR_T 1
| #define HAVE_UNSIGNED_LONG_LONG_INT 1
| #define HAVE_LONG_LONG_INT 1
| #define HAVE_LOCALE_T 1
| #define restrict __restrict
| #define pg_restrict __restrict
| #define HAVE_STRUCT_OPTION 1
| #define HAVE_X86_64_POPCNTQ 1
| #define SIZEOF_OFF_T 8
| #define SIZEOF_BOOL 1
| #define HAVE_INT_TIMEZONE 1
| #define ACCEPT_TYPE_RETURN int
| #define ACCEPT_TYPE_ARG1 int
| #define ACCEPT_TYPE_ARG2 struct sockaddr *
| #define ACCEPT_TYPE_ARG3 socklen_t
| #define HAVE_CBRT 1
| #define HAVE_CLOCK_GETTIME 1
| #define HAVE_FDATASYNC 1
| #define HAVE_GETIFADDRS 1
| #define HAVE_GETRLIMIT 1
| #define HAVE_MEMMOVE 1
| #define HAVE_POLL 1
| #define HAVE_POSIX_FALLOCATE 1
| #define HAVE_PPOLL 1
| #define HAVE_READLINK 1
| #define HAVE_SETSID 1
| #define HAVE_SHM_OPEN 1
| #define HAVE_STRCHRNUL 1
| #define HAVE_STRSIGNAL 1
| #define HAVE_SYMLINK 1
| #define HAVE_SYNC_FILE_RANGE 1
| #define HAVE_USELOCALE 1
| #define HAVE_UTIME 1
| #define HAVE_UTIMES 1
| #define HAVE__BUILTIN_BSWAP16 1
| #define HAVE__BUILTIN_BSWAP32 1
| #define HAVE__BUILTIN_BSWAP64 1
| #define HAVE__BUILTIN_CLZ 1
| #define HAVE__BUILTIN_CTZ 1
| #define HAVE__BUILTIN_POPCOUNT 1
| #define HAVE__BUILTIN_FRAME_ADDRESS 1
| #define HAVE_FSEEKO 1
| #define HAVE_FSEEKO 1
| #define HAVE_POSIX_FADVISE 1
| #define HAVE_DECL_POSIX_FADVISE 1
| #define HAVE_DECL_FDATASYNC 1
| #define HAVE_DECL_STRLCAT 1
| #define HAVE_DECL_STRLCPY 1
| #define HAVE_DECL_STRNLEN 1
| /* end confdefs.h.  */
| #include <fcntl.h>
| 
| int
| main ()
| {
| #ifndef F_FULLFSYNC
| #ifdef __cplusplus
|   (void) F_FULLFSYNC;
| #else
|   (void) F_FULLFSYNC;
| #endif
| #endif
| 
|   ;
|   return 0;
| }
configure:16254: result: no
configure:16267: checking whether RTLD_GLOBAL is declared
configure:16267: gcc -c -Wall -Wmissing-prototypes -Wpointer-arith -Wdeclaration-after-statement -Werror=vla -Wendif-labels -Wmissing-format-attribute -Wformat-security -fno-strict-aliasing -fwrapv -fexcess-precision=standard -Wno-format-truncation -Wno-stringop-truncation -O2  -D_GNU_SOURCE  conftest.c >&5
configure:16267: $? = 0
configure:16267: result: yes
configure:16278: checking whether RTLD_NOW is declared
configure:16278: gcc -c -Wall -Wmissing-prototypes -Wpointer-arith -Wdeclaration-after-statement -Werror=vla -Wendif-labels -Wmissing-format-attribute -Wformat-security -fno-strict-aliasing -fwrapv -fexcess-precision=standard -Wno-format-truncation -Wno-stringop-truncation -O2  -D_GNU_SOURCE  conftest.c >&5
configure:16278: $? = 0
configure:16278: result: yes
configure:16291: checking for struct sockaddr_in6
configure:16291: gcc -c -Wall -Wmissing-prototypes -Wpointer-arith -Wdeclaration-after-statement -Werror=vla -Wendif-labels -Wmissing-format-attribute -Wformat-security -fno-strict-aliasing -fwrapv -fexcess-precision=standard -Wno-format-truncation -Wno-stringop-truncation -O2  -D_GNU_SOURCE  conftest.c >&5
configure:16291: $? = 0
configure:16291: gcc -c -Wall -Wmissing-prototypes -Wpointer-arith -Wdeclaration-after-statement -Werror=vla -Wendif-labels -Wmissing-format-attribute -Wformat-security -fno-strict-aliasing -fwrapv -fexcess-precision=standard -Wno-format-truncation -Wno-stringop-truncation -O2  -D_GNU_SOURCE  conftest.c >&5
conftest.c: In function 'main':
conftest.c:164:34: error: expected expression before ')' token
  164 | if (sizeof ((struct sockaddr_in6)))
      |                                  ^
configure:16291: $? = 1
configure: failed program was:
| /* confdefs.h */
| #define PACKAGE_NAME "PostgreSQL"
| #define PACKAGE_TARNAME "postgresql"
| #define PACKAGE_VERSION "12.22"
| #define PACKAGE_STRING "PostgreSQL 12.22"
| #define PACKAGE_BUGREPORT "pgsql-bugs@lists.postgresql.org"
| #define PACKAGE_URL ""
| #define PG_MAJORVERSION "12"
| #define PG_VERSION "12.22"
| #define DEF_PGPORT 5432
| #define DEF_PGPORT_STR "5432"
| #define BLCKSZ 8192
| #define RELSEG_SIZE 131072
| #define XLOG_BLCKSZ 8192
| #define ENABLE_THREAD_SAFETY 1
| #define PG_KRB_SRVNAM "postgres"
| #define STDC_HEADERS 1
| #define HAVE_SYS_TYPES_H 1
| #define HAVE_SYS_STAT_H 1
| #define HAVE_STDLIB_H 1
| #define HAVE_STRING_H 1
| #define HAVE_MEMORY_H 1
| #define HAVE_STRINGS_H 1
| #define HAVE_INTTYPES_H 1
| #define HAVE_STDINT_H 1
| #define HAVE_UNISTD_H 1
| #define HAVE_PTHREAD_PRIO_INHERIT 1
| #define HAVE_PTHREAD 1
| #define HAVE_STRERROR_R 1
| #define HAVE_GETPWUID_R 1
| #define HAVE_GETHOSTBYNAME_R 1
| #define HAVE_LIBM 1
| #define HAVE_LIBZ 1
| #define HAVE_SPINLOCKS 1
| #define HAVE_ATOMICS 1
| #define HAVE_CRYPT_H 1
| #define HAVE_GETOPT_H 1
| #define HAVE_IFADDRS_H 1
| #define HAVE_LANGINFO_H 1
| #define HAVE_POLL_H 1
| #define HAVE_SYS_EPOLL_H 1
| #define HAVE_SYS_IPC_H 1
| #define HAVE_SYS_PERSONALITY_H 1
| #define HAVE_SYS_PRCTL_H 1
| #define HAVE_SYS_RESOURCE_H 1
| #define HAVE_SYS_SELECT_H 1
| #define HAVE_SYS_SEM_H 1
| #define HAVE_SYS_SHM_H 1
| #define HAVE_SYS_UN_H 1
| #define HAVE_TERMIOS_H 1
| #define HAVE_UTIME_H 1
| #define HAVE_WCHAR_H 1
| #define HAVE_WCTYPE_H 1
| #define HAVE_NET_IF_H 1
| #define HAVE_NETINET_TCP_H 1
| #define PG_PRINTF_ATTRIBUTE gnu_printf
| #define FLEXIBLE_ARRAY_MEMBER /**/
| #define HAVE_FUNCNAME__FUNC 1
| #define HAVE__STATIC_ASSERT 1
| #define HAVE_TYPEOF 1
| #define HAVE__BUILTIN_TYPES_COMPATIBLE_P 1
| #define HAVE__BUILTIN_CONSTANT_P 1
| #define HAVE__BUILTIN_UNREACHABLE 1
| #define HAVE_COMPUTED_GOTO 1
| #define HAVE_STRUCT_TM_TM_ZONE 1
| #define HAVE_TM_ZONE 1
| #define HAVE_TZNAME 1
| #define HAVE_UNIX_SOCKETS 1
| #define HAVE_STRUCT_SOCKADDR_STORAGE 1
| #define HAVE_STRUCT_SOCKADDR_STORAGE_SS_FAMILY 1
| #define HAVE_STRUCT_ADDRINFO 1
| #define HAVE_INTPTR_T 1
| #define HAVE_UINTPTR_T 1
| #define HAVE_UNSIGNED_LONG_LONG_INT 1
| #define HAVE_LONG_LONG_INT 1
| #define HAVE_LOCALE_T 1
| #define restrict __restrict
| #define pg_restrict __restrict
| #define HAVE_STRUCT_OPTION 1
| #define HAVE_X86_64_POPCNTQ 1
| #define SIZEOF_OFF_T 8
| #define SIZEOF_BOOL 1
| #define HAVE_INT_TIMEZONE 1
| #define ACCEPT_TYPE_RETURN int
| #define ACCEPT_TYPE_ARG1 int
| #define ACCEPT_TYPE_ARG2 struct sockaddr *
| #define ACCEPT_TYPE_ARG3 socklen_t
| #define HAVE_CBRT 1
| #define HAVE_CLOCK_GETTIME 1
| #define HAVE_FDATASYNC 1
| #define HAVE_GETIFADDRS 1
| #define HAVE_GETRLIMIT 1
| #define HAVE_MEMMOVE 1
| #define HAVE_POLL 1
| #define HAVE_POSIX_FALLOCATE 1
| #define HAVE_PPOLL 1
| #define HAVE_READLINK 1
| #define HAVE_SETSID 1
| #define HAVE_SHM_OPEN 1
| #define HAVE_STRCHRNUL 1
| #define HAVE_STRSIGNAL 1
| #define HAVE_SYMLINK 1
| #define HAVE_SYNC_FILE_RANGE 1
| #define HAVE_USELOCALE 1
| #define HAVE_UTIME 1
| #define HAVE_UTIMES 1
| #define HAVE__BUILTIN_BSWAP16 1
| #define HAVE__BUILTIN_BSWAP32 1
| #define HAVE__BUILTIN_BSWAP64 1
| #define HAVE__BUILTIN_CLZ 1
| #define HAVE__BUILTIN_CTZ 1
| #define HAVE__BUILTIN_POPCOUNT 1
| #define HAVE__BUILTIN_FRAME_ADDRESS 1
| #define HAVE_FSEEKO 1
| #define HAVE_FSEEKO 1
| #define HAVE_POSIX_FADVISE 1
| #define HAVE_DECL_POSIX_FADVISE 1
| #define HAVE_DECL_FDATASYNC 1
| #define HAVE_DECL_STRLCAT 1
| #define HAVE_DECL_STRLCPY 1
| #define HAVE_DECL_STRNLEN 1
| #define HAVE_DECL_F_FULLFSYNC 0
| #define HAVE_DECL_RTLD_GLOBAL 1
| #define HAVE_DECL_RTLD_NOW 1
| /* end confdefs.h.  */
| #include <stdio.h>
| #ifdef HAVE_SYS_TYPES_H
| # include <sys/types.h>
| #endif
| #ifdef HAVE_SYS_STAT_H
| # include <sys/stat.h>
| #endif
| #ifdef STDC_HEADERS
| # include <stdlib.h>
| # include <stddef.h>
| #else
| # ifdef HAVE_STDLIB_H
| #  include <stdlib.h>
| # endif
| #endif
| #ifdef HAVE_STRING_H
| # if !defined STDC_HEADERS && defined HAVE_MEMORY_H
| #  include <memory.h>
| # endif
| # include <string.h>
| #endif
| #ifdef HAVE_STRINGS_H
| # include <strings.h>
| #endif
| #ifdef HAVE_INTTYPES_H
| # include <inttypes.h>
| #endif
| #ifdef HAVE_STDINT_H
| # include <stdint.h>
| #endif
| #ifdef HAVE_UNISTD_H
| # include <unistd.h>
| #endif
| #include <netinet/in.h>
| 
| int
| main ()
| {
| if (sizeof ((struct sockaddr_in6)))
| 	    return 0;
|   ;
|   return 0;
| }
configure:16291: result: yes
configure:16301: checking for PS_STRINGS
configure:16320: gcc -o conftest -Wall -Wmissing-prototypes -Wpointer-arith -Wdeclaration-after-statement -Werror=vla -Wendif-labels -Wmissing-format-attribute -Wformat-security -fno-strict-aliasing -fwrapv -fexcess-precision=standard -Wno-format-truncation -Wno-stringop-truncation -O2  -D_GNU_SOURCE    conftest.c -lz -lcrypt -lm  >&5
conftest.c:127:10: fatal error: machine/vmparam.h: No such file or directory
  127 | #include <machine/vmparam.h>
      |          ^~~~~~~~~~~~~~~~~~~
compilation terminated.
configure:16320: $? = 1
configure: failed program was:
| /* confdefs.h */
| #define PACKAGE_NAME "PostgreSQL"
| #define PACKAGE_TARNAME "postgresql"
| #define PACKAGE_VERSION "12.22"
| #define PACKAGE_STRING "PostgreSQL 12.22"
| #define PACKAGE_BUGREPORT "pgsql-bugs@lists.postgresql.org"
| #define PACKAGE_URL ""
| #define PG_MAJORVERSION "12"
| #define PG_VERSION "12.22"
| #define DEF_PGPORT 5432
| #define DEF_PGPORT_STR "5432"
| #define BLCKSZ 8192
| #define RELSEG_SIZE 131072
| #define XLOG_BLCKSZ 8192
| #define ENABLE_THREAD_SAFETY 1
| #define PG_KRB_SRVNAM "postgres"
| #define STDC_HEADERS 1
| #define HAVE_SYS_TYPES_H 1
| #define HAVE_SYS_STAT_H 1
| #define HAVE_STDLIB_H 1
| #define HAVE_STRING_H 1
| #define HAVE_MEMORY_H 1
| #define HAVE_STRINGS_H 1
| #define HAVE_INTTYPES_H 1
| #define HAVE_STDINT_H 1
| #define HAVE_UNISTD_H 1
| #define HAVE_PTHREAD_PRIO_INHERIT 1
| #define HAVE_PTHREAD 1
| #define HAVE_STRERROR_R 1
| #define HAVE_GETPWUID_R 1
| #define HAVE_GETHOSTBYNAME_R 1
| #define HAVE_LIBM 1
| #define HAVE_LIBZ 1
| #define HAVE_SPINLOCKS 1
| #define HAVE_ATOMICS 1
| #define HAVE_CRYPT_H 1
| #define HAVE_GETOPT_H 1
| #define HAVE_IFADDRS_H 1
| #define HAVE_LANGINFO_H 1
| #define HAVE_POLL_H 1
| #define HAVE_SYS_EPOLL_H 1
| #define HAVE_SYS_IPC_H 1
| #define HAVE_SYS_PERSONALITY_H 1
| #define HAVE_SYS_PRCTL_H 1
| #define HAVE_SYS_RESOURCE_H 1
| #define HAVE_SYS_SELECT_H 1
| #define HAVE_SYS_SEM_H 1
| #define HAVE_SYS_SHM_H 1
| #define HAVE_SYS_UN_H 1
| #define HAVE_TERMIOS_H 1
| #define HAVE_UTIME_H 1
| #define HAVE_WCHAR_H 1
| #define HAVE_WCTYPE_H 1
| #define HAVE_NET_IF_H 1
| #define HAVE_NETINET_TCP_H 1
| #define PG_PRINTF_ATTRIBUTE gnu_printf
| #define FLEXIBLE_ARRAY_MEMBER /**/
| #define HAVE_FUNCNAME__FUNC 1
| #define HAVE__STATIC_ASSERT 1
| #define HAVE_TYPEOF 1
| #define HAVE__BUILTIN_TYPES_COMPATIBLE_P 1
| #define HAVE__BUILTIN_CONSTANT_P 1
| #define HAVE__BUILTIN_UNREACHABLE 1
| #define HAVE_COMPUTED_GOTO 1
| #define HAVE_STRUCT_TM_TM_ZONE 1
| #define HAVE_TM_ZONE 1
| #define HAVE_TZNAME 1
| #define HAVE_UNIX_SOCKETS 1
| #define HAVE_STRUCT_SOCKADDR_STORAGE 1
| #define HAVE_STRUCT_SOCKADDR_STORAGE_SS_FAMILY 1
| #define HAVE_STRUCT_ADDRINFO 1
| #define HAVE_INTPTR_T 1
| #define HAVE_UINTPTR_T 1
| #define HAVE_UNSIGNED_LONG_LONG_INT 1
| #define HAVE_LONG_LONG_INT 1
| #define HAVE_LOCALE_T 1
| #define restrict __restrict
| #define pg_restrict __restrict
| #define HAVE_STRUCT_OPTION 1
| #define HAVE_X86_64_POPCNTQ 1
| #define SIZEOF_OFF_T 8
| #define SIZEOF_BOOL 1
| #define HAVE_INT_TIMEZONE 1
| #define ACCEPT_TYPE_RETURN int
| #define ACCEPT_TYPE_ARG1 int
| #define ACCEPT_TYPE_ARG2 struct sockaddr *
| #define ACCEPT_TYPE_ARG3 socklen_t
| #define HAVE_CBRT 1
| #define HAVE_CLOCK_GETTIME 1
| #define HAVE_FDATASYNC 1
| #define HAVE_GETIFADDRS 1
| #define HAVE_GETRLIMIT 1
| #define HAVE_MEMMOVE 1
| #define HAVE_POLL 1
| #define HAVE_POSIX_FALLOCATE 1
| #define HAVE_PPOLL 1
| #define HAVE_READLINK 1
| #define HAVE_SETSID 1
| #define HAVE_SHM_OPEN 1
| #define HAVE_STRCHRNUL 1
| #define HAVE_STRSIGNAL 1
| #define HAVE_SYMLINK 1
| #define HAVE_SYNC_FILE_RANGE 1
| #define HAVE_USELOCALE 1
| #define HAVE_UTIME 1
| #define HAVE_UTIMES 1
| #define HAVE__BUILTIN_BSWAP16 1
| #define HAVE__BUILTIN_BSWAP32 1
| #define HAVE__BUILTIN_BSWAP64 1
| #define HAVE__BUILTIN_CLZ 1
| #define HAVE__BUILTIN_CTZ 1
| #define HAVE__BUILTIN_POPCOUNT 1
| #define HAVE__BUILTIN_FRAME_ADDRESS 1
| #define HAVE_FSEEKO 1
| #define HAVE_FSEEKO 1
| #define HAVE_POSIX_FADVISE 1
| #define HAVE_DECL_POSIX_FADVISE 1
| #define HAVE_DECL_FDATASYNC 1
| #define HAVE_DECL_STRLCAT 1
| #define HAVE_DECL_STRLCPY 1
| #define HAVE_DECL_STRNLEN 1
| #define HAVE_DECL_F_FULLFSYNC 0
| #define HAVE_DECL_RTLD_GLOBAL 1
| #define HAVE_DECL_RTLD_NOW 1
| #define HAVE_IPV6 1
| /* end confdefs.h.  */
| #include <machine/vmparam.h>
| #include <sys/exec.h>
| 
| int
| main ()
| {
| PS_STRINGS->ps_nargvstr = 1;
| PS_STRINGS->ps_argvstr = "foo";
|   ;
|   return 0;
| }
configure:16328: result: no
configure:16337: checking for isinf
configure:16356: gcc -o conftest -Wall -Wmissing-prototypes -Wpointer-arith -Wdeclaration-after-statement -Werror=vla -Wendif-labels -Wmissing-format-attribute -Wformat-security -fno-strict-aliasing -fwrapv -fexcess-precision=standard -Wno-format-truncation -Wno-stringop-truncation -O2  -D_GNU_SOURCE    conftest.c -lz -lcrypt -lm  >&5
configure:16356: $? = 0
configure:16364: result: yes
configure:16393: checking for crypt
configure:16393: gcc -o conftest -Wall -Wmissing-prototypes -Wpointer-arith -Wdeclaration-after-statement -Werror=vla -Wendif-labels -Wmissing-format-attribute -Wformat-security -fno-strict-aliasing -fwrapv -fexcess-precision=standard -Wno-format-truncation -Wno-stringop-truncation -O2  -D_GNU_SOURCE    conftest.c -lz -lcrypt -lm  >&5
configure:16393: $? = 0
configure:16393: result: yes
configure:16406: checking for dlopen
configure:16406: gcc -o conftest -Wall -Wmissing-prototypes -Wpointer-arith -Wdeclaration-after-statement -Werror=vla -Wendif-labels -Wmissing-format-attribute -Wformat-security -fno-strict-aliasing -fwrapv -fexcess-precision=standard -Wno-format-truncation -Wno-stringop-truncation -O2  -D_GNU_SOURCE    conftest.c -lz -lcrypt -lm  >&5
configure:16406: $? = 0
configure:16406: result: yes
configure:16419: checking for fls
configure:16419: gcc -o conftest -Wall -Wmissing-prototypes -Wpointer-arith -Wdeclaration-after-statement -Werror=vla -Wendif-labels -Wmissing-format-attribute -Wformat-security -fno-strict-aliasing -fwrapv -fexcess-precision=standard -Wno-format-truncation -Wno-stringop-truncation -O2  -D_GNU_SOURCE    conftest.c -lz -lcrypt -lm  >&5
/usr/bin/ld: /tmp/cc0fo3ms.o: in function `main':
conftest.c:(.text.startup+0xb): undefined reference to `fls'
collect2: error: ld returned 1 exit status
configure:16419: $? = 1
configure: failed program was:
| /* confdefs.h */
| #define PACKAGE_NAME "PostgreSQL"
| #define PACKAGE_TARNAME "postgresql"
| #define PACKAGE_VERSION "12.22"
| #define PACKAGE_STRING "PostgreSQL 12.22"
| #define PACKAGE_BUGREPORT "pgsql-bugs@lists.postgresql.org"
| #define PACKAGE_URL ""
| #define PG_MAJORVERSION "12"
| #define PG_VERSION "12.22"
| #define DEF_PGPORT 5432
| #define DEF_PGPORT_STR "5432"
| #define BLCKSZ 8192
| #define RELSEG_SIZE 131072
| #define XLOG_BLCKSZ 8192
| #define ENABLE_THREAD_SAFETY 1
| #define PG_KRB_SRVNAM "postgres"
| #define STDC_HEADERS 1
| #define HAVE_SYS_TYPES_H 1
| #define HAVE_SYS_STAT_H 1
| #define HAVE_STDLIB_H 1
| #define HAVE_STRING_H 1
| #define HAVE_MEMORY_H 1
| #define HAVE_STRINGS_H 1
| #define HAVE_INTTYPES_H 1
| #define HAVE_STDINT_H 1
| #define HAVE_UNISTD_H 1
| #define HAVE_PTHREAD_PRIO_INHERIT 1
| #define HAVE_PTHREAD 1
| #define HAVE_STRERROR_R 1
| #define HAVE_GETPWUID_R 1
| #define HAVE_GETHOSTBYNAME_R 1
| #define HAVE_LIBM 1
| #define HAVE_LIBZ 1
| #define HAVE_SPINLOCKS 1
| #define HAVE_ATOMICS 1
| #define HAVE_CRYPT_H 1
| #define HAVE_GETOPT_H 1
| #define HAVE_IFADDRS_H 1
| #define HAVE_LANGINFO_H 1
| #define HAVE_POLL_H 1
| #define HAVE_SYS_EPOLL_H 1
| #define HAVE_SYS_IPC_H 1
| #define HAVE_SYS_PERSONALITY_H 1
| #define HAVE_SYS_PRCTL_H 1
| #define HAVE_SYS_RESOURCE_H 1
| #define HAVE_SYS_SELECT_H 1
| #define HAVE_SYS_SEM_H 1
| #define HAVE_SYS_SHM_H 1
| #define HAVE_SYS_UN_H 1
| #define HAVE_TERMIOS_H 1
| #define HAVE_UTIME_H 1
| #define HAVE_WCHAR_H 1
| #define HAVE_WCTYPE_H 1
| #define HAVE_NET_IF_H 1
| #define HAVE_NETINET_TCP_H 1
| #define PG_PRINTF_ATTRIBUTE gnu_printf
| #define FLEXIBLE_ARRAY_MEMBER /**/
| #define HAVE_FUNCNAME__FUNC 1
| #define HAVE__STATIC_ASSERT 1
| #define HAVE_TYPEOF 1
| #define HAVE__BUILTIN_TYPES_COMPATIBLE_P 1
| #define HAVE__BUILTIN_CONSTANT_P 1
| #define HAVE__BUILTIN_UNREACHABLE 1
| #define HAVE_COMPUTED_GOTO 1
| #define HAVE_STRUCT_TM_TM_ZONE 1
| #define HAVE_TM_ZONE 1
| #define HAVE_TZNAME 1
| #define HAVE_UNIX_SOCKETS 1
| #define HAVE_STRUCT_SOCKADDR_STORAGE 1
| #define HAVE_STRUCT_SOCKADDR_STORAGE_SS_FAMILY 1
| #define HAVE_STRUCT_ADDRINFO 1
| #define HAVE_INTPTR_T 1
| #define HAVE_UINTPTR_T 1
| #define HAVE_UNSIGNED_LONG_LONG_INT 1
| #define HAVE_LONG_LONG_INT 1
| #define HAVE_LOCALE_T 1
| #define restrict __restrict
| #define pg_restrict __restrict
| #define HAVE_STRUCT_OPTION 1
| #define HAVE_X86_64_POPCNTQ 1
| #define SIZEOF_OFF_T 8
| #define SIZEOF_BOOL 1
| #define HAVE_INT_TIMEZONE 1
| #define ACCEPT_TYPE_RETURN int
| #define ACCEPT_TYPE_ARG1 int
| #define ACCEPT_TYPE_ARG2 struct sockaddr *
| #define ACCEPT_TYPE_ARG3 socklen_t
| #define HAVE_CBRT 1
| #define HAVE_CLOCK_GETTIME 1
| #define HAVE_FDATASYNC 1
| #define HAVE_GETIFADDRS 1
| #define HAVE_GETRLIMIT 1
| #define HAVE_MEMMOVE 1
| #define HAVE_POLL 1
| #define HAVE_POSIX_FALLOCATE 1
| #define HAVE_PPOLL 1
| #define HAVE_READLINK 1
| #define HAVE_SETSID 1
| #define HAVE_SHM_OPEN 1
| #define HAVE_STRCHRNUL 1
| #define HAVE_STRSIGNAL 1
| #define HAVE_SYMLINK 1
| #define HAVE_SYNC_FILE_RANGE 1
| #define HAVE_USELOCALE 1
| #define HAVE_UTIME 1
| #define HAVE_UTIMES 1
| #define HAVE__BUILTIN_BSWAP16 1
| #define HAVE__BUILTIN_BSWAP32 1
| #define HAVE__BUILTIN_BSWAP64 1
| #define HAVE__BUILTIN_CLZ 1
| #define HAVE__BUILTIN_CTZ 1
| #define HAVE__BUILTIN_POPCOUNT 1
| #define HAVE__BUILTIN_FRAME_ADDRESS 1
| #define HAVE_FSEEKO 1
| #define HAVE_FSEEKO 1
| #define HAVE_POSIX_FADVISE 1
| #define HAVE_DECL_POSIX_FADVISE 1
| #define HAVE_DECL_FDATASYNC 1
| #define HAVE_DECL_STRLCAT 1
| #define HAVE_DECL_STRLCPY 1
| #define HAVE_DECL_STRNLEN 1
| #define HAVE_DECL_F_FULLFSYNC 0
| #define HAVE_DECL_RTLD_GLOBAL 1
| #define HAVE_DECL_RTLD_NOW 1
| #define HAVE_IPV6 1
| #define HAVE_ISINF 1
| #define HAVE_CRYPT 1
| #define HAVE_DLOPEN 1
| /* end confdefs.h.  */
| /* Define fls to an innocuous variant, in case <limits.h> declares fls.
|    For example, HP-UX 11i <limits.h> declares gettimeofday.  */
| #define fls innocuous_fls
| 
| /* System header to define __stub macros and hopefully few prototypes,
|     which can conflict with char fls (); below.
|     Prefer <limits.h> to <assert.h> if __STDC__ is defined, since
|     <limits.h> exists even on freestanding compilers.  */
| 
| #ifdef __STDC__
| # include <limits.h>
| #else
| # include <assert.h>
| #endif
| 
| #undef fls
| 
| /* Override any GCC internal prototype to avoid an error.
|    Use char because int might match the return type of a GCC
|    builtin and then its argument prototype would still apply.  */
| #ifdef __cplusplus
| extern "C"
| #endif
| char fls ();
| /* The GNU C library defines this for functions which it implements
|     to always fail with ENOSYS.  Some functions are actually named
|     something starting with __ and the normal name is an alias.  */
| #if defined __stub_fls || defined __stub___fls
| choke me
| #endif
| 
| int
| main ()
| {
| return fls ();
|   ;
|   return 0;
| }
configure:16419: result: no
configure:16432: checking for getopt
configure:16432: gcc -o conftest -Wall -Wmissing-prototypes -Wpointer-arith -Wdeclaration-after-statement -Werror=vla -Wendif-labels -Wmissing-format-attribute -Wformat-security -fno-strict-aliasing -fwrapv -fexcess-precision=standard -Wno-format-truncation -Wno-stringop-truncation -O2  -D_GNU_SOURCE    conftest.c -lz -lcrypt -lm  >&5
configure:16432: $? = 0
configure:16432: result: yes
configure:16445: checking for getrusage
configure:16445: gcc -o conftest -Wall -Wmissing-prototypes -Wpointer-arith -Wdeclaration-after-statement -Werror=vla -Wendif-labels -Wmissing-format-attribute -Wformat-security -fno-strict-aliasing -fwrapv -fexcess-precision=standard -Wno-format-truncation -Wno-stringop-truncation -O2  -D_GNU_SOURCE    conftest.c -lz -lcrypt -lm  >&5
configure:16445: $? = 0
configure:16445: result: yes
configure:16458: checking for inet_aton
configure:16458: gcc -o conftest -Wall -Wmissing-prototypes -Wpointer-arith -Wdeclaration-after-statement -Werror=vla -Wendif-labels -Wmissing-format-attribute -Wformat-security -fno-strict-aliasing -fwrapv -fexcess-precision=standard -Wno-format-truncation -Wno-stringop-truncation -O2  -D_GNU_SOURCE    conftest.c -lz -lcrypt -lm  >&5
configure:16458: $? = 0
configure:16458: result: yes
configure:16471: checking for mkdtemp
configure:16471: gcc -o conftest -Wall -Wmissing-prototypes -Wpointer-arith -Wdeclaration-after-statement -Werror=vla -Wendif-labels -Wmissing-format-attribute -Wformat-security -fno-strict-aliasing -fwrapv -fexcess-precision=standard -Wno-format-truncation -Wno-stringop-truncation -O2  -D_GNU_SOURCE    conftest.c -lz -lcrypt -lm  >&5
configure:16471: $? = 0
configure:16471: result: yes
configure:16484: checking for pread
configure:16484: gcc -o conftest -Wall -Wmissing-prototypes -Wpointer-arith -Wdeclaration-after-statement -Werror=vla -Wendif-labels -Wmissing-format-attribute -Wformat-security -fno-strict-aliasing -fwrapv -fexcess-precision=standard -Wno-format-truncation -Wno-stringop-truncation -O2  -D_GNU_SOURCE    conftest.c -lz -lcrypt -lm  >&5
configure:16484: $? = 0
configure:16484: result: yes
configure:16497: checking for pwrite
configure:16497: gcc -o conftest -Wall -Wmissing-prototypes -Wpointer-arith -Wdeclaration-after-statement -Werror=vla -Wendif-labels -Wmissing-format-attribute -Wformat-security -fno-strict-aliasing -fwrapv -fexcess-precision=standard -Wno-format-truncation -Wno-stringop-truncation -O2  -D_GNU_SOURCE    conftest.c -lz -lcrypt -lm  >&5
configure:16497: $? = 0
configure:16497: result: yes
configure:16510: checking for random
configure:16510: gcc -o conftest -Wall -Wmissing-prototypes -Wpointer-arith -Wdeclaration-after-statement -Werror=vla -Wendif-labels -Wmissing-format-attribute -Wformat-security -fno-strict-aliasing -fwrapv -fexcess-precision=standard -Wno-format-truncation -Wno-stringop-truncation -O2  -D_GNU_SOURCE    conftest.c -lz -lcrypt -lm  >&5
configure:16510: $? = 0
configure:16510: result: yes
configure:16523: checking for rint
configure:16523: gcc -o conftest -Wall -Wmissing-prototypes -Wpointer-arith -Wdeclaration-after-statement -Werror=vla -Wendif-labels -Wmissing-format-attribute -Wformat-security -fno-strict-aliasing -fwrapv -fexcess-precision=standard -Wno-format-truncation -Wno-stringop-truncation -O2  -D_GNU_SOURCE    conftest.c -lz -lcrypt -lm  >&5
conftest.c:160:6: warning: conflicting types for built-in function 'rint'; expected 'double(double)' [-Wbuiltin-declaration-mismatch]
  160 | char rint ();
      |      ^~~~
conftest.c:148:1: note: 'rint' is declared in header '<math.h>'
  147 | # include <limits.h>
  148 | #else
configure:16523: $? = 0
configure:16523: result: yes
configure:16536: checking for srandom
configure:16536: gcc -o conftest -Wall -Wmissing-prototypes -Wpointer-arith -Wdeclaration-after-statement -Werror=vla -Wendif-labels -Wmissing-format-attribute -Wformat-security -fno-strict-aliasing -fwrapv -fexcess-precision=standard -Wno-format-truncation -Wno-stringop-truncation -O2  -D_GNU_SOURCE    conftest.c -lz -lcrypt -lm  >&5
configure:16536: $? = 0
configure:16536: result: yes
configure:16549: checking for strlcat
configure:16549: gcc -o conftest -Wall -Wmissing-prototypes -Wpointer-arith -Wdeclaration-after-statement -Werror=vla -Wendif-labels -Wmissing-format-attribute -Wformat-security -fno-strict-aliasing -fwrapv -fexcess-precision=standard -Wno-format-truncation -Wno-stringop-truncation -O2  -D_GNU_SOURCE    conftest.c -lz -lcrypt -lm  >&5
configure:16549: $? = 0
configure:16549: result: yes
configure:16562: checking for strlcpy
configure:16562: gcc -o conftest -Wall -Wmissing-prototypes -Wpointer-arith -Wdeclaration-after-statement -Werror=vla -Wendif-labels -Wmissing-format-attribute -Wformat-security -fno-strict-aliasing -fwrapv -fexcess-precision=standard -Wno-format-truncation -Wno-stringop-truncation -O2  -D_GNU_SOURCE    conftest.c -lz -lcrypt -lm  >&5
configure:16562: $? = 0
configure:16562: result: yes
configure:16575: checking for strnlen
configure:16575: gcc -o conftest -Wall -Wmissing-prototypes -Wpointer-arith -Wdeclaration-after-statement -Werror=vla -Wendif-labels -Wmissing-format-attribute -Wformat-security -fno-strict-aliasing -fwrapv -fexcess-precision=standard -Wno-format-truncation -Wno-stringop-truncation -O2  -D_GNU_SOURCE    conftest.c -lz -lcrypt -lm  >&5
conftest.c:164:6: warning: conflicting types for built-in function 'strnlen'; expected 'long unsigned int(const char *, long unsigned int)' [-Wbuiltin-declaration-mismatch]
  164 | char strnlen ();
      |      ^~~~~~~
configure:16575: $? = 0
configure:16575: result: yes
configure:16588: checking for strtof
configure:16588: gcc -o conftest -Wall -Wmissing-prototypes -Wpointer-arith -Wdeclaration-after-statement -Werror=vla -Wendif-labels -Wmissing-format-attribute -Wformat-security -fno-strict-aliasing -fwrapv -fexcess-precision=standard -Wno-format-truncation -Wno-stringop-truncation -O2  -D_GNU_SOURCE    conftest.c -lz -lcrypt -lm  >&5
configure:16588: $? = 0
configure:16588: result: yes
configure:16641: checking for setenv
configure:16641: gcc -o conftest -Wall -Wmissing-prototypes -Wpointer-arith -Wdeclaration-after-statement -Werror=vla -Wendif-labels -Wmissing-format-attribute -Wformat-security -fno-strict-aliasing -fwrapv -fexcess-precision=standard -Wno-format-truncation -Wno-stringop-truncation -O2  -D_GNU_SOURCE    conftest.c -lz -lcrypt -lm  >&5
configure:16641: $? = 0
configure:16641: result: yes
configure:16654: checking for unsetenv
configure:16654: gcc -o conftest -Wall -Wmissing-prototypes -Wpointer-arith -Wdeclaration-after-statement -Werror=vla -Wendif-labels -Wmissing-format-attribute -Wformat-security -fno-strict-aliasing -fwrapv -fexcess-precision=standard -Wno-format-truncation -Wno-stringop-truncation -O2  -D_GNU_SOURCE    conftest.c -lz -lcrypt -lm  >&5
configure:16654: $? = 0
configure:16654: result: yes
configure:16667: checking for getpeereid
configure:16667: gcc -o conftest -Wall -Wmissing-prototypes -Wpointer-arith -Wdeclaration-after-statement -Werror=vla -Wendif-labels -Wmissing-format-attribute -Wformat-security -fno-strict-aliasing -fwrapv -fexcess-precision=standard -Wno-format-truncation -Wno-stringop-truncation -O2  -D_GNU_SOURCE    conftest.c -lz -lcrypt -lm  >&5
/usr/bin/ld: /tmp/ccY4hU3s.o: in function `main':
conftest.c:(.text.startup+0xb): undefined reference to `getpeereid'
collect2: error: ld returned 1 exit status
configure:16667: $? = 1
configure: failed program was:
| /* confdefs.h */
| #define PACKAGE_NAME "PostgreSQL"
| #define PACKAGE_TARNAME "postgresql"
| #define PACKAGE_VERSION "12.22"
| #define PACKAGE_STRING "PostgreSQL 12.22"
| #define PACKAGE_BUGREPORT "pgsql-bugs@lists.postgresql.org"
| #define PACKAGE_URL ""
| #define PG_MAJORVERSION "12"
| #define PG_VERSION "12.22"
| #define DEF_PGPORT 5432
| #define DEF_PGPORT_STR "5432"
| #define BLCKSZ 8192
| #define RELSEG_SIZE 131072
| #define XLOG_BLCKSZ 8192
| #define ENABLE_THREAD_SAFETY 1
| #define PG_KRB_SRVNAM "postgres"
| #define STDC_HEADERS 1
| #define HAVE_SYS_TYPES_H 1
| #define HAVE_SYS_STAT_H 1
| #define HAVE_STDLIB_H 1
| #define HAVE_STRING_H 1
| #define HAVE_MEMORY_H 1
| #define HAVE_STRINGS_H 1
| #define HAVE_INTTYPES_H 1
| #define HAVE_STDINT_H 1
| #define HAVE_UNISTD_H 1
| #define HAVE_PTHREAD_PRIO_INHERIT 1
| #define HAVE_PTHREAD 1
| #define HAVE_STRERROR_R 1
| #define HAVE_GETPWUID_R 1
| #define HAVE_GETHOSTBYNAME_R 1
| #define HAVE_LIBM 1
| #define HAVE_LIBZ 1
| #define HAVE_SPINLOCKS 1
| #define HAVE_ATOMICS 1
| #define HAVE_CRYPT_H 1
| #define HAVE_GETOPT_H 1
| #define HAVE_IFADDRS_H 1
| #define HAVE_LANGINFO_H 1
| #define HAVE_POLL_H 1
| #define HAVE_SYS_EPOLL_H 1
| #define HAVE_SYS_IPC_H 1
| #define HAVE_SYS_PERSONALITY_H 1
| #define HAVE_SYS_PRCTL_H 1
| #define HAVE_SYS_RESOURCE_H 1
| #define HAVE_SYS_SELECT_H 1
| #define HAVE_SYS_SEM_H 1
| #define HAVE_SYS_SHM_H 1
| #define HAVE_SYS_UN_H 1
| #define HAVE_TERMIOS_H 1
| #define HAVE_UTIME_H 1
| #define HAVE_WCHAR_H 1
| #define HAVE_WCTYPE_H 1
| #define HAVE_NET_IF_H 1
| #define HAVE_NETINET_TCP_H 1
| #define PG_PRINTF_ATTRIBUTE gnu_printf
| #define FLEXIBLE_ARRAY_MEMBER /**/
| #define HAVE_FUNCNAME__FUNC 1
| #define HAVE__STATIC_ASSERT 1
| #define HAVE_TYPEOF 1
| #define HAVE__BUILTIN_TYPES_COMPATIBLE_P 1
| #define HAVE__BUILTIN_CONSTANT_P 1
| #define HAVE__BUILTIN_UNREACHABLE 1
| #define HAVE_COMPUTED_GOTO 1
| #define HAVE_STRUCT_TM_TM_ZONE 1
| #define HAVE_TM_ZONE 1
| #define HAVE_TZNAME 1
| #define HAVE_UNIX_SOCKETS 1
| #define HAVE_STRUCT_SOCKADDR_STORAGE 1
| #define HAVE_STRUCT_SOCKADDR_STORAGE_SS_FAMILY 1
| #define HAVE_STRUCT_ADDRINFO 1
| #define HAVE_INTPTR_T 1
| #define HAVE_UINTPTR_T 1
| #define HAVE_UNSIGNED_LONG_LONG_INT 1
| #define HAVE_LONG_LONG_INT 1
| #define HAVE_LOCALE_T 1
| #define restrict __restrict
| #define pg_restrict __restrict
| #define HAVE_STRUCT_OPTION 1
| #define HAVE_X86_64_POPCNTQ 1
| #define SIZEOF_OFF_T 8
| #define SIZEOF_BOOL 1
| #define HAVE_INT_TIMEZONE 1
| #define ACCEPT_TYPE_RETURN int
| #define ACCEPT_TYPE_ARG1 int
| #define ACCEPT_TYPE_ARG2 struct sockaddr *
| #define ACCEPT_TYPE_ARG3 socklen_t
| #define HAVE_CBRT 1
| #define HAVE_CLOCK_GETTIME 1
| #define HAVE_FDATASYNC 1
| #define HAVE_GETIFADDRS 1
| #define HAVE_GETRLIMIT 1
| #define HAVE_MEMMOVE 1
| #define HAVE_POLL 1
| #define HAVE_POSIX_FALLOCATE 1
| #define HAVE_PPOLL 1
| #define HAVE_READLINK 1
| #define HAVE_SETSID 1
| #define HAVE_SHM_OPEN 1
| #define HAVE_STRCHRNUL 1
| #define HAVE_STRSIGNAL 1
| #define HAVE_SYMLINK 1
| #define HAVE_SYNC_FILE_RANGE 1
| #define HAVE_USELOCALE 1
| #define HAVE_UTIME 1
| #define HAVE_UTIMES 1
| #define HAVE__BUILTIN_BSWAP16 1
| #define HAVE__BUILTIN_BSWAP32 1
| #define HAVE__BUILTIN_BSWAP64 1
| #define HAVE__BUILTIN_CLZ 1
| #define HAVE__BUILTIN_CTZ 1
| #define HAVE__BUILTIN_POPCOUNT 1
| #define HAVE__BUILTIN_FRAME_ADDRESS 1
| #define HAVE_FSEEKO 1
| #define HAVE_FSEEKO 1
| #define HAVE_POSIX_FADVISE 1
| #define HAVE_DECL_POSIX_FADVISE 1
| #define HAVE_DECL_FDATASYNC 1
| #define HAVE_DECL_STRLCAT 1
| #define HAVE_DECL_STRLCPY 1
| #define HAVE_DECL_STRNLEN 1
| #define HAVE_DECL_F_FULLFSYNC 0
| #define HAVE_DECL_RTLD_GLOBAL 1
| #define HAVE_DECL_RTLD_NOW 1
| #define HAVE_IPV6 1
| #define HAVE_ISINF 1
| #define HAVE_CRYPT 1
| #define HAVE_DLOPEN 1
| #define HAVE_GETOPT 1
| #define HAVE_GETRUSAGE 1
| #define HAVE_INET_ATON 1
| #define HAVE_MKDTEMP 1
| #define HAVE_PREAD 1
| #define HAVE_PWRITE 1
| #define HAVE_RANDOM 1
| #define HAVE_RINT 1
| #define HAVE_SRANDOM 1
| #define HAVE_STRLCAT 1
| #define HAVE_STRLCPY 1
| #define HAVE_STRNLEN 1
| #define HAVE_STRTOF 1
| #define HAVE_SETENV 1
| #define HAVE_UNSETENV 1
| /* end confdefs.h.  */
| /* Define getpeereid to an innocuous variant, in case <limits.h> declares getpeereid.
|    For example, HP-UX 11i <limits.h> declares gettimeofday.  */
| #define getpeereid innocuous_getpeereid
| 
| /* System header to define __stub macros and hopefully few prototypes,
|     which can conflict with char getpeereid (); below.
|     Prefer <limits.h> to <assert.h> if __STDC__ is defined, since
|     <limits.h> exists even on freestanding compilers.  */
| 
| #ifdef __STDC__
| # include <limits.h>
| #else
| # include <assert.h>
| #endif
| 
| #undef getpeereid
| 
| /* Override any GCC internal prototype to avoid an error.
|    Use char because int might match the return type of a GCC
|    builtin and then its argument prototype would still apply.  */
| #ifdef __cplusplus
| extern "C"
| #endif
| char getpeereid ();
| /* The GNU C library defines this for functions which it implements
|     to always fail with ENOSYS.  Some functions are actually named
|     something starting with __ and the normal name is an alias.  */
| #if defined __stub_getpeereid || defined __stub___getpeereid
| choke me
| #endif
| 
| int
| main ()
| {
| return getpeereid ();
|   ;
|   return 0;
| }
configure:16667: result: no
configure:16689: checking for getaddrinfo
configure:16689: gcc -o conftest -Wall -Wmissing-prototypes -Wpointer-arith -Wdeclaration-after-statement -Werror=vla -Wendif-labels -Wmissing-format-attribute -Wformat-security -fno-strict-aliasing -fwrapv -fexcess-precision=standard -Wno-format-truncation -Wno-stringop-truncation -O2  -D_GNU_SOURCE    conftest.c -lz -lcrypt -lm  >&5
configure:16689: $? = 0
configure:16689: result: yes
configure:16714: checking for getopt_long
configure:16714: gcc -o conftest -Wall -Wmissing-prototypes -Wpointer-arith -Wdeclaration-after-statement -Werror=vla -Wendif-labels -Wmissing-format-attribute -Wformat-security -fno-strict-aliasing -fwrapv -fexcess-precision=standard -Wno-format-truncation -Wno-stringop-truncation -O2  -D_GNU_SOURCE    conftest.c -lz -lcrypt -lm  >&5
configure:16714: $? = 0
configure:16714: result: yes
configure:16879: checking for syslog
configure:16879: gcc -o conftest -Wall -Wmissing-prototypes -Wpointer-arith -Wdeclaration-after-statement -Werror=vla -Wendif-labels -Wmissing-format-attribute -Wformat-security -fno-strict-aliasing -fwrapv -fexcess-precision=standard -Wno-format-truncation -Wno-stringop-truncation -O2  -D_GNU_SOURCE    conftest.c -lz -lcrypt -lm  >&5
configure:16879: $? = 0
configure:16879: result: yes
configure:16881: checking syslog.h usability
configure:16881: gcc -c -Wall -Wmissing-prototypes -Wpointer-arith -Wdeclaration-after-statement -Werror=vla -Wendif-labels -Wmissing-format-attribute -Wformat-security -fno-strict-aliasing -fwrapv -fexcess-precision=standard -Wno-format-truncation -Wno-stringop-truncation -O2  -D_GNU_SOURCE  conftest.c >&5
configure:16881: $? = 0
configure:16881: result: yes
configure:16881: checking syslog.h presence
configure:16881: gcc -E  -D_GNU_SOURCE  conftest.c
configure:16881: $? = 0
configure:16881: result: yes
configure:16881: checking for syslog.h
configure:16881: result: yes
configure:16892: checking for opterr
configure:16908: gcc -o conftest -Wall -Wmissing-prototypes -Wpointer-arith -Wdeclaration-after-statement -Werror=vla -Wendif-labels -Wmissing-format-attribute -Wformat-security -fno-strict-aliasing -fwrapv -fexcess-precision=standard -Wno-format-truncation -Wno-stringop-truncation -O2  -D_GNU_SOURCE    conftest.c -lz -lcrypt -lm  >&5
configure:16908: $? = 0
configure:16916: result: yes
configure:16924: checking for optreset
configure:16940: gcc -o conftest -Wall -Wmissing-prototypes -Wpointer-arith -Wdeclaration-after-statement -Werror=vla -Wendif-labels -Wmissing-format-attribute -Wformat-security -fno-strict-aliasing -fwrapv -fexcess-precision=standard -Wno-format-truncation -Wno-stringop-truncation -O2  -D_GNU_SOURCE    conftest.c -lz -lcrypt -lm  >&5
/usr/bin/ld: /tmp/ccldWl2n.o: warning: relocation against `optreset' in read-only section `.text.startup'
/usr/bin/ld: /tmp/ccldWl2n.o: in function `main':
conftest.c:(.text.startup+0x6): undefined reference to `optreset'
/usr/bin/ld: warning: creating DT_TEXTREL in a PIE
collect2: error: ld returned 1 exit status
configure:16940: $? = 1
configure: failed program was:
| /* confdefs.h */
| #define PACKAGE_NAME "PostgreSQL"
| #define PACKAGE_TARNAME "postgresql"
| #define PACKAGE_VERSION "12.22"
| #define PACKAGE_STRING "PostgreSQL 12.22"
| #define PACKAGE_BUGREPORT "pgsql-bugs@lists.postgresql.org"
| #define PACKAGE_URL ""
| #define PG_MAJORVERSION "12"
| #define PG_VERSION "12.22"
| #define DEF_PGPORT 5432
| #define DEF_PGPORT_STR "5432"
| #define BLCKSZ 8192
| #define RELSEG_SIZE 131072
| #define XLOG_BLCKSZ 8192
| #define ENABLE_THREAD_SAFETY 1
| #define PG_KRB_SRVNAM "postgres"
| #define STDC_HEADERS 1
| #define HAVE_SYS_TYPES_H 1
| #define HAVE_SYS_STAT_H 1
| #define HAVE_STDLIB_H 1
| #define HAVE_STRING_H 1
| #define HAVE_MEMORY_H 1
| #define HAVE_STRINGS_H 1
| #define HAVE_INTTYPES_H 1
| #define HAVE_STDINT_H 1
| #define HAVE_UNISTD_H 1
| #define HAVE_PTHREAD_PRIO_INHERIT 1
| #define HAVE_PTHREAD 1
| #define HAVE_STRERROR_R 1
| #define HAVE_GETPWUID_R 1
| #define HAVE_GETHOSTBYNAME_R 1
| #define HAVE_LIBM 1
| #define HAVE_LIBZ 1
| #define HAVE_SPINLOCKS 1
| #define HAVE_ATOMICS 1
| #define HAVE_CRYPT_H 1
| #define HAVE_GETOPT_H 1
| #define HAVE_IFADDRS_H 1
| #define HAVE_LANGINFO_H 1
| #define HAVE_POLL_H 1
| #define HAVE_SYS_EPOLL_H 1
| #define HAVE_SYS_IPC_H 1
| #define HAVE_SYS_PERSONALITY_H 1
| #define HAVE_SYS_PRCTL_H 1
| #define HAVE_SYS_RESOURCE_H 1
| #define HAVE_SYS_SELECT_H 1
| #define HAVE_SYS_SEM_H 1
| #define HAVE_SYS_SHM_H 1
| #define HAVE_SYS_UN_H 1
| #define HAVE_TERMIOS_H 1
| #define HAVE_UTIME_H 1
| #define HAVE_WCHAR_H 1
| #define HAVE_WCTYPE_H 1
| #define HAVE_NET_IF_H 1
| #define HAVE_NETINET_TCP_H 1
| #define PG_PRINTF_ATTRIBUTE gnu_printf
| #define FLEXIBLE_ARRAY_MEMBER /**/
| #define HAVE_FUNCNAME__FUNC 1
| #define HAVE__STATIC_ASSERT 1
| #define HAVE_TYPEOF 1
| #define HAVE__BUILTIN_TYPES_COMPATIBLE_P 1
| #define HAVE__BUILTIN_CONSTANT_P 1
| #define HAVE__BUILTIN_UNREACHABLE 1
| #define HAVE_COMPUTED_GOTO 1
| #define HAVE_STRUCT_TM_TM_ZONE 1
| #define HAVE_TM_ZONE 1
| #define HAVE_TZNAME 1
| #define HAVE_UNIX_SOCKETS 1
| #define HAVE_STRUCT_SOCKADDR_STORAGE 1
| #define HAVE_STRUCT_SOCKADDR_STORAGE_SS_FAMILY 1
| #define HAVE_STRUCT_ADDRINFO 1
| #define HAVE_INTPTR_T 1
| #define HAVE_UINTPTR_T 1
| #define HAVE_UNSIGNED_LONG_LONG_INT 1
| #define HAVE_LONG_LONG_INT 1
| #define HAVE_LOCALE_T 1
| #define restrict __restrict
| #define pg_restrict __restrict
| #define HAVE_STRUCT_OPTION 1
| #define HAVE_X86_64_POPCNTQ 1
| #define SIZEOF_OFF_T 8
| #define SIZEOF_BOOL 1
| #define HAVE_INT_TIMEZONE 1
| #define ACCEPT_TYPE_RETURN int
| #define ACCEPT_TYPE_ARG1 int
| #define ACCEPT_TYPE_ARG2 struct sockaddr *
| #define ACCEPT_TYPE_ARG3 socklen_t
| #define HAVE_CBRT 1
| #define HAVE_CLOCK_GETTIME 1
| #define HAVE_FDATASYNC 1
| #define HAVE_GETIFADDRS 1
| #define HAVE_GETRLIMIT 1
| #define HAVE_MEMMOVE 1
| #define HAVE_POLL 1
| #define HAVE_POSIX_FALLOCATE 1
| #define HAVE_PPOLL 1
| #define HAVE_READLINK 1
| #define HAVE_SETSID 1
| #define HAVE_SHM_OPEN 1
| #define HAVE_STRCHRNUL 1
| #define HAVE_STRSIGNAL 1
| #define HAVE_SYMLINK 1
| #define HAVE_SYNC_FILE_RANGE 1
| #define HAVE_USELOCALE 1
| #define HAVE_UTIME 1
| #define HAVE_UTIMES 1
| #define HAVE__BUILTIN_BSWAP16 1
| #define HAVE__BUILTIN_BSWAP32 1
| #define HAVE__BUILTIN_BSWAP64 1
| #define HAVE__BUILTIN_CLZ 1
| #define HAVE__BUILTIN_CTZ 1
| #define HAVE__BUILTIN_POPCOUNT 1
| #define HAVE__BUILTIN_FRAME_ADDRESS 1
| #define HAVE_FSEEKO 1
| #define HAVE_FSEEKO 1
| #define HAVE_POSIX_FADVISE 1
| #define HAVE_DECL_POSIX_FADVISE 1
| #define HAVE_DECL_FDATASYNC 1
| #define HAVE_DECL_STRLCAT 1
| #define HAVE_DECL_STRLCPY 1
| #define HAVE_DECL_STRNLEN 1
| #define HAVE_DECL_F_FULLFSYNC 0
| #define HAVE_DECL_RTLD_GLOBAL 1
| #define HAVE_DECL_RTLD_NOW 1
| #define HAVE_IPV6 1
| #define HAVE_ISINF 1
| #define HAVE_CRYPT 1
| #define HAVE_DLOPEN 1
| #define HAVE_GETOPT 1
| #define HAVE_GETRUSAGE 1
| #define HAVE_INET_ATON 1
| #define HAVE_MKDTEMP 1
| #define HAVE_PREAD 1
| #define HAVE_PWRITE 1
| #define HAVE_RANDOM 1
| #define HAVE_RINT 1
| #define HAVE_SRANDOM 1
| #define HAVE_STRLCAT 1
| #define HAVE_STRLCPY 1
| #define HAVE_STRNLEN 1
| #define HAVE_STRTOF 1
| #define HAVE_SETENV 1
| #define HAVE_UNSETENV 1
| #define HAVE_GETADDRINFO 1
| #define HAVE_GETOPT_LONG 1
| #define HAVE_SYSLOG 1
| #define HAVE_INT_OPTERR 1
| /* end confdefs.h.  */
| #include <unistd.h>
| int
| main ()
| {
| extern int optreset; optreset = 1;
|   ;
|   return 0;
| }
configure:16948: result: no
configure:16959: checking for strtoll
configure:16959: gcc -o conftest -Wall -Wmissing-prototypes -Wpointer-arith -Wdeclaration-after-statement -Werror=vla -Wendif-labels -Wmissing-format-attribute -Wformat-security -fno-strict-aliasing -fwrapv -fexcess-precision=standard -Wno-format-truncation -Wno-stringop-truncation -O2  -D_GNU_SOURCE    conftest.c -lz -lcrypt -lm  >&5
configure:16959: $? = 0
configure:16959: result: yes
configure:16971: checking for strtoull
configure:16971: gcc -o conftest -Wall -Wmissing-prototypes -Wpointer-arith -Wdeclaration-after-statement -Werror=vla -Wendif-labels -Wmissing-format-attribute -Wformat-security -fno-strict-aliasing -fwrapv -fexcess-precision=standard -Wno-format-truncation -Wno-stringop-truncation -O2  -D_GNU_SOURCE    conftest.c -lz -lcrypt -lm  >&5
configure:16971: $? = 0
configure:16971: result: yes
configure:16981: checking whether strtoll is declared
configure:16981: gcc -c -Wall -Wmissing-prototypes -Wpointer-arith -Wdeclaration-after-statement -Werror=vla -Wendif-labels -Wmissing-format-attribute -Wformat-security -fno-strict-aliasing -fwrapv -fexcess-precision=standard -Wno-format-truncation -Wno-stringop-truncation -O2  -D_GNU_SOURCE  conftest.c >&5
configure:16981: $? = 0
configure:16981: result: yes
configure:16991: checking whether strtoull is declared
configure:16991: gcc -c -Wall -Wmissing-prototypes -Wpointer-arith -Wdeclaration-after-statement -Werror=vla -Wendif-labels -Wmissing-format-attribute -Wformat-security -fno-strict-aliasing -fwrapv -fexcess-precision=standard -Wno-format-truncation -Wno-stringop-truncation -O2  -D_GNU_SOURCE  conftest.c >&5
configure:16991: $? = 0
configure:16991: result: yes
configure:17159: checking test program
configure:17169: gcc -o conftest -Wall -Wmissing-prototypes -Wpointer-arith -Wdeclaration-after-statement -Werror=vla -Wendif-labels -Wmissing-format-attribute -Wformat-security -fno-strict-aliasing -fwrapv -fexcess-precision=standard -Wno-format-truncation -Wno-stringop-truncation -O2  -D_GNU_SOURCE    conftest.c -lz -lcrypt -lm  >&5
configure:17169: $? = 0
configure:17169: ./conftest
configure:17169: $? = 0
configure:17170: result: ok
configure:17190: checking whether long int is 64 bits
configure:17250: gcc -o conftest -Wall -Wmissing-prototypes -Wpointer-arith -Wdeclaration-after-statement -Werror=vla -Wendif-labels -Wmissing-format-attribute -Wformat-security -fno-strict-aliasing -fwrapv -fexcess-precision=standard -Wno-format-truncation -Wno-stringop-truncation -O2  -D_GNU_SOURCE    conftest.c -lz -lcrypt -lm  >&5
conftest.c:162:5: warning: no previous prototype for 'does_int64_work' [-Wmissing-prototypes]
  162 | int does_int64_work()
      |     ^~~~~~~~~~~~~~~
configure:17250: $? = 0
configure:17250: ./conftest
configure:17250: $? = 0
configure:17260: result: yes
configure:17382: checking for __builtin_mul_overflow
configure:17403: gcc -o conftest -Wall -Wmissing-prototypes -Wpointer-arith -Wdeclaration-after-statement -Werror=vla -Wendif-labels -Wmissing-format-attribute -Wformat-security -fno-strict-aliasing -fwrapv -fexcess-precision=standard -Wno-format-truncation -Wno-stringop-truncation -O2  -D_GNU_SOURCE    conftest.c -lz -lcrypt -lm  >&5
configure:17403: $? = 0
configure:17411: result: yes
configure:17424: checking size of void *
configure:17429: gcc -o conftest -Wall -Wmissing-prototypes -Wpointer-arith -Wdeclaration-after-statement -Werror=vla -Wendif-labels -Wmissing-format-attribute -Wformat-security -fno-strict-aliasing -fwrapv -fexcess-precision=standard -Wno-format-truncation -Wno-stringop-truncation -O2  -D_GNU_SOURCE    conftest.c -lz -lcrypt -lm  >&5
configure:17429: $? = 0
configure:17429: ./conftest
configure:17429: $? = 0
configure:17443: result: 8
configure:17457: checking size of size_t
configure:17462: gcc -o conftest -Wall -Wmissing-prototypes -Wpointer-arith -Wdeclaration-after-statement -Werror=vla -Wendif-labels -Wmissing-format-attribute -Wformat-security -fno-strict-aliasing -fwrapv -fexcess-precision=standard -Wno-format-truncation -Wno-stringop-truncation -O2  -D_GNU_SOURCE    conftest.c -lz -lcrypt -lm  >&5
configure:17462: $? = 0
configure:17462: ./conftest
configure:17462: $? = 0
configure:17476: result: 8
configure:17490: checking size of long
configure:17495: gcc -o conftest -Wall -Wmissing-prototypes -Wpointer-arith -Wdeclaration-after-statement -Werror=vla -Wendif-labels -Wmissing-format-attribute -Wformat-security -fno-strict-aliasing -fwrapv -fexcess-precision=standard -Wno-format-truncation -Wno-stringop-truncation -O2  -D_GNU_SOURCE    conftest.c -lz -lcrypt -lm  >&5
configure:17495: $? = 0
configure:17495: ./conftest
configure:17495: $? = 0
configure:17509: result: 8
configure:17521: checking whether to build with float4 passed by value
configure:17552: result: yes
configure:17564: checking whether to build with float8 passed by value
configure:17626: result: yes
configure:17638: checking alignment of short
configure:17643: gcc -o conftest -Wall -Wmissing-prototypes -Wpointer-arith -Wdeclaration-after-statement -Werror=vla -Wendif-labels -Wmissing-format-attribute -Wformat-security -fno-strict-aliasing -fwrapv -fexcess-precision=standard -Wno-format-truncation -Wno-stringop-truncation -O2  -D_GNU_SOURCE    conftest.c -lz -lcrypt -lm  >&5
configure:17643: $? = 0
configure:17643: ./conftest
configure:17643: $? = 0
configure:17661: result: 2
configure:17673: checking alignment of int
configure:17678: gcc -o conftest -Wall -Wmissing-prototypes -Wpointer-arith -Wdeclaration-after-statement -Werror=vla -Wendif-labels -Wmissing-format-attribute -Wformat-security -fno-strict-aliasing -fwrapv -fexcess-precision=standard -Wno-format-truncation -Wno-stringop-truncation -O2  -D_GNU_SOURCE    conftest.c -lz -lcrypt -lm  >&5
configure:17678: $? = 0
configure:17678: ./conftest
configure:17678: $? = 0
configure:17696: result: 4
configure:17708: checking alignment of long
configure:17713: gcc -o conftest -Wall -Wmissing-prototypes -Wpointer-arith -Wdeclaration-after-statement -Werror=vla -Wendif-labels -Wmissing-format-attribute -Wformat-security -fno-strict-aliasing -fwrapv -fexcess-precision=standard -Wno-format-truncation -Wno-stringop-truncation -O2  -D_GNU_SOURCE    conftest.c -lz -lcrypt -lm  >&5
configure:17713: $? = 0
configure:17713: ./conftest
configure:17713: $? = 0
configure:17731: result: 8
configure:17780: checking alignment of double
configure:17785: gcc -o conftest -Wall -Wmissing-prototypes -Wpointer-arith -Wdeclaration-after-statement -Werror=vla -Wendif-labels -Wmissing-format-attribute -Wformat-security -fno-strict-aliasing -fwrapv -fexcess-precision=standard -Wno-format-truncation -Wno-stringop-truncation -O2  -D_GNU_SOURCE    conftest.c -lz -lcrypt -lm  >&5
configure:17785: $? = 0
configure:17785: ./conftest
configure:17785: $? = 0
configure:17803: result: 8
configure:17837: checking for int8
configure:17837: gcc -c -Wall -Wmissing-prototypes -Wpointer-arith -Wdeclaration-after-statement -Werror=vla -Wendif-labels -Wmissing-format-attribute -Wformat-security -fno-strict-aliasing -fwrapv -fexcess-precision=standard -Wno-format-truncation -Wno-stringop-truncation -O2  -D_GNU_SOURCE  conftest.c >&5
conftest.c: In function 'main':
conftest.c:174:13: error: 'int8' undeclared (first use in this function); did you mean 'int'?
  174 | if (sizeof (int8))
      |             ^~~~
      |             int
conftest.c:174:13: note: each undeclared identifier is reported only once for each function it appears in
configure:17837: $? = 1
configure: failed program was:
| /* confdefs.h */
| #define PACKAGE_NAME "PostgreSQL"
| #define PACKAGE_TARNAME "postgresql"
| #define PACKAGE_VERSION "12.22"
| #define PACKAGE_STRING "PostgreSQL 12.22"
| #define PACKAGE_BUGREPORT "pgsql-bugs@lists.postgresql.org"
| #define PACKAGE_URL ""
| #define PG_MAJORVERSION "12"
| #define PG_VERSION "12.22"
| #define DEF_PGPORT 5432
| #define DEF_PGPORT_STR "5432"
| #define BLCKSZ 8192
| #define RELSEG_SIZE 131072
| #define XLOG_BLCKSZ 8192
| #define ENABLE_THREAD_SAFETY 1
| #define PG_KRB_SRVNAM "postgres"
| #define STDC_HEADERS 1
| #define HAVE_SYS_TYPES_H 1
| #define HAVE_SYS_STAT_H 1
| #define HAVE_STDLIB_H 1
| #define HAVE_STRING_H 1
| #define HAVE_MEMORY_H 1
| #define HAVE_STRINGS_H 1
| #define HAVE_INTTYPES_H 1
| #define HAVE_STDINT_H 1
| #define HAVE_UNISTD_H 1
| #define HAVE_PTHREAD_PRIO_INHERIT 1
| #define HAVE_PTHREAD 1
| #define HAVE_STRERROR_R 1
| #define HAVE_GETPWUID_R 1
| #define HAVE_GETHOSTBYNAME_R 1
| #define HAVE_LIBM 1
| #define HAVE_LIBZ 1
| #define HAVE_SPINLOCKS 1
| #define HAVE_ATOMICS 1
| #define HAVE_CRYPT_H 1
| #define HAVE_GETOPT_H 1
| #define HAVE_IFADDRS_H 1
| #define HAVE_LANGINFO_H 1
| #define HAVE_POLL_H 1
| #define HAVE_SYS_EPOLL_H 1
| #define HAVE_SYS_IPC_H 1
| #define HAVE_SYS_PERSONALITY_H 1
| #define HAVE_SYS_PRCTL_H 1
| #define HAVE_SYS_RESOURCE_H 1
| #define HAVE_SYS_SELECT_H 1
| #define HAVE_SYS_SEM_H 1
| #define HAVE_SYS_SHM_H 1
| #define HAVE_SYS_UN_H 1
| #define HAVE_TERMIOS_H 1
| #define HAVE_UTIME_H 1
| #define HAVE_WCHAR_H 1
| #define HAVE_WCTYPE_H 1
| #define HAVE_NET_IF_H 1
| #define HAVE_NETINET_TCP_H 1
| #define PG_PRINTF_ATTRIBUTE gnu_printf
| #define FLEXIBLE_ARRAY_MEMBER /**/
| #define HAVE_FUNCNAME__FUNC 1
| #define HAVE__STATIC_ASSERT 1
| #define HAVE_TYPEOF 1
| #define HAVE__BUILTIN_TYPES_COMPATIBLE_P 1
| #define HAVE__BUILTIN_CONSTANT_P 1
| #define HAVE__BUILTIN_UNREACHABLE 1
| #define HAVE_COMPUTED_GOTO 1
| #define HAVE_STRUCT_TM_TM_ZONE 1
| #define HAVE_TM_ZONE 1
| #define HAVE_TZNAME 1
| #define HAVE_UNIX_SOCKETS 1
| #define HAVE_STRUCT_SOCKADDR_STORAGE 1
| #define HAVE_STRUCT_SOCKADDR_STORAGE_SS_FAMILY 1
| #define HAVE_STRUCT_ADDRINFO 1
| #define HAVE_INTPTR_T 1
| #define HAVE_UINTPTR_T 1
| #define HAVE_UNSIGNED_LONG_LONG_INT 1
| #define HAVE_LONG_LONG_INT 1
| #define HAVE_LOCALE_T 1
| #define restrict __restrict
| #define pg_restrict __restrict
| #define HAVE_STRUCT_OPTION 1
| #define HAVE_X86_64_POPCNTQ 1
| #define SIZEOF_OFF_T 8
| #define SIZEOF_BOOL 1
| #define HAVE_INT_TIMEZONE 1
| #define ACCEPT_TYPE_RETURN int
| #define ACCEPT_TYPE_ARG1 int
| #define ACCEPT_TYPE_ARG2 struct sockaddr *
| #define ACCEPT_TYPE_ARG3 socklen_t
| #define HAVE_CBRT 1
| #define HAVE_CLOCK_GETTIME 1
| #define HAVE_FDATASYNC 1
| #define HAVE_GETIFADDRS 1
| #define HAVE_GETRLIMIT 1
| #define HAVE_MEMMOVE 1
| #define HAVE_POLL 1
| #define HAVE_POSIX_FALLOCATE 1
| #define HAVE_PPOLL 1
| #define HAVE_READLINK 1
| #define HAVE_SETSID 1
| #define HAVE_SHM_OPEN 1
| #define HAVE_STRCHRNUL 1
| #define HAVE_STRSIGNAL 1
| #define HAVE_SYMLINK 1
| #define HAVE_SYNC_FILE_RANGE 1
| #define HAVE_USELOCALE 1
| #define HAVE_UTIME 1
| #define HAVE_UTIMES 1
| #define HAVE__BUILTIN_BSWAP16 1
| #define HAVE__BUILTIN_BSWAP32 1
| #define HAVE__BUILTIN_BSWAP64 1
| #define HAVE__BUILTIN_CLZ 1
| #define HAVE__BUILTIN_CTZ 1
| #define HAVE__BUILTIN_POPCOUNT 1
| #define HAVE__BUILTIN_FRAME_ADDRESS 1
| #define HAVE_FSEEKO 1
| #define HAVE_FSEEKO 1
| #define HAVE_POSIX_FADVISE 1
| #define HAVE_DECL_POSIX_FADVISE 1
| #define HAVE_DECL_FDATASYNC 1
| #define HAVE_DECL_STRLCAT 1
| #define HAVE_DECL_STRLCPY 1
| #define HAVE_DECL_STRNLEN 1
| #define HAVE_DECL_F_FULLFSYNC 0
| #define HAVE_DECL_RTLD_GLOBAL 1
| #define HAVE_DECL_RTLD_NOW 1
| #define HAVE_IPV6 1
| #define HAVE_ISINF 1
| #define HAVE_CRYPT 1
| #define HAVE_DLOPEN 1
| #define HAVE_GETOPT 1
| #define HAVE_GETRUSAGE 1
| #define HAVE_INET_ATON 1
| #define HAVE_MKDTEMP 1
| #define HAVE_PREAD 1
| #define HAVE_PWRITE 1
| #define HAVE_RANDOM 1
| #define HAVE_RINT 1
| #define HAVE_SRANDOM 1
| #define HAVE_STRLCAT 1
| #define HAVE_STRLCPY 1
| #define HAVE_STRNLEN 1
| #define HAVE_STRTOF 1
| #define HAVE_SETENV 1
| #define HAVE_UNSETENV 1
| #define HAVE_GETADDRINFO 1
| #define HAVE_GETOPT_LONG 1
| #define HAVE_SYSLOG 1
| #define HAVE_INT_OPTERR 1
| #define HAVE_STRTOLL 1
| #define HAVE_STRTOULL 1
| #define HAVE_DECL_STRTOLL 1
| #define HAVE_DECL_STRTOULL 1
| #define HAVE_LONG_INT_64 1
| #define PG_INT64_TYPE long int
| #define INT64_MODIFIER "l"
| #define HAVE__BUILTIN_OP_OVERFLOW 1
| #define SIZEOF_VOID_P 8
| #define SIZEOF_SIZE_T 8
| #define SIZEOF_LONG 8
| #define USE_FLOAT4_BYVAL 1
| #define FLOAT4PASSBYVAL true
| #define USE_FLOAT8_BYVAL 1
| #define FLOAT8PASSBYVAL true
| #define ALIGNOF_SHORT 2
| #define ALIGNOF_INT 4
| #define ALIGNOF_LONG 8
| #define ALIGNOF_DOUBLE 8
| #define MAXIMUM_ALIGNOF 8
| /* end confdefs.h.  */
| #include <stdio.h>
| 
| int
| main ()
| {
| if (sizeof (int8))
| 	 return 0;
|   ;
|   return 0;
| }
configure:17837: result: no
configure:17847: checking for uint8
configure:17847: gcc -c -Wall -Wmissing-prototypes -Wpointer-arith -Wdeclaration-after-statement -Werror=vla -Wendif-labels -Wmissing-format-attribute -Wformat-security -fno-strict-aliasing -fwrapv -fexcess-precision=standard -Wno-format-truncation -Wno-stringop-truncation -O2  -D_GNU_SOURCE  conftest.c >&5
conftest.c: In function 'main':
conftest.c:174:13: error: 'uint8' undeclared (first use in this function); did you mean 'int'?
  174 | if (sizeof (uint8))
      |             ^~~~~
      |             int
conftest.c:174:13: note: each undeclared identifier is reported only once for each function it appears in
configure:17847: $? = 1
configure: failed program was:
| /* confdefs.h */
| #define PACKAGE_NAME "PostgreSQL"
| #define PACKAGE_TARNAME "postgresql"
| #define PACKAGE_VERSION "12.22"
| #define PACKAGE_STRING "PostgreSQL 12.22"
| #define PACKAGE_BUGREPORT "pgsql-bugs@lists.postgresql.org"
| #define PACKAGE_URL ""
| #define PG_MAJORVERSION "12"
| #define PG_VERSION "12.22"
| #define DEF_PGPORT 5432
| #define DEF_PGPORT_STR "5432"
| #define BLCKSZ 8192
| #define RELSEG_SIZE 131072
| #define XLOG_BLCKSZ 8192
| #define ENABLE_THREAD_SAFETY 1
| #define PG_KRB_SRVNAM "postgres"
| #define STDC_HEADERS 1
| #define HAVE_SYS_TYPES_H 1
| #define HAVE_SYS_STAT_H 1
| #define HAVE_STDLIB_H 1
| #define HAVE_STRING_H 1
| #define HAVE_MEMORY_H 1
| #define HAVE_STRINGS_H 1
| #define HAVE_INTTYPES_H 1
| #define HAVE_STDINT_H 1
| #define HAVE_UNISTD_H 1
| #define HAVE_PTHREAD_PRIO_INHERIT 1
| #define HAVE_PTHREAD 1
| #define HAVE_STRERROR_R 1
| #define HAVE_GETPWUID_R 1
| #define HAVE_GETHOSTBYNAME_R 1
| #define HAVE_LIBM 1
| #define HAVE_LIBZ 1
| #define HAVE_SPINLOCKS 1
| #define HAVE_ATOMICS 1
| #define HAVE_CRYPT_H 1
| #define HAVE_GETOPT_H 1
| #define HAVE_IFADDRS_H 1
| #define HAVE_LANGINFO_H 1
| #define HAVE_POLL_H 1
| #define HAVE_SYS_EPOLL_H 1
| #define HAVE_SYS_IPC_H 1
| #define HAVE_SYS_PERSONALITY_H 1
| #define HAVE_SYS_PRCTL_H 1
| #define HAVE_SYS_RESOURCE_H 1
| #define HAVE_SYS_SELECT_H 1
| #define HAVE_SYS_SEM_H 1
| #define HAVE_SYS_SHM_H 1
| #define HAVE_SYS_UN_H 1
| #define HAVE_TERMIOS_H 1
| #define HAVE_UTIME_H 1
| #define HAVE_WCHAR_H 1
| #define HAVE_WCTYPE_H 1
| #define HAVE_NET_IF_H 1
| #define HAVE_NETINET_TCP_H 1
| #define PG_PRINTF_ATTRIBUTE gnu_printf
| #define FLEXIBLE_ARRAY_MEMBER /**/
| #define HAVE_FUNCNAME__FUNC 1
| #define HAVE__STATIC_ASSERT 1
| #define HAVE_TYPEOF 1
| #define HAVE__BUILTIN_TYPES_COMPATIBLE_P 1
| #define HAVE__BUILTIN_CONSTANT_P 1
| #define HAVE__BUILTIN_UNREACHABLE 1
| #define HAVE_COMPUTED_GOTO 1
| #define HAVE_STRUCT_TM_TM_ZONE 1
| #define HAVE_TM_ZONE 1
| #define HAVE_TZNAME 1
| #define HAVE_UNIX_SOCKETS 1
| #define HAVE_STRUCT_SOCKADDR_STORAGE 1
| #define HAVE_STRUCT_SOCKADDR_STORAGE_SS_FAMILY 1
| #define HAVE_STRUCT_ADDRINFO 1
| #define HAVE_INTPTR_T 1
| #define HAVE_UINTPTR_T 1
| #define HAVE_UNSIGNED_LONG_LONG_INT 1
| #define HAVE_LONG_LONG_INT 1
| #define HAVE_LOCALE_T 1
| #define restrict __restrict
| #define pg_restrict __restrict
| #define HAVE_STRUCT_OPTION 1
| #define HAVE_X86_64_POPCNTQ 1
| #define SIZEOF_OFF_T 8
| #define SIZEOF_BOOL 1
| #define HAVE_INT_TIMEZONE 1
| #define ACCEPT_TYPE_RETURN int
| #define ACCEPT_TYPE_ARG1 int
| #define ACCEPT_TYPE_ARG2 struct sockaddr *
| #define ACCEPT_TYPE_ARG3 socklen_t
| #define HAVE_CBRT 1
| #define HAVE_CLOCK_GETTIME 1
| #define HAVE_FDATASYNC 1
| #define HAVE_GETIFADDRS 1
| #define HAVE_GETRLIMIT 1
| #define HAVE_MEMMOVE 1
| #define HAVE_POLL 1
| #define HAVE_POSIX_FALLOCATE 1
| #define HAVE_PPOLL 1
| #define HAVE_READLINK 1
| #define HAVE_SETSID 1
| #define HAVE_SHM_OPEN 1
| #define HAVE_STRCHRNUL 1
| #define HAVE_STRSIGNAL 1
| #define HAVE_SYMLINK 1
| #define HAVE_SYNC_FILE_RANGE 1
| #define HAVE_USELOCALE 1
| #define HAVE_UTIME 1
| #define HAVE_UTIMES 1
| #define HAVE__BUILTIN_BSWAP16 1
| #define HAVE__BUILTIN_BSWAP32 1
| #define HAVE__BUILTIN_BSWAP64 1
| #define HAVE__BUILTIN_CLZ 1
| #define HAVE__BUILTIN_CTZ 1
| #define HAVE__BUILTIN_POPCOUNT 1
| #define HAVE__BUILTIN_FRAME_ADDRESS 1
| #define HAVE_FSEEKO 1
| #define HAVE_FSEEKO 1
| #define HAVE_POSIX_FADVISE 1
| #define HAVE_DECL_POSIX_FADVISE 1
| #define HAVE_DECL_FDATASYNC 1
| #define HAVE_DECL_STRLCAT 1
| #define HAVE_DECL_STRLCPY 1
| #define HAVE_DECL_STRNLEN 1
| #define HAVE_DECL_F_FULLFSYNC 0
| #define HAVE_DECL_RTLD_GLOBAL 1
| #define HAVE_DECL_RTLD_NOW 1
| #define HAVE_IPV6 1
| #define HAVE_ISINF 1
| #define HAVE_CRYPT 1
| #define HAVE_DLOPEN 1
| #define HAVE_GETOPT 1
| #define HAVE_GETRUSAGE 1
| #define HAVE_INET_ATON 1
| #define HAVE_MKDTEMP 1
| #define HAVE_PREAD 1
| #define HAVE_PWRITE 1
| #define HAVE_RANDOM 1
| #define HAVE_RINT 1
| #define HAVE_SRANDOM 1
| #define HAVE_STRLCAT 1
| #define HAVE_STRLCPY 1
| #define HAVE_STRNLEN 1
| #define HAVE_STRTOF 1
| #define HAVE_SETENV 1
| #define HAVE_UNSETENV 1
| #define HAVE_GETADDRINFO 1
| #define HAVE_GETOPT_LONG 1
| #define HAVE_SYSLOG 1
| #define HAVE_INT_OPTERR 1
| #define HAVE_STRTOLL 1
| #define HAVE_STRTOULL 1
| #define HAVE_DECL_STRTOLL 1
| #define HAVE_DECL_STRTOULL 1
| #define HAVE_LONG_INT_64 1
| #define PG_INT64_TYPE long int
| #define INT64_MODIFIER "l"
| #define HAVE__BUILTIN_OP_OVERFLOW 1
| #define SIZEOF_VOID_P 8
| #define SIZEOF_SIZE_T 8
| #define SIZEOF_LONG 8
| #define USE_FLOAT4_BYVAL 1
| #define FLOAT4PASSBYVAL true
| #define USE_FLOAT8_BYVAL 1
| #define FLOAT8PASSBYVAL true
| #define ALIGNOF_SHORT 2
| #define ALIGNOF_INT 4
| #define ALIGNOF_LONG 8
| #define ALIGNOF_DOUBLE 8
| #define MAXIMUM_ALIGNOF 8
| /* end confdefs.h.  */
| #include <stdio.h>
| 
| int
| main ()
| {
| if (sizeof (uint8))
| 	 return 0;
|   ;
|   return 0;
| }
configure:17847: result: no
configure:17857: checking for int64
configure:17857: gcc -c -Wall -Wmissing-prototypes -Wpointer-arith -Wdeclaration-after-statement -Werror=vla -Wendif-labels -Wmissing-format-attribute -Wformat-security -fno-strict-aliasing -fwrapv -fexcess-precision=standard -Wno-format-truncation -Wno-stringop-truncation -O2  -D_GNU_SOURCE  conftest.c >&5
conftest.c: In function 'main':
conftest.c:174:13: error: 'int64' undeclared (first use in this function); did you mean 'int'?
  174 | if (sizeof (int64))
      |             ^~~~~
      |             int
conftest.c:174:13: note: each undeclared identifier is reported only once for each function it appears in
configure:17857: $? = 1
configure: failed program was:
| /* confdefs.h */
| #define PACKAGE_NAME "PostgreSQL"
| #define PACKAGE_TARNAME "postgresql"
| #define PACKAGE_VERSION "12.22"
| #define PACKAGE_STRING "PostgreSQL 12.22"
| #define PACKAGE_BUGREPORT "pgsql-bugs@lists.postgresql.org"
| #define PACKAGE_URL ""
| #define PG_MAJORVERSION "12"
| #define PG_VERSION "12.22"
| #define DEF_PGPORT 5432
| #define DEF_PGPORT_STR "5432"
| #define BLCKSZ 8192
| #define RELSEG_SIZE 131072
| #define XLOG_BLCKSZ 8192
| #define ENABLE_THREAD_SAFETY 1
| #define PG_KRB_SRVNAM "postgres"
| #define STDC_HEADERS 1
| #define HAVE_SYS_TYPES_H 1
| #define HAVE_SYS_STAT_H 1
| #define HAVE_STDLIB_H 1
| #define HAVE_STRING_H 1
| #define HAVE_MEMORY_H 1
| #define HAVE_STRINGS_H 1
| #define HAVE_INTTYPES_H 1
| #define HAVE_STDINT_H 1
| #define HAVE_UNISTD_H 1
| #define HAVE_PTHREAD_PRIO_INHERIT 1
| #define HAVE_PTHREAD 1
| #define HAVE_STRERROR_R 1
| #define HAVE_GETPWUID_R 1
| #define HAVE_GETHOSTBYNAME_R 1
| #define HAVE_LIBM 1
| #define HAVE_LIBZ 1
| #define HAVE_SPINLOCKS 1
| #define HAVE_ATOMICS 1
| #define HAVE_CRYPT_H 1
| #define HAVE_GETOPT_H 1
| #define HAVE_IFADDRS_H 1
| #define HAVE_LANGINFO_H 1
| #define HAVE_POLL_H 1
| #define HAVE_SYS_EPOLL_H 1
| #define HAVE_SYS_IPC_H 1
| #define HAVE_SYS_PERSONALITY_H 1
| #define HAVE_SYS_PRCTL_H 1
| #define HAVE_SYS_RESOURCE_H 1
| #define HAVE_SYS_SELECT_H 1
| #define HAVE_SYS_SEM_H 1
| #define HAVE_SYS_SHM_H 1
| #define HAVE_SYS_UN_H 1
| #define HAVE_TERMIOS_H 1
| #define HAVE_UTIME_H 1
| #define HAVE_WCHAR_H 1
| #define HAVE_WCTYPE_H 1
| #define HAVE_NET_IF_H 1
| #define HAVE_NETINET_TCP_H 1
| #define PG_PRINTF_ATTRIBUTE gnu_printf
| #define FLEXIBLE_ARRAY_MEMBER /**/
| #define HAVE_FUNCNAME__FUNC 1
| #define HAVE__STATIC_ASSERT 1
| #define HAVE_TYPEOF 1
| #define HAVE__BUILTIN_TYPES_COMPATIBLE_P 1
| #define HAVE__BUILTIN_CONSTANT_P 1
| #define HAVE__BUILTIN_UNREACHABLE 1
| #define HAVE_COMPUTED_GOTO 1
| #define HAVE_STRUCT_TM_TM_ZONE 1
| #define HAVE_TM_ZONE 1
| #define HAVE_TZNAME 1
| #define HAVE_UNIX_SOCKETS 1
| #define HAVE_STRUCT_SOCKADDR_STORAGE 1
| #define HAVE_STRUCT_SOCKADDR_STORAGE_SS_FAMILY 1
| #define HAVE_STRUCT_ADDRINFO 1
| #define HAVE_INTPTR_T 1
| #define HAVE_UINTPTR_T 1
| #define HAVE_UNSIGNED_LONG_LONG_INT 1
| #define HAVE_LONG_LONG_INT 1
| #define HAVE_LOCALE_T 1
| #define restrict __restrict
| #define pg_restrict __restrict
| #define HAVE_STRUCT_OPTION 1
| #define HAVE_X86_64_POPCNTQ 1
| #define SIZEOF_OFF_T 8
| #define SIZEOF_BOOL 1
| #define HAVE_INT_TIMEZONE 1
| #define ACCEPT_TYPE_RETURN int
| #define ACCEPT_TYPE_ARG1 int
| #define ACCEPT_TYPE_ARG2 struct sockaddr *
| #define ACCEPT_TYPE_ARG3 socklen_t
| #define HAVE_CBRT 1
| #define HAVE_CLOCK_GETTIME 1
| #define HAVE_FDATASYNC 1
| #define HAVE_GETIFADDRS 1
| #define HAVE_GETRLIMIT 1
| #define HAVE_MEMMOVE 1
| #define HAVE_POLL 1
| #define HAVE_POSIX_FALLOCATE 1
| #define HAVE_PPOLL 1
| #define HAVE_READLINK 1
| #define HAVE_SETSID 1
| #define HAVE_SHM_OPEN 1
| #define HAVE_STRCHRNUL 1
| #define HAVE_STRSIGNAL 1
| #define HAVE_SYMLINK 1
| #define HAVE_SYNC_FILE_RANGE 1
| #define HAVE_USELOCALE 1
| #define HAVE_UTIME 1
| #define HAVE_UTIMES 1
| #define HAVE__BUILTIN_BSWAP16 1
| #define HAVE__BUILTIN_BSWAP32 1
| #define HAVE__BUILTIN_BSWAP64 1
| #define HAVE__BUILTIN_CLZ 1
| #define HAVE__BUILTIN_CTZ 1
| #define HAVE__BUILTIN_POPCOUNT 1
| #define HAVE__BUILTIN_FRAME_ADDRESS 1
| #define HAVE_FSEEKO 1
| #define HAVE_FSEEKO 1
| #define HAVE_POSIX_FADVISE 1
| #define HAVE_DECL_POSIX_FADVISE 1
| #define HAVE_DECL_FDATASYNC 1
| #define HAVE_DECL_STRLCAT 1
| #define HAVE_DECL_STRLCPY 1
| #define HAVE_DECL_STRNLEN 1
| #define HAVE_DECL_F_FULLFSYNC 0
| #define HAVE_DECL_RTLD_GLOBAL 1
| #define HAVE_DECL_RTLD_NOW 1
| #define HAVE_IPV6 1
| #define HAVE_ISINF 1
| #define HAVE_CRYPT 1
| #define HAVE_DLOPEN 1
| #define HAVE_GETOPT 1
| #define HAVE_GETRUSAGE 1
| #define HAVE_INET_ATON 1
| #define HAVE_MKDTEMP 1
| #define HAVE_PREAD 1
| #define HAVE_PWRITE 1
| #define HAVE_RANDOM 1
| #define HAVE_RINT 1
| #define HAVE_SRANDOM 1
| #define HAVE_STRLCAT 1
| #define HAVE_STRLCPY 1
| #define HAVE_STRNLEN 1
| #define HAVE_STRTOF 1
| #define HAVE_SETENV 1
| #define HAVE_UNSETENV 1
| #define HAVE_GETADDRINFO 1
| #define HAVE_GETOPT_LONG 1
| #define HAVE_SYSLOG 1
| #define HAVE_INT_OPTERR 1
| #define HAVE_STRTOLL 1
| #define HAVE_STRTOULL 1
| #define HAVE_DECL_STRTOLL 1
| #define HAVE_DECL_STRTOULL 1
| #define HAVE_LONG_INT_64 1
| #define PG_INT64_TYPE long int
| #define INT64_MODIFIER "l"
| #define HAVE__BUILTIN_OP_OVERFLOW 1
| #define SIZEOF_VOID_P 8
| #define SIZEOF_SIZE_T 8
| #define SIZEOF_LONG 8
| #define USE_FLOAT4_BYVAL 1
| #define FLOAT4PASSBYVAL true
| #define USE_FLOAT8_BYVAL 1
| #define FLOAT8PASSBYVAL true
| #define ALIGNOF_SHORT 2
| #define ALIGNOF_INT 4
| #define ALIGNOF_LONG 8
| #define ALIGNOF_DOUBLE 8
| #define MAXIMUM_ALIGNOF 8
| /* end confdefs.h.  */
| #include <stdio.h>
| 
| int
| main ()
| {
| if (sizeof (int64))
| 	 return 0;
|   ;
|   return 0;
| }
configure:17857: result: no
configure:17867: checking for uint64
configure:17867: gcc -c -Wall -Wmissing-prototypes -Wpointer-arith -Wdeclaration-after-statement -Werror=vla -Wendif-labels -Wmissing-format-attribute -Wformat-security -fno-strict-aliasing -fwrapv -fexcess-precision=standard -Wno-format-truncation -Wno-stringop-truncation -O2  -D_GNU_SOURCE  conftest.c >&5
conftest.c: In function 'main':
conftest.c:174:13: error: 'uint64' undeclared (first use in this function)
  174 | if (sizeof (uint64))
      |             ^~~~~~
conftest.c:174:13: note: each undeclared identifier is reported only once for each function it appears in
configure:17867: $? = 1
configure: failed program was:
| /* confdefs.h */
| #define PACKAGE_NAME "PostgreSQL"
| #define PACKAGE_TARNAME "postgresql"
| #define PACKAGE_VERSION "12.22"
| #define PACKAGE_STRING "PostgreSQL 12.22"
| #define PACKAGE_BUGREPORT "pgsql-bugs@lists.postgresql.org"
| #define PACKAGE_URL ""
| #define PG_MAJORVERSION "12"
| #define PG_VERSION "12.22"
| #define DEF_PGPORT 5432
| #define DEF_PGPORT_STR "5432"
| #define BLCKSZ 8192
| #define RELSEG_SIZE 131072
| #define XLOG_BLCKSZ 8192
| #define ENABLE_THREAD_SAFETY 1
| #define PG_KRB_SRVNAM "postgres"
| #define STDC_HEADERS 1
| #define HAVE_SYS_TYPES_H 1
| #define HAVE_SYS_STAT_H 1
| #define HAVE_STDLIB_H 1
| #define HAVE_STRING_H 1
| #define HAVE_MEMORY_H 1
| #define HAVE_STRINGS_H 1
| #define HAVE_INTTYPES_H 1
| #define HAVE_STDINT_H 1
| #define HAVE_UNISTD_H 1
| #define HAVE_PTHREAD_PRIO_INHERIT 1
| #define HAVE_PTHREAD 1
| #define HAVE_STRERROR_R 1
| #define HAVE_GETPWUID_R 1
| #define HAVE_GETHOSTBYNAME_R 1
| #define HAVE_LIBM 1
| #define HAVE_LIBZ 1
| #define HAVE_SPINLOCKS 1
| #define HAVE_ATOMICS 1
| #define HAVE_CRYPT_H 1
| #define HAVE_GETOPT_H 1
| #define HAVE_IFADDRS_H 1
| #define HAVE_LANGINFO_H 1
| #define HAVE_POLL_H 1
| #define HAVE_SYS_EPOLL_H 1
| #define HAVE_SYS_IPC_H 1
| #define HAVE_SYS_PERSONALITY_H 1
| #define HAVE_SYS_PRCTL_H 1
| #define HAVE_SYS_RESOURCE_H 1
| #define HAVE_SYS_SELECT_H 1
| #define HAVE_SYS_SEM_H 1
| #define HAVE_SYS_SHM_H 1
| #define HAVE_SYS_UN_H 1
| #define HAVE_TERMIOS_H 1
| #define HAVE_UTIME_H 1
| #define HAVE_WCHAR_H 1
| #define HAVE_WCTYPE_H 1
| #define HAVE_NET_IF_H 1
| #define HAVE_NETINET_TCP_H 1
| #define PG_PRINTF_ATTRIBUTE gnu_printf
| #define FLEXIBLE_ARRAY_MEMBER /**/
| #define HAVE_FUNCNAME__FUNC 1
| #define HAVE__STATIC_ASSERT 1
| #define HAVE_TYPEOF 1
| #define HAVE__BUILTIN_TYPES_COMPATIBLE_P 1
| #define HAVE__BUILTIN_CONSTANT_P 1
| #define HAVE__BUILTIN_UNREACHABLE 1
| #define HAVE_COMPUTED_GOTO 1
| #define HAVE_STRUCT_TM_TM_ZONE 1
| #define HAVE_TM_ZONE 1
| #define HAVE_TZNAME 1
| #define HAVE_UNIX_SOCKETS 1
| #define HAVE_STRUCT_SOCKADDR_STORAGE 1
| #define HAVE_STRUCT_SOCKADDR_STORAGE_SS_FAMILY 1
| #define HAVE_STRUCT_ADDRINFO 1
| #define HAVE_INTPTR_T 1
| #define HAVE_UINTPTR_T 1
| #define HAVE_UNSIGNED_LONG_LONG_INT 1
| #define HAVE_LONG_LONG_INT 1
| #define HAVE_LOCALE_T 1
| #define restrict __restrict
| #define pg_restrict __restrict
| #define HAVE_STRUCT_OPTION 1
| #define HAVE_X86_64_POPCNTQ 1
| #define SIZEOF_OFF_T 8
| #define SIZEOF_BOOL 1
| #define HAVE_INT_TIMEZONE 1
| #define ACCEPT_TYPE_RETURN int
| #define ACCEPT_TYPE_ARG1 int
| #define ACCEPT_TYPE_ARG2 struct sockaddr *
| #define ACCEPT_TYPE_ARG3 socklen_t
| #define HAVE_CBRT 1
| #define HAVE_CLOCK_GETTIME 1
| #define HAVE_FDATASYNC 1
| #define HAVE_GETIFADDRS 1
| #define HAVE_GETRLIMIT 1
| #define HAVE_MEMMOVE 1
| #define HAVE_POLL 1
| #define HAVE_POSIX_FALLOCATE 1
| #define HAVE_PPOLL 1
| #define HAVE_READLINK 1
| #define HAVE_SETSID 1
| #define HAVE_SHM_OPEN 1
| #define HAVE_STRCHRNUL 1
| #define HAVE_STRSIGNAL 1
| #define HAVE_SYMLINK 1
| #define HAVE_SYNC_FILE_RANGE 1
| #define HAVE_USELOCALE 1
| #define HAVE_UTIME 1
| #define HAVE_UTIMES 1
| #define HAVE__BUILTIN_BSWAP16 1
| #define HAVE__BUILTIN_BSWAP32 1
| #define HAVE__BUILTIN_BSWAP64 1
| #define HAVE__BUILTIN_CLZ 1
| #define HAVE__BUILTIN_CTZ 1
| #define HAVE__BUILTIN_POPCOUNT 1
| #define HAVE__BUILTIN_FRAME_ADDRESS 1
| #define HAVE_FSEEKO 1
| #define HAVE_FSEEKO 1
| #define HAVE_POSIX_FADVISE 1
| #define HAVE_DECL_POSIX_FADVISE 1
| #define HAVE_DECL_FDATASYNC 1
| #define HAVE_DECL_STRLCAT 1
| #define HAVE_DECL_STRLCPY 1
| #define HAVE_DECL_STRNLEN 1
| #define HAVE_DECL_F_FULLFSYNC 0
| #define HAVE_DECL_RTLD_GLOBAL 1
| #define HAVE_DECL_RTLD_NOW 1
| #define HAVE_IPV6 1
| #define HAVE_ISINF 1
| #define HAVE_CRYPT 1
| #define HAVE_DLOPEN 1
| #define HAVE_GETOPT 1
| #define HAVE_GETRUSAGE 1
| #define HAVE_INET_ATON 1
| #define HAVE_MKDTEMP 1
| #define HAVE_PREAD 1
| #define HAVE_PWRITE 1
| #define HAVE_RANDOM 1
| #define HAVE_RINT 1
| #define HAVE_SRANDOM 1
| #define HAVE_STRLCAT 1
| #define HAVE_STRLCPY 1
| #define HAVE_STRNLEN 1
| #define HAVE_STRTOF 1
| #define HAVE_SETENV 1
| #define HAVE_UNSETENV 1
| #define HAVE_GETADDRINFO 1
| #define HAVE_GETOPT_LONG 1
| #define HAVE_SYSLOG 1
| #define HAVE_INT_OPTERR 1
| #define HAVE_STRTOLL 1
| #define HAVE_STRTOULL 1
| #define HAVE_DECL_STRTOLL 1
| #define HAVE_DECL_STRTOULL 1
| #define HAVE_LONG_INT_64 1
| #define PG_INT64_TYPE long int
| #define INT64_MODIFIER "l"
| #define HAVE__BUILTIN_OP_OVERFLOW 1
| #define SIZEOF_VOID_P 8
| #define SIZEOF_SIZE_T 8
| #define SIZEOF_LONG 8
| #define USE_FLOAT4_BYVAL 1
| #define FLOAT4PASSBYVAL true
| #define USE_FLOAT8_BYVAL 1
| #define FLOAT8PASSBYVAL true
| #define ALIGNOF_SHORT 2
| #define ALIGNOF_INT 4
| #define ALIGNOF_LONG 8
| #define ALIGNOF_DOUBLE 8
| #define MAXIMUM_ALIGNOF 8
| /* end confdefs.h.  */
| #include <stdio.h>
| 
| int
| main ()
| {
| if (sizeof (uint64))
| 	 return 0;
|   ;
|   return 0;
| }
configure:17867: result: no
configure:17880: checking for __int128
configure:17917: gcc -o conftest -Wall -Wmissing-prototypes -Wpointer-arith -Wdeclaration-after-statement -Werror=vla -Wendif-labels -Wmissing-format-attribute -Wformat-security -fno-strict-aliasing -fwrapv -fexcess-precision=standard -Wno-format-truncation -Wno-stringop-truncation -O2  -D_GNU_SOURCE    conftest.c -lz -lcrypt -lm  >&5
configure:17917: $? = 0
configure:17925: result: yes
configure:17932: checking for __int128 alignment bug
configure:17970: gcc -o conftest -Wall -Wmissing-prototypes -Wpointer-arith -Wdeclaration-after-statement -Werror=vla -Wendif-labels -Wmissing-format-attribute -Wformat-security -fno-strict-aliasing -fwrapv -fexcess-precision=standard -Wno-format-truncation -Wno-stringop-truncation -O2  -D_GNU_SOURCE    conftest.c -lz -lcrypt -lm  >&5
conftest.c:180:6: warning: no previous prototype for 'pass_by_val' [-Wmissing-prototypes]
  180 | void pass_by_val(void *buffer, int128a par) { holder = par; }
      |      ^~~~~~~~~~~
configure:17970: $? = 0
configure:17970: ./conftest
configure:17970: $? = 0
configure:17980: result: ok
configure:17988: checking alignment of PG_INT128_TYPE
configure:17993: gcc -o conftest -Wall -Wmissing-prototypes -Wpointer-arith -Wdeclaration-after-statement -Werror=vla -Wendif-labels -Wmissing-format-attribute -Wformat-security -fno-strict-aliasing -fwrapv -fexcess-precision=standard -Wno-format-truncation -Wno-stringop-truncation -O2  -D_GNU_SOURCE    conftest.c -lz -lcrypt -lm  >&5
configure:17993: $? = 0
configure:17993: ./conftest
configure:17993: $? = 0
configure:18011: result: 16
configure:18026: checking for builtin __sync char locking functions
configure:18044: gcc -o conftest -Wall -Wmissing-prototypes -Wpointer-arith -Wdeclaration-after-statement -Werror=vla -Wendif-labels -Wmissing-format-attribute -Wformat-security -fno-strict-aliasing -fwrapv -fexcess-precision=standard -Wno-format-truncation -Wno-stringop-truncation -O2  -D_GNU_SOURCE    conftest.c -lz -lcrypt -lm  >&5
configure:18044: $? = 0
configure:18052: result: yes
configure:18059: checking for builtin __sync int32 locking functions
configure:18077: gcc -o conftest -Wall -Wmissing-prototypes -Wpointer-arith -Wdeclaration-after-statement -Werror=vla -Wendif-labels -Wmissing-format-attribute -Wformat-security -fno-strict-aliasing -fwrapv -fexcess-precision=standard -Wno-format-truncation -Wno-stringop-truncation -O2  -D_GNU_SOURCE    conftest.c -lz -lcrypt -lm  >&5
configure:18077: $? = 0
configure:18085: result: yes
configure:18092: checking for builtin __sync int32 atomic operations
configure:18109: gcc -o conftest -Wall -Wmissing-prototypes -Wpointer-arith -Wdeclaration-after-statement -Werror=vla -Wendif-labels -Wmissing-format-attribute -Wformat-security -fno-strict-aliasing -fwrapv -fexcess-precision=standard -Wno-format-truncation -Wno-stringop-truncation -O2  -D_GNU_SOURCE    conftest.c -lz -lcrypt -lm  >&5
configure:18109: $? = 0
configure:18117: result: yes
configure:18124: checking for builtin __sync int64 atomic operations
configure:18141: gcc -o conftest -Wall -Wmissing-prototypes -Wpointer-arith -Wdeclaration-after-statement -Werror=vla -Wendif-labels -Wmissing-format-attribute -Wformat-security -fno-strict-aliasing -fwrapv -fexcess-precision=standard -Wno-format-truncation -Wno-stringop-truncation -O2  -D_GNU_SOURCE    conftest.c -lz -lcrypt -lm  >&5
configure:18141: $? = 0
configure:18149: result: yes
configure:18156: checking for builtin __atomic int32 atomic operations
configure:18174: gcc -o conftest -Wall -Wmissing-prototypes -Wpointer-arith -Wdeclaration-after-statement -Werror=vla -Wendif-labels -Wmissing-format-attribute -Wformat-security -fno-strict-aliasing -fwrapv -fexcess-precision=standard -Wno-format-truncation -Wno-stringop-truncation -O2  -D_GNU_SOURCE    conftest.c -lz -lcrypt -lm  >&5
configure:18174: $? = 0
configure:18182: result: yes
configure:18189: checking for builtin __atomic int64 atomic operations
configure:18207: gcc -o conftest -Wall -Wmissing-prototypes -Wpointer-arith -Wdeclaration-after-statement -Werror=vla -Wendif-labels -Wmissing-format-attribute -Wformat-security -fno-strict-aliasing -fwrapv -fexcess-precision=standard -Wno-format-truncation -Wno-stringop-truncation -O2  -D_GNU_SOURCE    conftest.c -lz -lcrypt -lm  >&5
configure:18207: $? = 0
configure:18215: result: yes
configure:18225: checking for __get_cpuid
configure:18243: gcc -o conftest -Wall -Wmissing-prototypes -Wpointer-arith -Wdeclaration-after-statement -Werror=vla -Wendif-labels -Wmissing-format-attribute -Wformat-security -fno-strict-aliasing -fwrapv -fexcess-precision=standard -Wno-format-truncation -Wno-stringop-truncation -O2  -D_GNU_SOURCE    conftest.c -lz -lcrypt -lm  >&5
configure:18243: $? = 0
configure:18251: result: yes
configure:18259: checking for __cpuid
configure:18277: gcc -o conftest -Wall -Wmissing-prototypes -Wpointer-arith -Wdeclaration-after-statement -Werror=vla -Wendif-labels -Wmissing-format-attribute -Wformat-security -fno-strict-aliasing -fwrapv -fexcess-precision=standard -Wno-format-truncation -Wno-stringop-truncation -O2  -D_GNU_SOURCE    conftest.c -lz -lcrypt -lm  >&5
conftest.c:178:10: fatal error: intrin.h: No such file or directory
  178 | #include <intrin.h>
      |          ^~~~~~~~~~
compilation terminated.
configure:18277: $? = 1
configure: failed program was:
| /* confdefs.h */
| #define PACKAGE_NAME "PostgreSQL"
| #define PACKAGE_TARNAME "postgresql"
| #define PACKAGE_VERSION "12.22"
| #define PACKAGE_STRING "PostgreSQL 12.22"
| #define PACKAGE_BUGREPORT "pgsql-bugs@lists.postgresql.org"
| #define PACKAGE_URL ""
| #define PG_MAJORVERSION "12"
| #define PG_VERSION "12.22"
| #define DEF_PGPORT 5432
| #define DEF_PGPORT_STR "5432"
| #define BLCKSZ 8192
| #define RELSEG_SIZE 131072
| #define XLOG_BLCKSZ 8192
| #define ENABLE_THREAD_SAFETY 1
| #define PG_KRB_SRVNAM "postgres"
| #define STDC_HEADERS 1
| #define HAVE_SYS_TYPES_H 1
| #define HAVE_SYS_STAT_H 1
| #define HAVE_STDLIB_H 1
| #define HAVE_STRING_H 1
| #define HAVE_MEMORY_H 1
| #define HAVE_STRINGS_H 1
| #define HAVE_INTTYPES_H 1
| #define HAVE_STDINT_H 1
| #define HAVE_UNISTD_H 1
| #define HAVE_PTHREAD_PRIO_INHERIT 1
| #define HAVE_PTHREAD 1
| #define HAVE_STRERROR_R 1
| #define HAVE_GETPWUID_R 1
| #define HAVE_GETHOSTBYNAME_R 1
| #define HAVE_LIBM 1
| #define HAVE_LIBZ 1
| #define HAVE_SPINLOCKS 1
| #define HAVE_ATOMICS 1
| #define HAVE_CRYPT_H 1
| #define HAVE_GETOPT_H 1
| #define HAVE_IFADDRS_H 1
| #define HAVE_LANGINFO_H 1
| #define HAVE_POLL_H 1
| #define HAVE_SYS_EPOLL_H 1
| #define HAVE_SYS_IPC_H 1
| #define HAVE_SYS_PERSONALITY_H 1
| #define HAVE_SYS_PRCTL_H 1
| #define HAVE_SYS_RESOURCE_H 1
| #define HAVE_SYS_SELECT_H 1
| #define HAVE_SYS_SEM_H 1
| #define HAVE_SYS_SHM_H 1
| #define HAVE_SYS_UN_H 1
| #define HAVE_TERMIOS_H 1
| #define HAVE_UTIME_H 1
| #define HAVE_WCHAR_H 1
| #define HAVE_WCTYPE_H 1
| #define HAVE_NET_IF_H 1
| #define HAVE_NETINET_TCP_H 1
| #define PG_PRINTF_ATTRIBUTE gnu_printf
| #define FLEXIBLE_ARRAY_MEMBER /**/
| #define HAVE_FUNCNAME__FUNC 1
| #define HAVE__STATIC_ASSERT 1
| #define HAVE_TYPEOF 1
| #define HAVE__BUILTIN_TYPES_COMPATIBLE_P 1
| #define HAVE__BUILTIN_CONSTANT_P 1
| #define HAVE__BUILTIN_UNREACHABLE 1
| #define HAVE_COMPUTED_GOTO 1
| #define HAVE_STRUCT_TM_TM_ZONE 1
| #define HAVE_TM_ZONE 1
| #define HAVE_TZNAME 1
| #define HAVE_UNIX_SOCKETS 1
| #define HAVE_STRUCT_SOCKADDR_STORAGE 1
| #define HAVE_STRUCT_SOCKADDR_STORAGE_SS_FAMILY 1
| #define HAVE_STRUCT_ADDRINFO 1
| #define HAVE_INTPTR_T 1
| #define HAVE_UINTPTR_T 1
| #define HAVE_UNSIGNED_LONG_LONG_INT 1
| #define HAVE_LONG_LONG_INT 1
| #define HAVE_LOCALE_T 1
| #define restrict __restrict
| #define pg_restrict __restrict
| #define HAVE_STRUCT_OPTION 1
| #define HAVE_X86_64_POPCNTQ 1
| #define SIZEOF_OFF_T 8
| #define SIZEOF_BOOL 1
| #define HAVE_INT_TIMEZONE 1
| #define ACCEPT_TYPE_RETURN int
| #define ACCEPT_TYPE_ARG1 int
| #define ACCEPT_TYPE_ARG2 struct sockaddr *
| #define ACCEPT_TYPE_ARG3 socklen_t
| #define HAVE_CBRT 1
| #define HAVE_CLOCK_GETTIME 1
| #define HAVE_FDATASYNC 1
| #define HAVE_GETIFADDRS 1
| #define HAVE_GETRLIMIT 1
| #define HAVE_MEMMOVE 1
| #define HAVE_POLL 1
| #define HAVE_POSIX_FALLOCATE 1
| #define HAVE_PPOLL 1
| #define HAVE_READLINK 1
| #define HAVE_SETSID 1
| #define HAVE_SHM_OPEN 1
| #define HAVE_STRCHRNUL 1
| #define HAVE_STRSIGNAL 1
| #define HAVE_SYMLINK 1
| #define HAVE_SYNC_FILE_RANGE 1
| #define HAVE_USELOCALE 1
| #define HAVE_UTIME 1
| #define HAVE_UTIMES 1
| #define HAVE__BUILTIN_BSWAP16 1
| #define HAVE__BUILTIN_BSWAP32 1
| #define HAVE__BUILTIN_BSWAP64 1
| #define HAVE__BUILTIN_CLZ 1
| #define HAVE__BUILTIN_CTZ 1
| #define HAVE__BUILTIN_POPCOUNT 1
| #define HAVE__BUILTIN_FRAME_ADDRESS 1
| #define HAVE_FSEEKO 1
| #define HAVE_FSEEKO 1
| #define HAVE_POSIX_FADVISE 1
| #define HAVE_DECL_POSIX_FADVISE 1
| #define HAVE_DECL_FDATASYNC 1
| #define HAVE_DECL_STRLCAT 1
| #define HAVE_DECL_STRLCPY 1
| #define HAVE_DECL_STRNLEN 1
| #define HAVE_DECL_F_FULLFSYNC 0
| #define HAVE_DECL_RTLD_GLOBAL 1
| #define HAVE_DECL_RTLD_NOW 1
| #define HAVE_IPV6 1
| #define HAVE_ISINF 1
| #define HAVE_CRYPT 1
| #define HAVE_DLOPEN 1
| #define HAVE_GETOPT 1
| #define HAVE_GETRUSAGE 1
| #define HAVE_INET_ATON 1
| #define HAVE_MKDTEMP 1
| #define HAVE_PREAD 1
| #define HAVE_PWRITE 1
| #define HAVE_RANDOM 1
| #define HAVE_RINT 1
| #define HAVE_SRANDOM 1
| #define HAVE_STRLCAT 1
| #define HAVE_STRLCPY 1
| #define HAVE_STRNLEN 1
| #define HAVE_STRTOF 1
| #define HAVE_SETENV 1
| #define HAVE_UNSETENV 1
| #define HAVE_GETADDRINFO 1
| #define HAVE_GETOPT_LONG 1
| #define HAVE_SYSLOG 1
| #define HAVE_INT_OPTERR 1
| #define HAVE_STRTOLL 1
| #define HAVE_STRTOULL 1
| #define HAVE_DECL_STRTOLL 1
| #define HAVE_DECL_STRTOULL 1
| #define HAVE_LONG_INT_64 1
| #define PG_INT64_TYPE long int
| #define INT64_MODIFIER "l"
| #define HAVE__BUILTIN_OP_OVERFLOW 1
| #define SIZEOF_VOID_P 8
| #define SIZEOF_SIZE_T 8
| #define SIZEOF_LONG 8
| #define USE_FLOAT4_BYVAL 1
| #define FLOAT4PASSBYVAL true
| #define USE_FLOAT8_BYVAL 1
| #define FLOAT8PASSBYVAL true
| #define ALIGNOF_SHORT 2
| #define ALIGNOF_INT 4
| #define ALIGNOF_LONG 8
| #define ALIGNOF_DOUBLE 8
| #define MAXIMUM_ALIGNOF 8
| #define PG_INT128_TYPE __int128
| #define ALIGNOF_PG_INT128_TYPE 16
| #define HAVE_GCC__SYNC_CHAR_TAS 1
| #define HAVE_GCC__SYNC_INT32_TAS 1
| #define HAVE_GCC__SYNC_INT32_CAS 1
| #define HAVE_GCC__SYNC_INT64_CAS 1
| #define HAVE_GCC__ATOMIC_INT32_CAS 1
| #define HAVE_GCC__ATOMIC_INT64_CAS 1
| #define HAVE__GET_CPUID 1
| /* end confdefs.h.  */
| #include <intrin.h>
| int
| main ()
| {
| unsigned int exx[4] = {0, 0, 0, 0};
|   __get_cpuid(exx[0], 1);
| 
|   ;
|   return 0;
| }
configure:18285: result: no
configure:18298: checking for _mm_crc32_u8 and _mm_crc32_u32 with CFLAGS=
configure:18320: gcc -o conftest -Wall -Wmissing-prototypes -Wpointer-arith -Wdeclaration-after-statement -Werror=vla -Wendif-labels -Wmissing-format-attribute -Wformat-security -fno-strict-aliasing -fwrapv -fexcess-precision=standard -Wno-format-truncation -Wno-stringop-truncation -O2   -D_GNU_SOURCE    conftest.c -lz -lcrypt -lm  >&5
In file included from /usr/lib/gcc/x86_64-linux-gnu/13/include/nmmintrin.h:31,
                 from conftest.c:178:
/usr/lib/gcc/x86_64-linux-gnu/13/include/smmintrin.h: In function 'main':
/usr/lib/gcc/x86_64-linux-gnu/13/include/smmintrin.h:834:1: error: inlining failed in call to 'always_inline' '_mm_crc32_u32': target specific option mismatch
  834 | _mm_crc32_u32 (unsigned int __C, unsigned int __V)
      | ^~~~~~~~~~~~~
conftest.c:184:10: note: called from here
  184 |    crc = _mm_crc32_u32(crc, 0);
      |          ^~~~~~~~~~~~~~~~~~~~~
/usr/lib/gcc/x86_64-linux-gnu/13/include/smmintrin.h:822:1: error: inlining failed in call to 'always_inline' '_mm_crc32_u8': target specific option mismatch
  822 | _mm_crc32_u8 (unsigned int __C, unsigned char __V)
      | ^~~~~~~~~~~~
conftest.c:183:10: note: called from here
  183 |    crc = _mm_crc32_u8(crc, 0);
      |          ^~~~~~~~~~~~~~~~~~~~
configure:18320: $? = 1
configure: failed program was:
| /* confdefs.h */
| #define PACKAGE_NAME "PostgreSQL"
| #define PACKAGE_TARNAME "postgresql"
| #define PACKAGE_VERSION "12.22"
| #define PACKAGE_STRING "PostgreSQL 12.22"
| #define PACKAGE_BUGREPORT "pgsql-bugs@lists.postgresql.org"
| #define PACKAGE_URL ""
| #define PG_MAJORVERSION "12"
| #define PG_VERSION "12.22"
| #define DEF_PGPORT 5432
| #define DEF_PGPORT_STR "5432"
| #define BLCKSZ 8192
| #define RELSEG_SIZE 131072
| #define XLOG_BLCKSZ 8192
| #define ENABLE_THREAD_SAFETY 1
| #define PG_KRB_SRVNAM "postgres"
| #define STDC_HEADERS 1
| #define HAVE_SYS_TYPES_H 1
| #define HAVE_SYS_STAT_H 1
| #define HAVE_STDLIB_H 1
| #define HAVE_STRING_H 1
| #define HAVE_MEMORY_H 1
| #define HAVE_STRINGS_H 1
| #define HAVE_INTTYPES_H 1
| #define HAVE_STDINT_H 1
| #define HAVE_UNISTD_H 1
| #define HAVE_PTHREAD_PRIO_INHERIT 1
| #define HAVE_PTHREAD 1
| #define HAVE_STRERROR_R 1
| #define HAVE_GETPWUID_R 1
| #define HAVE_GETHOSTBYNAME_R 1
| #define HAVE_LIBM 1
| #define HAVE_LIBZ 1
| #define HAVE_SPINLOCKS 1
| #define HAVE_ATOMICS 1
| #define HAVE_CRYPT_H 1
| #define HAVE_GETOPT_H 1
| #define HAVE_IFADDRS_H 1
| #define HAVE_LANGINFO_H 1
| #define HAVE_POLL_H 1
| #define HAVE_SYS_EPOLL_H 1
| #define HAVE_SYS_IPC_H 1
| #define HAVE_SYS_PERSONALITY_H 1
| #define HAVE_SYS_PRCTL_H 1
| #define HAVE_SYS_RESOURCE_H 1
| #define HAVE_SYS_SELECT_H 1
| #define HAVE_SYS_SEM_H 1
| #define HAVE_SYS_SHM_H 1
| #define HAVE_SYS_UN_H 1
| #define HAVE_TERMIOS_H 1
| #define HAVE_UTIME_H 1
| #define HAVE_WCHAR_H 1
| #define HAVE_WCTYPE_H 1
| #define HAVE_NET_IF_H 1
| #define HAVE_NETINET_TCP_H 1
| #define PG_PRINTF_ATTRIBUTE gnu_printf
| #define FLEXIBLE_ARRAY_MEMBER /**/
| #define HAVE_FUNCNAME__FUNC 1
| #define HAVE__STATIC_ASSERT 1
| #define HAVE_TYPEOF 1
| #define HAVE__BUILTIN_TYPES_COMPATIBLE_P 1
| #define HAVE__BUILTIN_CONSTANT_P 1
| #define HAVE__BUILTIN_UNREACHABLE 1
| #define HAVE_COMPUTED_GOTO 1
| #define HAVE_STRUCT_TM_TM_ZONE 1
| #define HAVE_TM_ZONE 1
| #define HAVE_TZNAME 1
| #define HAVE_UNIX_SOCKETS 1
| #define HAVE_STRUCT_SOCKADDR_STORAGE 1
| #define HAVE_STRUCT_SOCKADDR_STORAGE_SS_FAMILY 1
| #define HAVE_STRUCT_ADDRINFO 1
| #define HAVE_INTPTR_T 1
| #define HAVE_UINTPTR_T 1
| #define HAVE_UNSIGNED_LONG_LONG_INT 1
| #define HAVE_LONG_LONG_INT 1
| #define HAVE_LOCALE_T 1
| #define restrict __restrict
| #define pg_restrict __restrict
| #define HAVE_STRUCT_OPTION 1
| #define HAVE_X86_64_POPCNTQ 1
| #define SIZEOF_OFF_T 8
| #define SIZEOF_BOOL 1
| #define HAVE_INT_TIMEZONE 1
| #define ACCEPT_TYPE_RETURN int
| #define ACCEPT_TYPE_ARG1 int
| #define ACCEPT_TYPE_ARG2 struct sockaddr *
| #define ACCEPT_TYPE_ARG3 socklen_t
| #define HAVE_CBRT 1
| #define HAVE_CLOCK_GETTIME 1
| #define HAVE_FDATASYNC 1
| #define HAVE_GETIFADDRS 1
| #define HAVE_GETRLIMIT 1
| #define HAVE_MEMMOVE 1
| #define HAVE_POLL 1
| #define HAVE_POSIX_FALLOCATE 1
| #define HAVE_PPOLL 1
| #define HAVE_READLINK 1
| #define HAVE_SETSID 1
| #define HAVE_SHM_OPEN 1
| #define HAVE_STRCHRNUL 1
| #define HAVE_STRSIGNAL 1
| #define HAVE_SYMLINK 1
| #define HAVE_SYNC_FILE_RANGE 1
| #define HAVE_USELOCALE 1
| #define HAVE_UTIME 1
| #define HAVE_UTIMES 1
| #define HAVE__BUILTIN_BSWAP16 1
| #define HAVE__BUILTIN_BSWAP32 1
| #define HAVE__BUILTIN_BSWAP64 1
| #define HAVE__BUILTIN_CLZ 1
| #define HAVE__BUILTIN_CTZ 1
| #define HAVE__BUILTIN_POPCOUNT 1
| #define HAVE__BUILTIN_FRAME_ADDRESS 1
| #define HAVE_FSEEKO 1
| #define HAVE_FSEEKO 1
| #define HAVE_POSIX_FADVISE 1
| #define HAVE_DECL_POSIX_FADVISE 1
| #define HAVE_DECL_FDATASYNC 1
| #define HAVE_DECL_STRLCAT 1
| #define HAVE_DECL_STRLCPY 1
| #define HAVE_DECL_STRNLEN 1
| #define HAVE_DECL_F_FULLFSYNC 0
| #define HAVE_DECL_RTLD_GLOBAL 1
| #define HAVE_DECL_RTLD_NOW 1
| #define HAVE_IPV6 1
| #define HAVE_ISINF 1
| #define HAVE_CRYPT 1
| #define HAVE_DLOPEN 1
| #define HAVE_GETOPT 1
| #define HAVE_GETRUSAGE 1
| #define HAVE_INET_ATON 1
| #define HAVE_MKDTEMP 1
| #define HAVE_PREAD 1
| #define HAVE_PWRITE 1
| #define HAVE_RANDOM 1
| #define HAVE_RINT 1
| #define HAVE_SRANDOM 1
| #define HAVE_STRLCAT 1
| #define HAVE_STRLCPY 1
| #define HAVE_STRNLEN 1
| #define HAVE_STRTOF 1
| #define HAVE_SETENV 1
| #define HAVE_UNSETENV 1
| #define HAVE_GETADDRINFO 1
| #define HAVE_GETOPT_LONG 1
| #define HAVE_SYSLOG 1
| #define HAVE_INT_OPTERR 1
| #define HAVE_STRTOLL 1
| #define HAVE_STRTOULL 1
| #define HAVE_DECL_STRTOLL 1
| #define HAVE_DECL_STRTOULL 1
| #define HAVE_LONG_INT_64 1
| #define PG_INT64_TYPE long int
| #define INT64_MODIFIER "l"
| #define HAVE__BUILTIN_OP_OVERFLOW 1
| #define SIZEOF_VOID_P 8
| #define SIZEOF_SIZE_T 8
| #define SIZEOF_LONG 8
| #define USE_FLOAT4_BYVAL 1
| #define FLOAT4PASSBYVAL true
| #define USE_FLOAT8_BYVAL 1
| #define FLOAT8PASSBYVAL true
| #define ALIGNOF_SHORT 2
| #define ALIGNOF_INT 4
| #define ALIGNOF_LONG 8
| #define ALIGNOF_DOUBLE 8
| #define MAXIMUM_ALIGNOF 8
| #define PG_INT128_TYPE __int128
| #define ALIGNOF_PG_INT128_TYPE 16
| #define HAVE_GCC__SYNC_CHAR_TAS 1
| #define HAVE_GCC__SYNC_INT32_TAS 1
| #define HAVE_GCC__SYNC_INT32_CAS 1
| #define HAVE_GCC__SYNC_INT64_CAS 1
| #define HAVE_GCC__ATOMIC_INT32_CAS 1
| #define HAVE_GCC__ATOMIC_INT64_CAS 1
| #define HAVE__GET_CPUID 1
| /* end confdefs.h.  */
| #include <nmmintrin.h>
| int
| main ()
| {
| unsigned int crc = 0;
|    crc = _mm_crc32_u8(crc, 0);
|    crc = _mm_crc32_u32(crc, 0);
|    /* return computed value, to prevent the above being optimized away */
|    return crc == 0;
|   ;
|   return 0;
| }
configure:18329: result: no
configure:18337: checking for _mm_crc32_u8 and _mm_crc32_u32 with CFLAGS=-msse4.2
configure:18359: gcc -o conftest -Wall -Wmissing-prototypes -Wpointer-arith -Wdeclaration-after-statement -Werror=vla -Wendif-labels -Wmissing-format-attribute -Wformat-security -fno-strict-aliasing -fwrapv -fexcess-precision=standard -Wno-format-truncation -Wno-stringop-truncation -O2 -msse4.2  -D_GNU_SOURCE    conftest.c -lz -lcrypt -lm  >&5
configure:18359: $? = 0
configure:18368: result: yes
configure:18395: gcc -c -Wall -Wmissing-prototypes -Wpointer-arith -Wdeclaration-after-statement -Werror=vla -Wendif-labels -Wmissing-format-attribute -Wformat-security -fno-strict-aliasing -fwrapv -fexcess-precision=standard -Wno-format-truncation -Wno-stringop-truncation -O2  -D_GNU_SOURCE  conftest.c >&5
conftest.c: In function 'main':
conftest.c:184:2: error: #error __SSE4_2__ not defined
  184 | #error __SSE4_2__ not defined
      |  ^~~~~
configure:18395: $? = 1
configure: failed program was:
| /* confdefs.h */
| #define PACKAGE_NAME "PostgreSQL"
| #define PACKAGE_TARNAME "postgresql"
| #define PACKAGE_VERSION "12.22"
| #define PACKAGE_STRING "PostgreSQL 12.22"
| #define PACKAGE_BUGREPORT "pgsql-bugs@lists.postgresql.org"
| #define PACKAGE_URL ""
| #define PG_MAJORVERSION "12"
| #define PG_VERSION "12.22"
| #define DEF_PGPORT 5432
| #define DEF_PGPORT_STR "5432"
| #define BLCKSZ 8192
| #define RELSEG_SIZE 131072
| #define XLOG_BLCKSZ 8192
| #define ENABLE_THREAD_SAFETY 1
| #define PG_KRB_SRVNAM "postgres"
| #define STDC_HEADERS 1
| #define HAVE_SYS_TYPES_H 1
| #define HAVE_SYS_STAT_H 1
| #define HAVE_STDLIB_H 1
| #define HAVE_STRING_H 1
| #define HAVE_MEMORY_H 1
| #define HAVE_STRINGS_H 1
| #define HAVE_INTTYPES_H 1
| #define HAVE_STDINT_H 1
| #define HAVE_UNISTD_H 1
| #define HAVE_PTHREAD_PRIO_INHERIT 1
| #define HAVE_PTHREAD 1
| #define HAVE_STRERROR_R 1
| #define HAVE_GETPWUID_R 1
| #define HAVE_GETHOSTBYNAME_R 1
| #define HAVE_LIBM 1
| #define HAVE_LIBZ 1
| #define HAVE_SPINLOCKS 1
| #define HAVE_ATOMICS 1
| #define HAVE_CRYPT_H 1
| #define HAVE_GETOPT_H 1
| #define HAVE_IFADDRS_H 1
| #define HAVE_LANGINFO_H 1
| #define HAVE_POLL_H 1
| #define HAVE_SYS_EPOLL_H 1
| #define HAVE_SYS_IPC_H 1
| #define HAVE_SYS_PERSONALITY_H 1
| #define HAVE_SYS_PRCTL_H 1
| #define HAVE_SYS_RESOURCE_H 1
| #define HAVE_SYS_SELECT_H 1
| #define HAVE_SYS_SEM_H 1
| #define HAVE_SYS_SHM_H 1
| #define HAVE_SYS_UN_H 1
| #define HAVE_TERMIOS_H 1
| #define HAVE_UTIME_H 1
| #define HAVE_WCHAR_H 1
| #define HAVE_WCTYPE_H 1
| #define HAVE_NET_IF_H 1
| #define HAVE_NETINET_TCP_H 1
| #define PG_PRINTF_ATTRIBUTE gnu_printf
| #define FLEXIBLE_ARRAY_MEMBER /**/
| #define HAVE_FUNCNAME__FUNC 1
| #define HAVE__STATIC_ASSERT 1
| #define HAVE_TYPEOF 1
| #define HAVE__BUILTIN_TYPES_COMPATIBLE_P 1
| #define HAVE__BUILTIN_CONSTANT_P 1
| #define HAVE__BUILTIN_UNREACHABLE 1
| #define HAVE_COMPUTED_GOTO 1
| #define HAVE_STRUCT_TM_TM_ZONE 1
| #define HAVE_TM_ZONE 1
| #define HAVE_TZNAME 1
| #define HAVE_UNIX_SOCKETS 1
| #define HAVE_STRUCT_SOCKADDR_STORAGE 1
| #define HAVE_STRUCT_SOCKADDR_STORAGE_SS_FAMILY 1
| #define HAVE_STRUCT_ADDRINFO 1
| #define HAVE_INTPTR_T 1
| #define HAVE_UINTPTR_T 1
| #define HAVE_UNSIGNED_LONG_LONG_INT 1
| #define HAVE_LONG_LONG_INT 1
| #define HAVE_LOCALE_T 1
| #define restrict __restrict
| #define pg_restrict __restrict
| #define HAVE_STRUCT_OPTION 1
| #define HAVE_X86_64_POPCNTQ 1
| #define SIZEOF_OFF_T 8
| #define SIZEOF_BOOL 1
| #define HAVE_INT_TIMEZONE 1
| #define ACCEPT_TYPE_RETURN int
| #define ACCEPT_TYPE_ARG1 int
| #define ACCEPT_TYPE_ARG2 struct sockaddr *
| #define ACCEPT_TYPE_ARG3 socklen_t
| #define HAVE_CBRT 1
| #define HAVE_CLOCK_GETTIME 1
| #define HAVE_FDATASYNC 1
| #define HAVE_GETIFADDRS 1
| #define HAVE_GETRLIMIT 1
| #define HAVE_MEMMOVE 1
| #define HAVE_POLL 1
| #define HAVE_POSIX_FALLOCATE 1
| #define HAVE_PPOLL 1
| #define HAVE_READLINK 1
| #define HAVE_SETSID 1
| #define HAVE_SHM_OPEN 1
| #define HAVE_STRCHRNUL 1
| #define HAVE_STRSIGNAL 1
| #define HAVE_SYMLINK 1
| #define HAVE_SYNC_FILE_RANGE 1
| #define HAVE_USELOCALE 1
| #define HAVE_UTIME 1
| #define HAVE_UTIMES 1
| #define HAVE__BUILTIN_BSWAP16 1
| #define HAVE__BUILTIN_BSWAP32 1
| #define HAVE__BUILTIN_BSWAP64 1
| #define HAVE__BUILTIN_CLZ 1
| #define HAVE__BUILTIN_CTZ 1
| #define HAVE__BUILTIN_POPCOUNT 1
| #define HAVE__BUILTIN_FRAME_ADDRESS 1
| #define HAVE_FSEEKO 1
| #define HAVE_FSEEKO 1
| #define HAVE_POSIX_FADVISE 1
| #define HAVE_DECL_POSIX_FADVISE 1
| #define HAVE_DECL_FDATASYNC 1
| #define HAVE_DECL_STRLCAT 1
| #define HAVE_DECL_STRLCPY 1
| #define HAVE_DECL_STRNLEN 1
| #define HAVE_DECL_F_FULLFSYNC 0
| #define HAVE_DECL_RTLD_GLOBAL 1
| #define HAVE_DECL_RTLD_NOW 1
| #define HAVE_IPV6 1
| #define HAVE_ISINF 1
| #define HAVE_CRYPT 1
| #define HAVE_DLOPEN 1
| #define HAVE_GETOPT 1
| #define HAVE_GETRUSAGE 1
| #define HAVE_INET_ATON 1
| #define HAVE_MKDTEMP 1
| #define HAVE_PREAD 1
| #define HAVE_PWRITE 1
| #define HAVE_RANDOM 1
| #define HAVE_RINT 1
| #define HAVE_SRANDOM 1
| #define HAVE_STRLCAT 1
| #define HAVE_STRLCPY 1
| #define HAVE_STRNLEN 1
| #define HAVE_STRTOF 1
| #define HAVE_SETENV 1
| #define HAVE_UNSETENV 1
| #define HAVE_GETADDRINFO 1
| #define HAVE_GETOPT_LONG 1
| #define HAVE_SYSLOG 1
| #define HAVE_INT_OPTERR 1
| #define HAVE_STRTOLL 1
| #define HAVE_STRTOULL 1
| #define HAVE_DECL_STRTOLL 1
| #define HAVE_DECL_STRTOULL 1
| #define HAVE_LONG_INT_64 1
| #define PG_INT64_TYPE long int
| #define INT64_MODIFIER "l"
| #define HAVE__BUILTIN_OP_OVERFLOW 1
| #define SIZEOF_VOID_P 8
| #define SIZEOF_SIZE_T 8
| #define SIZEOF_LONG 8
| #define USE_FLOAT4_BYVAL 1
| #define FLOAT4PASSBYVAL true
| #define USE_FLOAT8_BYVAL 1
| #define FLOAT8PASSBYVAL true
| #define ALIGNOF_SHORT 2
| #define ALIGNOF_INT 4
| #define ALIGNOF_LONG 8
| #define ALIGNOF_DOUBLE 8
| #define MAXIMUM_ALIGNOF 8
| #define PG_INT128_TYPE __int128
| #define ALIGNOF_PG_INT128_TYPE 16
| #define HAVE_GCC__SYNC_CHAR_TAS 1
| #define HAVE_GCC__SYNC_INT32_TAS 1
| #define HAVE_GCC__SYNC_INT32_CAS 1
| #define HAVE_GCC__SYNC_INT64_CAS 1
| #define HAVE_GCC__ATOMIC_INT32_CAS 1
| #define HAVE_GCC__ATOMIC_INT64_CAS 1
| #define HAVE__GET_CPUID 1
| /* end confdefs.h.  */
| 
| int
| main ()
| {
| 
| #ifndef __SSE4_2__
| #error __SSE4_2__ not defined
| #endif
| 
|   ;
|   return 0;
| }
configure:18405: checking for __crc32cb, __crc32ch, __crc32cw, and __crc32cd with CFLAGS=
configure:18429: gcc -o conftest -Wall -Wmissing-prototypes -Wpointer-arith -Wdeclaration-after-statement -Werror=vla -Wendif-labels -Wmissing-format-attribute -Wformat-security -fno-strict-aliasing -fwrapv -fexcess-precision=standard -Wno-format-truncation -Wno-stringop-truncation -O2   -D_GNU_SOURCE    conftest.c -lz -lcrypt -lm  >&5
conftest.c:178:10: fatal error: arm_acle.h: No such file or directory
  178 | #include <arm_acle.h>
      |          ^~~~~~~~~~~~
compilation terminated.
configure:18429: $? = 1
configure: failed program was:
| /* confdefs.h */
| #define PACKAGE_NAME "PostgreSQL"
| #define PACKAGE_TARNAME "postgresql"
| #define PACKAGE_VERSION "12.22"
| #define PACKAGE_STRING "PostgreSQL 12.22"
| #define PACKAGE_BUGREPORT "pgsql-bugs@lists.postgresql.org"
| #define PACKAGE_URL ""
| #define PG_MAJORVERSION "12"
| #define PG_VERSION "12.22"
| #define DEF_PGPORT 5432
| #define DEF_PGPORT_STR "5432"
| #define BLCKSZ 8192
| #define RELSEG_SIZE 131072
| #define XLOG_BLCKSZ 8192
| #define ENABLE_THREAD_SAFETY 1
| #define PG_KRB_SRVNAM "postgres"
| #define STDC_HEADERS 1
| #define HAVE_SYS_TYPES_H 1
| #define HAVE_SYS_STAT_H 1
| #define HAVE_STDLIB_H 1
| #define HAVE_STRING_H 1
| #define HAVE_MEMORY_H 1
| #define HAVE_STRINGS_H 1
| #define HAVE_INTTYPES_H 1
| #define HAVE_STDINT_H 1
| #define HAVE_UNISTD_H 1
| #define HAVE_PTHREAD_PRIO_INHERIT 1
| #define HAVE_PTHREAD 1
| #define HAVE_STRERROR_R 1
| #define HAVE_GETPWUID_R 1
| #define HAVE_GETHOSTBYNAME_R 1
| #define HAVE_LIBM 1
| #define HAVE_LIBZ 1
| #define HAVE_SPINLOCKS 1
| #define HAVE_ATOMICS 1
| #define HAVE_CRYPT_H 1
| #define HAVE_GETOPT_H 1
| #define HAVE_IFADDRS_H 1
| #define HAVE_LANGINFO_H 1
| #define HAVE_POLL_H 1
| #define HAVE_SYS_EPOLL_H 1
| #define HAVE_SYS_IPC_H 1
| #define HAVE_SYS_PERSONALITY_H 1
| #define HAVE_SYS_PRCTL_H 1
| #define HAVE_SYS_RESOURCE_H 1
| #define HAVE_SYS_SELECT_H 1
| #define HAVE_SYS_SEM_H 1
| #define HAVE_SYS_SHM_H 1
| #define HAVE_SYS_UN_H 1
| #define HAVE_TERMIOS_H 1
| #define HAVE_UTIME_H 1
| #define HAVE_WCHAR_H 1
| #define HAVE_WCTYPE_H 1
| #define HAVE_NET_IF_H 1
| #define HAVE_NETINET_TCP_H 1
| #define PG_PRINTF_ATTRIBUTE gnu_printf
| #define FLEXIBLE_ARRAY_MEMBER /**/
| #define HAVE_FUNCNAME__FUNC 1
| #define HAVE__STATIC_ASSERT 1
| #define HAVE_TYPEOF 1
| #define HAVE__BUILTIN_TYPES_COMPATIBLE_P 1
| #define HAVE__BUILTIN_CONSTANT_P 1
| #define HAVE__BUILTIN_UNREACHABLE 1
| #define HAVE_COMPUTED_GOTO 1
| #define HAVE_STRUCT_TM_TM_ZONE 1
| #define HAVE_TM_ZONE 1
| #define HAVE_TZNAME 1
| #define HAVE_UNIX_SOCKETS 1
| #define HAVE_STRUCT_SOCKADDR_STORAGE 1
| #define HAVE_STRUCT_SOCKADDR_STORAGE_SS_FAMILY 1
| #define HAVE_STRUCT_ADDRINFO 1
| #define HAVE_INTPTR_T 1
| #define HAVE_UINTPTR_T 1
| #define HAVE_UNSIGNED_LONG_LONG_INT 1
| #define HAVE_LONG_LONG_INT 1
| #define HAVE_LOCALE_T 1
| #define restrict __restrict
| #define pg_restrict __restrict
| #define HAVE_STRUCT_OPTION 1
| #define HAVE_X86_64_POPCNTQ 1
| #define SIZEOF_OFF_T 8
| #define SIZEOF_BOOL 1
| #define HAVE_INT_TIMEZONE 1
| #define ACCEPT_TYPE_RETURN int
| #define ACCEPT_TYPE_ARG1 int
| #define ACCEPT_TYPE_ARG2 struct sockaddr *
| #define ACCEPT_TYPE_ARG3 socklen_t
| #define HAVE_CBRT 1
| #define HAVE_CLOCK_GETTIME 1
| #define HAVE_FDATASYNC 1
| #define HAVE_GETIFADDRS 1
| #define HAVE_GETRLIMIT 1
| #define HAVE_MEMMOVE 1
| #define HAVE_POLL 1
| #define HAVE_POSIX_FALLOCATE 1
| #define HAVE_PPOLL 1
| #define HAVE_READLINK 1
| #define HAVE_SETSID 1
| #define HAVE_SHM_OPEN 1
| #define HAVE_STRCHRNUL 1
| #define HAVE_STRSIGNAL 1
| #define HAVE_SYMLINK 1
| #define HAVE_SYNC_FILE_RANGE 1
| #define HAVE_USELOCALE 1
| #define HAVE_UTIME 1
| #define HAVE_UTIMES 1
| #define HAVE__BUILTIN_BSWAP16 1
| #define HAVE__BUILTIN_BSWAP32 1
| #define HAVE__BUILTIN_BSWAP64 1
| #define HAVE__BUILTIN_CLZ 1
| #define HAVE__BUILTIN_CTZ 1
| #define HAVE__BUILTIN_POPCOUNT 1
| #define HAVE__BUILTIN_FRAME_ADDRESS 1
| #define HAVE_FSEEKO 1
| #define HAVE_FSEEKO 1
| #define HAVE_POSIX_FADVISE 1
| #define HAVE_DECL_POSIX_FADVISE 1
| #define HAVE_DECL_FDATASYNC 1
| #define HAVE_DECL_STRLCAT 1
| #define HAVE_DECL_STRLCPY 1
| #define HAVE_DECL_STRNLEN 1
| #define HAVE_DECL_F_FULLFSYNC 0
| #define HAVE_DECL_RTLD_GLOBAL 1
| #define HAVE_DECL_RTLD_NOW 1
| #define HAVE_IPV6 1
| #define HAVE_ISINF 1
| #define HAVE_CRYPT 1
| #define HAVE_DLOPEN 1
| #define HAVE_GETOPT 1
| #define HAVE_GETRUSAGE 1
| #define HAVE_INET_ATON 1
| #define HAVE_MKDTEMP 1
| #define HAVE_PREAD 1
| #define HAVE_PWRITE 1
| #define HAVE_RANDOM 1
| #define HAVE_RINT 1
| #define HAVE_SRANDOM 1
| #define HAVE_STRLCAT 1
| #define HAVE_STRLCPY 1
| #define HAVE_STRNLEN 1
| #define HAVE_STRTOF 1
| #define HAVE_SETENV 1
| #define HAVE_UNSETENV 1
| #define HAVE_GETADDRINFO 1
| #define HAVE_GETOPT_LONG 1
| #define HAVE_SYSLOG 1
| #define HAVE_INT_OPTERR 1
| #define HAVE_STRTOLL 1
| #define HAVE_STRTOULL 1
| #define HAVE_DECL_STRTOLL 1
| #define HAVE_DECL_STRTOULL 1
| #define HAVE_LONG_INT_64 1
| #define PG_INT64_TYPE long int
| #define INT64_MODIFIER "l"
| #define HAVE__BUILTIN_OP_OVERFLOW 1
| #define SIZEOF_VOID_P 8
| #define SIZEOF_SIZE_T 8
| #define SIZEOF_LONG 8
| #define USE_FLOAT4_BYVAL 1
| #define FLOAT4PASSBYVAL true
| #define USE_FLOAT8_BYVAL 1
| #define FLOAT8PASSBYVAL true
| #define ALIGNOF_SHORT 2
| #define ALIGNOF_INT 4
| #define ALIGNOF_LONG 8
| #define ALIGNOF_DOUBLE 8
| #define MAXIMUM_ALIGNOF 8
| #define PG_INT128_TYPE __int128
| #define ALIGNOF_PG_INT128_TYPE 16
| #define HAVE_GCC__SYNC_CHAR_TAS 1
| #define HAVE_GCC__SYNC_INT32_TAS 1
| #define HAVE_GCC__SYNC_INT32_CAS 1
| #define HAVE_GCC__SYNC_INT64_CAS 1
| #define HAVE_GCC__ATOMIC_INT32_CAS 1
| #define HAVE_GCC__ATOMIC_INT64_CAS 1
| #define HAVE__GET_CPUID 1
| /* end confdefs.h.  */
| #include <arm_acle.h>
| int
| main ()
| {
| unsigned int crc = 0;
|    crc = __crc32cb(crc, 0);
|    crc = __crc32ch(crc, 0);
|    crc = __crc32cw(crc, 0);
|    crc = __crc32cd(crc, 0);
|    /* return computed value, to prevent the above being optimized away */
|    return crc == 0;
|   ;
|   return 0;
| }
configure:18438: result: no
configure:18446: checking for __crc32cb, __crc32ch, __crc32cw, and __crc32cd with CFLAGS=-march=armv8-a+crc
configure:18470: gcc -o conftest -Wall -Wmissing-prototypes -Wpointer-arith -Wdeclaration-after-statement -Werror=vla -Wendif-labels -Wmissing-format-attribute -Wformat-security -fno-strict-aliasing -fwrapv -fexcess-precision=standard -Wno-format-truncation -Wno-stringop-truncation -O2 -march=armv8-a+crc  -D_GNU_SOURCE    conftest.c -lz -lcrypt -lm  >&5
cc1: error: bad value 'armv8-a+crc' for '-march=' switch
cc1: note: valid arguments to '-march=' switch are: nocona core2 nehalem corei7 westmere sandybridge corei7-avx ivybridge core-avx-i haswell core-avx2 broadwell skylake skylake-avx512 cannonlake icelake-client rocketlake icelake-server cascadelake tigerlake cooperlake sapphirerapids emeraldrapids alderlake raptorlake meteorlake graniterapids graniterapids-d bonnell atom silvermont slm goldmont goldmont-plus tremont gracemont sierraforest grandridge knl knm x86-64 x86-64-v2 x86-64-v3 x86-64-v4 eden-x2 nano nano-1000 nano-2000 nano-3000 nano-x2 eden-x4 nano-x4 lujiazui k8 k8-sse3 opteron opteron-sse3 athlon64 athlon64-sse3 athlon-fx amdfam10 barcelona bdver1 bdver2 bdver3 bdver4 znver1 znver2 znver3 znver4 btver1 btver2 native
configure:18470: $? = 1
configure: failed program was:
| /* confdefs.h */
| #define PACKAGE_NAME "PostgreSQL"
| #define PACKAGE_TARNAME "postgresql"
| #define PACKAGE_VERSION "12.22"
| #define PACKAGE_STRING "PostgreSQL 12.22"
| #define PACKAGE_BUGREPORT "pgsql-bugs@lists.postgresql.org"
| #define PACKAGE_URL ""
| #define PG_MAJORVERSION "12"
| #define PG_VERSION "12.22"
| #define DEF_PGPORT 5432
| #define DEF_PGPORT_STR "5432"
| #define BLCKSZ 8192
| #define RELSEG_SIZE 131072
| #define XLOG_BLCKSZ 8192
| #define ENABLE_THREAD_SAFETY 1
| #define PG_KRB_SRVNAM "postgres"
| #define STDC_HEADERS 1
| #define HAVE_SYS_TYPES_H 1
| #define HAVE_SYS_STAT_H 1
| #define HAVE_STDLIB_H 1
| #define HAVE_STRING_H 1
| #define HAVE_MEMORY_H 1
| #define HAVE_STRINGS_H 1
| #define HAVE_INTTYPES_H 1
| #define HAVE_STDINT_H 1
| #define HAVE_UNISTD_H 1
| #define HAVE_PTHREAD_PRIO_INHERIT 1
| #define HAVE_PTHREAD 1
| #define HAVE_STRERROR_R 1
| #define HAVE_GETPWUID_R 1
| #define HAVE_GETHOSTBYNAME_R 1
| #define HAVE_LIBM 1
| #define HAVE_LIBZ 1
| #define HAVE_SPINLOCKS 1
| #define HAVE_ATOMICS 1
| #define HAVE_CRYPT_H 1
| #define HAVE_GETOPT_H 1
| #define HAVE_IFADDRS_H 1
| #define HAVE_LANGINFO_H 1
| #define HAVE_POLL_H 1
| #define HAVE_SYS_EPOLL_H 1
| #define HAVE_SYS_IPC_H 1
| #define HAVE_SYS_PERSONALITY_H 1
| #define HAVE_SYS_PRCTL_H 1
| #define HAVE_SYS_RESOURCE_H 1
| #define HAVE_SYS_SELECT_H 1
| #define HAVE_SYS_SEM_H 1
| #define HAVE_SYS_SHM_H 1
| #define HAVE_SYS_UN_H 1
| #define HAVE_TERMIOS_H 1
| #define HAVE_UTIME_H 1
| #define HAVE_WCHAR_H 1
| #define HAVE_WCTYPE_H 1
| #define HAVE_NET_IF_H 1
| #define HAVE_NETINET_TCP_H 1
| #define PG_PRINTF_ATTRIBUTE gnu_printf
| #define FLEXIBLE_ARRAY_MEMBER /**/
| #define HAVE_FUNCNAME__FUNC 1
| #define HAVE__STATIC_ASSERT 1
| #define HAVE_TYPEOF 1
| #define HAVE__BUILTIN_TYPES_COMPATIBLE_P 1
| #define HAVE__BUILTIN_CONSTANT_P 1
| #define HAVE__BUILTIN_UNREACHABLE 1
| #define HAVE_COMPUTED_GOTO 1
| #define HAVE_STRUCT_TM_TM_ZONE 1
| #define HAVE_TM_ZONE 1
| #define HAVE_TZNAME 1
| #define HAVE_UNIX_SOCKETS 1
| #define HAVE_STRUCT_SOCKADDR_STORAGE 1
| #define HAVE_STRUCT_SOCKADDR_STORAGE_SS_FAMILY 1
| #define HAVE_STRUCT_ADDRINFO 1
| #define HAVE_INTPTR_T 1
| #define HAVE_UINTPTR_T 1
| #define HAVE_UNSIGNED_LONG_LONG_INT 1
| #define HAVE_LONG_LONG_INT 1
| #define HAVE_LOCALE_T 1
| #define restrict __restrict
| #define pg_restrict __restrict
| #define HAVE_STRUCT_OPTION 1
| #define HAVE_X86_64_POPCNTQ 1
| #define SIZEOF_OFF_T 8
| #define SIZEOF_BOOL 1
| #define HAVE_INT_TIMEZONE 1
| #define ACCEPT_TYPE_RETURN int
| #define ACCEPT_TYPE_ARG1 int
| #define ACCEPT_TYPE_ARG2 struct sockaddr *
| #define ACCEPT_TYPE_ARG3 socklen_t
| #define HAVE_CBRT 1
| #define HAVE_CLOCK_GETTIME 1
| #define HAVE_FDATASYNC 1
| #define HAVE_GETIFADDRS 1
| #define HAVE_GETRLIMIT 1
| #define HAVE_MEMMOVE 1
| #define HAVE_POLL 1
| #define HAVE_POSIX_FALLOCATE 1
| #define HAVE_PPOLL 1
| #define HAVE_READLINK 1
| #define HAVE_SETSID 1
| #define HAVE_SHM_OPEN 1
| #define HAVE_STRCHRNUL 1
| #define HAVE_STRSIGNAL 1
| #define HAVE_SYMLINK 1
| #define HAVE_SYNC_FILE_RANGE 1
| #define HAVE_USELOCALE 1
| #define HAVE_UTIME 1
| #define HAVE_UTIMES 1
| #define HAVE__BUILTIN_BSWAP16 1
| #define HAVE__BUILTIN_BSWAP32 1
| #define HAVE__BUILTIN_BSWAP64 1
| #define HAVE__BUILTIN_CLZ 1
| #define HAVE__BUILTIN_CTZ 1
| #define HAVE__BUILTIN_POPCOUNT 1
| #define HAVE__BUILTIN_FRAME_ADDRESS 1
| #define HAVE_FSEEKO 1
| #define HAVE_FSEEKO 1
| #define HAVE_POSIX_FADVISE 1
| #define HAVE_DECL_POSIX_FADVISE 1
| #define HAVE_DECL_FDATASYNC 1
| #define HAVE_DECL_STRLCAT 1
| #define HAVE_DECL_STRLCPY 1
| #define HAVE_DECL_STRNLEN 1
| #define HAVE_DECL_F_FULLFSYNC 0
| #define HAVE_DECL_RTLD_GLOBAL 1
| #define HAVE_DECL_RTLD_NOW 1
| #define HAVE_IPV6 1
| #define HAVE_ISINF 1
| #define HAVE_CRYPT 1
| #define HAVE_DLOPEN 1
| #define HAVE_GETOPT 1
| #define HAVE_GETRUSAGE 1
| #define HAVE_INET_ATON 1
| #define HAVE_MKDTEMP 1
| #define HAVE_PREAD 1
| #define HAVE_PWRITE 1
| #define HAVE_RANDOM 1
| #define HAVE_RINT 1
| #define HAVE_SRANDOM 1
| #define HAVE_STRLCAT 1
| #define HAVE_STRLCPY 1
| #define HAVE_STRNLEN 1
| #define HAVE_STRTOF 1
| #define HAVE_SETENV 1
| #define HAVE_UNSETENV 1
| #define HAVE_GETADDRINFO 1
| #define HAVE_GETOPT_LONG 1
| #define HAVE_SYSLOG 1
| #define HAVE_INT_OPTERR 1
| #define HAVE_STRTOLL 1
| #define HAVE_STRTOULL 1
| #define HAVE_DECL_STRTOLL 1
| #define HAVE_DECL_STRTOULL 1
| #define HAVE_LONG_INT_64 1
| #define PG_INT64_TYPE long int
| #define INT64_MODIFIER "l"
| #define HAVE__BUILTIN_OP_OVERFLOW 1
| #define SIZEOF_VOID_P 8
| #define SIZEOF_SIZE_T 8
| #define SIZEOF_LONG 8
| #define USE_FLOAT4_BYVAL 1
| #define FLOAT4PASSBYVAL true
| #define USE_FLOAT8_BYVAL 1
| #define FLOAT8PASSBYVAL true
| #define ALIGNOF_SHORT 2
| #define ALIGNOF_INT 4
| #define ALIGNOF_LONG 8
| #define ALIGNOF_DOUBLE 8
| #define MAXIMUM_ALIGNOF 8
| #define PG_INT128_TYPE __int128
| #define ALIGNOF_PG_INT128_TYPE 16
| #define HAVE_GCC__SYNC_CHAR_TAS 1
| #define HAVE_GCC__SYNC_INT32_TAS 1
| #define HAVE_GCC__SYNC_INT32_CAS 1
| #define HAVE_GCC__SYNC_INT64_CAS 1
| #define HAVE_GCC__ATOMIC_INT32_CAS 1
| #define HAVE_GCC__ATOMIC_INT64_CAS 1
| #define HAVE__GET_CPUID 1
| /* end confdefs.h.  */
| #include <arm_acle.h>
| int
| main ()
| {
| unsigned int crc = 0;
|    crc = __crc32cb(crc, 0);
|    crc = __crc32ch(crc, 0);
|    crc = __crc32cw(crc, 0);
|    crc = __crc32cd(crc, 0);
|    /* return computed value, to prevent the above being optimized away */
|    return crc == 0;
|   ;
|   return 0;
| }
configure:18479: result: no
configure:18533: checking which CRC-32C implementation to use
configure:18548: result: SSE 4.2 with runtime check
configure:18643: checking for library containing sem_init
configure:18674: gcc -o conftest -Wall -Wmissing-prototypes -Wpointer-arith -Wdeclaration-after-statement -Werror=vla -Wendif-labels -Wmissing-format-attribute -Wformat-security -fno-strict-aliasing -fwrapv -fexcess-precision=standard -Wno-format-truncation -Wno-stringop-truncation -O2  -D_GNU_SOURCE    conftest.c -lz -lcrypt -lm  >&5
configure:18674: $? = 0
configure:18691: result: none required
configure:18700: checking which semaphore API to use
configure:18723: result: unnamed POSIX
configure:18758: checking for /dev/urandom
configure:18771: result: yes
configure:18784: checking which random number source to use
configure:18802: result: /dev/urandom
configure:19269: checking for xmllint
configure:19302: result: no
configure:19323: checking for xsltproc
configure:19356: result: no
configure:19377: checking for fop
configure:19410: result: no
configure:19431: checking for dbtoepub
configure:19464: result: no
configure:19570: checking thread safety of required library functions
configure:19593: gcc -o conftest -Wall -Wmissing-prototypes -Wpointer-arith -Wdeclaration-after-statement -Werror=vla -Wendif-labels -Wmissing-format-attribute -Wformat-security -fno-strict-aliasing -fwrapv -fexcess-precision=standard -Wno-format-truncation -Wno-stringop-truncation -O2 -pthread -D_REENTRANT -D_THREAD_SAFE -D_POSIX_PTHREAD_SEMANTICS -DIN_CONFIGURE  -D_GNU_SOURCE    conftest.c -lz -lcrypt -lm   >&5
In file included from conftest.c:183:
../../src/test/thread/thread_test.c: In function 'main':
../../src/test/thread/thread_test.c:125:9: warning: ignoring return value of 'dup' declared with attribute 'warn_unused_result' [-Wunused-result]
  125 |         dup(5);
      |         ^~~~~~
configure:19593: $? = 0
configure:19593: ./conftest
Your errno is thread-safe.
Your system has strerror_r(); it does not need strerror().
Your system has getpwuid_r();  it does not need getpwuid().
Your system has getaddrinfo();  it does not need gethostbyname()
  or gethostbyname_r().

Your platform is thread-safe.
configure:19593: $? = 0
configure:19594: result: yes
configure:19707: checking whether gcc supports -Wl,--as-needed
configure:19728: gcc -o conftest -Wall -Wmissing-prototypes -Wpointer-arith -Wdeclaration-after-statement -Werror=vla -Wendif-labels -Wmissing-format-attribute -Wformat-security -fno-strict-aliasing -fwrapv -fexcess-precision=standard -Wno-format-truncation -Wno-stringop-truncation -O2  -D_GNU_SOURCE    -Wl,--as-needed conftest.c -lz -lcrypt -lm  >&5
configure:19728: $? = 0
configure:19728: ./conftest
configure:19728: $? = 0
configure:19739: result: yes
configure:19789: using compiler=gcc (Ubuntu 13.3.0-6ubuntu2~24.04.1) 13.3.0
configure:19791: using CFLAGS=-Wall -Wmissing-prototypes -Wpointer-arith -Wdeclaration-after-statement -Werror=vla -Wendif-labels -Wmissing-format-attribute -Wformat-security -fno-strict-aliasing -fwrapv -fexcess-precision=standard -Wno-format-truncation -Wno-stringop-truncation -O2
configure:19793: using CPPFLAGS= -D_GNU_SOURCE 
configure:19795: using LDFLAGS=  -Wl,--as-needed
configure:19824: result: done
configure:19958: creating ./config.status

## ---------------------- ##
## Running config.status. ##
## ---------------------- ##

This file was extended by PostgreSQL config.status 12.22, which was
generated by GNU Autoconf 2.69.  Invocation command line was

  CONFIG_FILES    = 
  CONFIG_HEADERS  = 
  CONFIG_LINKS    = 
  CONFIG_COMMANDS = 
  $ ./config.status 

on runnervm46oaq

config.status:1128: creating GNUmakefile
config.status:1128: creating src/Makefile.global
config.status:1128: creating src/include/pg_config.h
config.status:1128: creating src/include/pg_config_ext.h
config.status:1128: creating src/interfaces/ecpg/include/ecpg_config.h
config.status:1320: linking ../../src/backend/port/tas/dummy.s to src/backend/port/tas.s
config.status:1320: linking ../../src/backend/port/posix_sema.c to src/backend/port/pg_sema.c
config.status:1320: linking ../../src/backend/port/sysv_shmem.c to src/backend/port/pg_shmem.c
config.status:1320: linking ../../src/include/port/linux.h to src/include/pg_config_os.h
config.status:1320: linking ../../src/makefiles/Makefile.linux to src/Makefile.port

## ---------------- ##
## Cache variables. ##
## ---------------- ##

ac_cv_alignof_PG_INT128_TYPE=16
ac_cv_alignof_double=8
ac_cv_alignof_int=4
ac_cv_alignof_long=8
ac_cv_alignof_short=2
ac_cv_build=x86_64-pc-linux-gnu
ac_cv_c_bigendian=no
ac_cv_c_compiler_gnu=yes
ac_cv_c_decl_report=error
ac_cv_c_flexmember=yes
ac_cv_c_inline=inline
ac_cv_c_restrict=__restrict
ac_cv_cxx_compiler_gnu=yes
ac_cv_env_CCC_set=
ac_cv_env_CCC_value=
ac_cv_env_CC_set=
ac_cv_env_CC_value=
ac_cv_env_CFLAGS_set=
ac_cv_env_CFLAGS_value=
ac_cv_env_CLANG_set=
ac_cv_env_CLANG_value=
ac_cv_env_CPPFLAGS_set=
ac_cv_env_CPPFLAGS_value=
ac_cv_env_CPP_set=
ac_cv_env_CPP_value=
ac_cv_env_CXXFLAGS_set=
ac_cv_env_CXXFLAGS_value=
ac_cv_env_CXX_set=
ac_cv_env_CXX_value=
ac_cv_env_ICU_CFLAGS_set=
ac_cv_env_ICU_CFLAGS_value=
ac_cv_env_ICU_LIBS_set=
ac_cv_env_ICU_LIBS_value=
ac_cv_env_LDFLAGS_EX_set=
ac_cv_env_LDFLAGS_EX_value=
ac_cv_env_LDFLAGS_SL_set=
ac_cv_env_LDFLAGS_SL_value=
ac_cv_env_LDFLAGS_set=
ac_cv_env_LDFLAGS_value=
ac_cv_env_LIBS_set=
ac_cv_env_LIBS_value=
ac_cv_env_LLVM_CONFIG_set=
ac_cv_env_LLVM_CONFIG_value=
ac_cv_env_MSGFMT_set=
ac_cv_env_MSGFMT_value=
ac_cv_env_PERL_set=
ac_cv_env_PERL_value=
ac_cv_env_PKG_CONFIG_LIBDIR_set=
ac_cv_env_PKG_CONFIG_LIBDIR_value=
ac_cv_env_PKG_CONFIG_PATH_set=
ac_cv_env_PKG_CONFIG_PATH_value=
ac_cv_env_PKG_CONFIG_set=
ac_cv_env_PKG_CONFIG_value=
ac_cv_env_PYTHON_set=
ac_cv_env_PYTHON_value=
ac_cv_env_TCLSH_set=
ac_cv_env_TCLSH_value=
ac_cv_env_XML2_CFLAGS_set=
ac_cv_env_XML2_CFLAGS_value=
ac_cv_env_XML2_CONFIG_set=
ac_cv_env_XML2_CONFIG_value=
ac_cv_env_XML2_LIBS_set=
ac_cv_env_XML2_LIBS_value=
ac_cv_env_build_alias_set=
ac_cv_env_build_alias_value=
ac_cv_env_host_alias_set=
ac_cv_env_host_alias_value=
ac_cv_env_target_alias_set=
ac_cv_env_target_alias_value=
ac_cv_file__dev_urandom=yes
ac_cv_func_accept_arg1=int
ac_cv_func_accept_arg2='struct sockaddr *'
ac_cv_func_accept_arg3=socklen_t
ac_cv_func_accept_return=int
ac_cv_func_cbrt=yes
ac_cv_func_clock_gettime=yes
ac_cv_func_copyfile=no
ac_cv_func_crypt=yes
ac_cv_func_dlopen=yes
ac_cv_func_fdatasync=yes
ac_cv_func_fls=no
ac_cv_func_fseeko=yes
ac_cv_func_getaddrinfo=yes
ac_cv_func_gethostbyname_r=yes
ac_cv_func_getifaddrs=yes
ac_cv_func_getopt=yes
ac_cv_func_getopt_long=yes
ac_cv_func_getpeereid=no
ac_cv_func_getpeerucred=no
ac_cv_func_getpwuid_r=yes
ac_cv_func_getrlimit=yes
ac_cv_func_getrusage=yes
ac_cv_func_inet_aton=yes
ac_cv_func_isinf=yes
ac_cv_func_mbstowcs_l=no
ac_cv_func_memmove=yes
ac_cv_func_mkdtemp=yes
ac_cv_func_poll=yes
ac_cv_func_posix_fadvise=yes
ac_cv_func_posix_fallocate=yes
ac_cv_func_ppoll=yes
ac_cv_func_pread=yes
ac_cv_func_pstat=no
ac_cv_func_pthread_is_threaded_np=no
ac_cv_func_pwrite=yes
ac_cv_func_random=yes
ac_cv_func_readlink=yes
ac_cv_func_rint=yes
ac_cv_func_setenv=yes
ac_cv_func_setproctitle=no
ac_cv_func_setproctitle_fast=no
ac_cv_func_setsid=yes
ac_cv_func_shm_open=yes
ac_cv_func_srandom=yes
ac_cv_func_strchrnul=yes
ac_cv_func_strerror_r=yes
ac_cv_func_strlcat=yes
ac_cv_func_strlcpy=yes
ac_cv_func_strnlen=yes
ac_cv_func_strsignal=yes
ac_cv_func_strtof=yes
ac_cv_func_strtoll=yes
ac_cv_func_strtoull=yes
ac_cv_func_symlink=yes
ac_cv_func_sync_file_range=yes
ac_cv_func_syslog=yes
ac_cv_func_unsetenv=yes
ac_cv_func_uselocale=yes
ac_cv_func_utime=yes
ac_cv_func_utimes=yes
ac_cv_func_wcstombs_l=no
ac_cv_have_decl_F_FULLFSYNC=no
ac_cv_have_decl_RTLD_GLOBAL=yes
ac_cv_have_decl_RTLD_NOW=yes
ac_cv_have_decl_fdatasync=yes
ac_cv_have_decl_posix_fadvise=yes
ac_cv_have_decl_strlcat=yes
ac_cv_have_decl_strlcpy=yes
ac_cv_have_decl_strnlen=yes
ac_cv_have_decl_strtoll=yes
ac_cv_have_decl_strtoull=yes
ac_cv_header_atomic_h=no
ac_cv_header_copyfile_h=no
ac_cv_header_crypt_h=yes
ac_cv_header_fp_class_h=no
ac_cv_header_getopt_h=yes
ac_cv_header_ieeefp_h=no
ac_cv_header_ifaddrs_h=yes
ac_cv_header_inttypes_h=yes
ac_cv_header_langinfo_h=yes
ac_cv_header_mbarrier_h=no
ac_cv_header_memory_h=yes
ac_cv_header_net_if_h=yes
ac_cv_header_netinet_tcp_h=yes
ac_cv_header_poll_h=yes
ac_cv_header_pthread_h=yes
ac_cv_header_stdc=yes
ac_cv_header_stdint_h=yes
ac_cv_header_stdlib_h=yes
ac_cv_header_string_h=yes
ac_cv_header_strings_h=yes
ac_cv_header_sys_epoll_h=yes
ac_cv_header_sys_ipc_h=yes
ac_cv_header_sys_personality_h=yes
ac_cv_header_sys_prctl_h=yes
ac_cv_header_sys_procctl_h=no
ac_cv_header_sys_pstat_h=no
ac_cv_header_sys_resource_h=yes
ac_cv_header_sys_select_h=yes
ac_cv_header_sys_sem_h=yes
ac_cv_header_sys_shm_h=yes
ac_cv_header_sys_sockio_h=no
ac_cv_header_sys_stat_h=yes
ac_cv_header_sys_tas_h=no
ac_cv_header_sys_types_h=yes
ac_cv_header_sys_ucred_h=no
ac_cv_header_sys_un_h=yes
ac_cv_header_syslog_h=yes
ac_cv_header_termios_h=yes
ac_cv_header_ucred_h=no
ac_cv_header_unistd_h=yes
ac_cv_header_utime_h=yes
ac_cv_header_wchar_h=yes
ac_cv_header_wctype_h=yes
ac_cv_header_zlib_h=yes
ac_cv_host=x86_64-pc-linux-gnu
ac_cv_lib_m_main=yes
ac_cv_lib_z_inflate=yes
ac_cv_member_struct_sockaddr_sa_len=no
ac_cv_member_struct_sockaddr_storage___ss_family=no
ac_cv_member_struct_sockaddr_storage___ss_len=no
ac_cv_member_struct_sockaddr_storage_ss_family=yes
ac_cv_member_struct_sockaddr_storage_ss_len=no
ac_cv_member_struct_tm_tm_zone=yes
ac_cv_objext=o
ac_cv_path_BISON=/usr/bin/bison
ac_cv_path_EGREP='/usr/bin/grep -E'
ac_cv_path_GREP=/usr/bin/grep
ac_cv_path_LD=/usr/bin/ld
ac_cv_path_PERL=/usr/bin/perl
ac_cv_path_SED=/usr/bin/sed
ac_cv_path_TAR=/usr/bin/tar
ac_cv_path_ac_pt_PKG_CONFIG=/usr/bin/pkg-config
ac_cv_path_install='/usr/bin/install -c'
ac_cv_path_mkdir=/usr/bin/mkdir
ac_cv_prog_AWK=gawk
ac_cv_prog_CPP='gcc -E'
ac_cv_prog_ac_ct_AR=ar
ac_cv_prog_ac_ct_CC=gcc
ac_cv_prog_ac_ct_CXX=g++
ac_cv_prog_ac_ct_RANLIB=ranlib
ac_cv_prog_ac_ct_STRIP=strip
ac_cv_prog_cc_c89=
ac_cv_prog_cc_c99=
ac_cv_prog_cc_g=yes
ac_cv_prog_cxx_g=yes
ac_cv_prog_gnu_ld=yes
ac_cv_search_clock_gettime='none required'
ac_cv_search_crypt=-lcrypt
ac_cv_search_dlsym='none required'
ac_cv_search_fdatasync='none required'
ac_cv_search_gethostbyname_r='none required'
ac_cv_search_getopt_long='none required'
ac_cv_search_sched_yield='none required'
ac_cv_search_sem_init='none required'
ac_cv_search_setproctitle=no
ac_cv_search_shl_load=no
ac_cv_search_shm_open='none required'
ac_cv_search_shm_unlink='none required'
ac_cv_search_shmget='none required'
ac_cv_search_socket='none required'
ac_cv_sizeof_bool=1
ac_cv_sizeof_long=8
ac_cv_sizeof_off_t=8
ac_cv_sizeof_size_t=8
ac_cv_sizeof_void_p=8
ac_cv_struct_tm=time.h
ac_cv_sys_file_offset_bits=no
ac_cv_sys_largefile_CC=no
ac_cv_sys_largefile_source=no
ac_cv_type_int64=no
ac_cv_type_int8=no
ac_cv_type_intptr_t=yes
ac_cv_type_long_long_int=yes
ac_cv_type_struct_addrinfo=yes
ac_cv_type_struct_cmsgcred=no
ac_cv_type_struct_option=yes
ac_cv_type_struct_sockaddr_in6=yes
ac_cv_type_struct_sockaddr_storage=yes
ac_cv_type_struct_sockaddr_un=yes
ac_cv_type_uint64=no
ac_cv_type_uint8=no
ac_cv_type_uintptr_t=yes
ac_cv_type_union_semun=no
ac_cv_type_unsigned_long_long_int=yes
ac_cv_type_z_streamp=yes
ac_cv_var_tzname=yes
ax_cv_PTHREAD_CLANG=no
ax_cv_PTHREAD_JOINABLE_ATTR=PTHREAD_CREATE_JOINABLE
ax_cv_PTHREAD_PRIO_INHERIT=yes
ax_cv_PTHREAD_SPECIAL_FLAGS=no
pgac_cv__128bit_int=yes
pgac_cv__128bit_int_bug=ok
pgac_cv__builtin_bswap16=yes
pgac_cv__builtin_bswap32=yes
pgac_cv__builtin_bswap64=yes
pgac_cv__builtin_clz=yes
pgac_cv__builtin_constant_p=yes
pgac_cv__builtin_ctz=yes
pgac_cv__builtin_frame_address=yes
pgac_cv__builtin_op_overflow=yes
pgac_cv__builtin_popcount=yes
pgac_cv__builtin_unreachable=yes
pgac_cv__cpuid=no
pgac_cv__get_cpuid=yes
pgac_cv__static_assert=yes
pgac_cv__types_compatible=yes
pgac_cv_armv8_crc32c_intrinsics_=no
pgac_cv_armv8_crc32c_intrinsics__march_armv8_apcrc=no
pgac_cv_c_signed=yes
pgac_cv_c_typeof=typeof
pgac_cv_computed_goto=yes
pgac_cv_func_gettimeofday_1arg=no
pgac_cv_func_strerror_r_int=no
pgac_cv_func_wcstombs_l=no
pgac_cv_funcname_func_support=yes
pgac_cv_gcc_atomic_int32_cas=yes
pgac_cv_gcc_atomic_int64_cas=yes
pgac_cv_gcc_sync_char_tas=yes
pgac_cv_gcc_sync_int32_cas=yes
pgac_cv_gcc_sync_int32_tas=yes
pgac_cv_gcc_sync_int64_cas=yes
pgac_cv_have_x86_64_popcntq=yes
pgac_cv_path_flex=/usr/bin/flex
pgac_cv_printf_archetype=gnu_printf
pgac_cv_prog_CC_cflags__Wcompound_token_split_by_macro=no
pgac_cv_prog_CC_cflags__Wdeclaration_after_statement=yes
pgac_cv_prog_CC_cflags__Wdeprecated_non_prototype=no
pgac_cv_prog_CC_cflags__Wendif_labels=yes
pgac_cv_prog_CC_cflags__Werror_vla=yes
pgac_cv_prog_CC_cflags__Wformat_security=yes
pgac_cv_prog_CC_cflags__Wformat_truncation=yes
pgac_cv_prog_CC_cflags__Wmissing_format_attribute=yes
pgac_cv_prog_CC_cflags__Wstringop_truncation=yes
pgac_cv_prog_CC_cflags__Wunused_command_line_argument=no
pgac_cv_prog_CC_cflags__fexcess_precision_standard=yes
pgac_cv_prog_CC_cflags__fno_strict_aliasing=yes
pgac_cv_prog_CC_cflags__ftree_vectorize=yes
pgac_cv_prog_CC_cflags__funroll_loops=yes
pgac_cv_prog_CC_cflags__fwrapv=yes
pgac_cv_prog_CXX_cxxflags__Wendif_labels=yes
pgac_cv_prog_CXX_cxxflags__Wformat_security=yes
pgac_cv_prog_CXX_cxxflags__Wmissing_format_attribute=yes
pgac_cv_prog_CXX_cxxflags__fexcess_precision_standard=yes
pgac_cv_prog_CXX_cxxflags__fno_strict_aliasing=yes
pgac_cv_prog_CXX_cxxflags__fwrapv=yes
pgac_cv_prog_cc_ldflags__Wl___as_needed=yes
pgac_cv_sse42_crc32_intrinsics_=no
pgac_cv_sse42_crc32_intrinsics__msse4_2=yes
pgac_cv_type_locale_t=yes
pgac_cv_type_long_int_64=yes
pgac_cv_var_PS_STRINGS=no
pgac_cv_var_int_opterr=yes
pgac_cv_var_int_optreset=no
pgac_cv_var_int_timezone=yes

## ----------------- ##
## Output variables. ##
## ----------------- ##

AR='ar'
AWK='gawk'
BISON='/usr/bin/bison'
BISONFLAGS=' -Wno-deprecated'
BITCODE_CFLAGS=' -O2 '
BITCODE_CXXFLAGS=' -O2 '
CC='gcc'
CFLAGS='-Wall -Wmissing-prototypes -Wpointer-arith -Wdeclaration-after-statement -Werror=vla -Wendif-labels -Wmissing-format-attribute -Wformat-security -fno-strict-aliasing -fwrapv -fexcess-precision=standard -Wno-format-truncation -Wno-stringop-truncation -O2'
CFLAGS_ARMV8_CRC32C=''
CFLAGS_SL='-fPIC'
CFLAGS_SSE42='-msse4.2'
CFLAGS_VECTOR=' -funroll-loops -ftree-vectorize'
CLANG=''
CPP='gcc -E'
CPPFLAGS=' -D_GNU_SOURCE '
CXX='g++'
CXXFLAGS='-Wall -Wpointer-arith -Wendif-labels -Wmissing-format-attribute -Wformat-security -fno-strict-aliasing -fwrapv -fexcess-precision=standard -O2'
DBTOEPUB=''
DEFS='-DHAVE_CONFIG_H'
DLLTOOL=''
DLLWRAP=''
DTRACE=''
DTRACEFLAGS=''
ECHO_C=''
ECHO_N='-n'
ECHO_T=''
EGREP='/usr/bin/grep -E'
ELF_SYS='true'
EXEEXT=''
FLEX='/usr/bin/flex'
FLEXFLAGS=''
FOP=''
GCC='yes'
GCOV=''
GENHTML=''
GREP='/usr/bin/grep'
ICU_CFLAGS=''
ICU_LIBS=''
INCLUDES=''
INSTALL_DATA='${INSTALL} -m 644'
INSTALL_PROGRAM='${INSTALL}'
INSTALL_SCRIPT='${INSTALL}'
LCOV=''
LD='/usr/bin/ld'
LDAP_LIBS_BE=''
LDAP_LIBS_FE=''
LDFLAGS='  -Wl,--as-needed'
LDFLAGS_EX=''
LDFLAGS_SL=''
LIBOBJS=' ${LIBOBJDIR}fls$U.o ${LIBOBJDIR}getpeereid$U.o'
LIBS='-lz -lcrypt -lm '
LLVM_BINPATH=''
LLVM_CFLAGS=''
LLVM_CONFIG=''
LLVM_CPPFLAGS=''
LLVM_CXXFLAGS=''
LLVM_LIBS=''
LN_S='ln -s'
LTLIBOBJS=' ${LIBOBJDIR}fls$U.lo ${LIBOBJDIR}getpeereid$U.lo'
MKDIR_P='/usr/bin/mkdir -p'
MSGFMT=''
MSGFMT_FLAGS=''
MSGMERGE=''
OBJEXT='o'
PACKAGE_BUGREPORT='pgsql-bugs@lists.postgresql.org'
PACKAGE_NAME='PostgreSQL'
PACKAGE_STRING='PostgreSQL 12.22'
PACKAGE_TARNAME='postgresql'
PACKAGE_URL=''
PACKAGE_VERSION='12.22'
PATH_SEPARATOR=':'
PERL='/usr/bin/perl'
PERMIT_DECLARATION_AFTER_STATEMENT='-Wno-declaration-after-statement'
PG_CRC32C_OBJS='pg_crc32c_sse42.o pg_crc32c_sb8.o pg_crc32c_sse42_choose.o'
PG_MAJORVERSION='12'
PG_SYSROOT=''
PG_VERSION_NUM='120022'
PKG_CONFIG='/usr/bin/pkg-config'
PKG_CONFIG_LIBDIR=''
PKG_CONFIG_PATH=''
PORTNAME='linux'
PROVE=''
PTHREAD_CC='gcc'
PTHREAD_CFLAGS='-pthread -D_REENTRANT -D_THREAD_SAFE -D_POSIX_PTHREAD_SEMANTICS'
PTHREAD_LIBS=''
PYTHON=''
RANLIB='ranlib'
SED='/usr/bin/sed'
SHELL='/bin/bash'
STRIP='strip'
STRIP_SHARED_LIB='strip --strip-unneeded'
STRIP_STATIC_LIB='strip --strip-unneeded'
SUN_STUDIO_CC='no'
TAR='/usr/bin/tar'
TAS=''
TCLSH=''
TCL_CONFIG_SH=''
TCL_INCLUDE_SPEC=''
TCL_LIBS=''
TCL_LIB_SPEC=''
TCL_SHARED_BUILD=''
TCL_SHLIB_LD_LIBS=''
UUID_EXTRA_OBJS=''
UUID_LIBS=''
WANTED_LANGUAGES=''
WINDRES=''
XGETTEXT=''
XML2_CFLAGS=''
XML2_CONFIG=''
XML2_LIBS=''
XMLLINT=''
XSLTPROC=''
ZIC=''
ac_ct_CC='gcc'
ac_ct_CXX='g++'
autodepend=''
ax_pthread_config=''
bindir='${exec_prefix}/bin'
build='x86_64-pc-linux-gnu'
build_alias=''
build_cpu='x86_64'
build_os='linux-gnu'
build_vendor='pc'
configure_args=' '\''--prefix=/tmp/pgbuild'\'' '\''--without-readline'\'''
datadir='${datarootdir}'
datarootdir='${prefix}/share'
default_port='5432'
docdir='${datarootdir}/doc/${PACKAGE_TARNAME}'
dvidir='${docdir}'
enable_coverage='no'
enable_debug='no'
enable_dtrace='no'
enable_nls='no'
enable_rpath='yes'
enable_tap_tests='no'
enable_thread_safety='yes'
exec_prefix='${prefix}'
have_win32_dbghelp='no'
host='x86_64-pc-linux-gnu'
host_alias=''
host_cpu='x86_64'
host_os='linux-gnu'
host_vendor='pc'
htmldir='${docdir}'
includedir='${prefix}/include'
infodir='${datarootdir}/info'
install_bin='/usr/bin/install -c'
krb_srvtab=''
libdir='${exec_prefix}/lib'
libexecdir='${exec_prefix}/libexec'
localedir='${datarootdir}/locale'
localstatedir='${prefix}/var'
mandir='${datarootdir}/man'
oldincludedir='/usr/include'
pdfdir='${docdir}'
perl_archlibexp=''
perl_embed_ccflags=''
perl_embed_ldflags=''
perl_includespec=''
perl_privlibexp=''
perl_useshrplib=''
prefix='/tmp/pgbuild'
program_transform_name='s,x,x,'
psdir='${docdir}'
python_additional_libs=''
python_includespec=''
python_libdir=''
python_libspec=''
python_majorversion=''
python_version=''
sbindir='${exec_prefix}/sbin'
sharedstatedir='${prefix}/com'
sysconfdir='${prefix}/etc'
target_alias=''
vpath_build='yes'
with_gnu_ld='yes'
with_gssapi='no'
with_icu='no'
with_krb_srvnam='postgres'
with_ldap='no'
with_libxml='no'
with_libxslt='no'
with_llvm='no'
with_openssl='no'
with_perl='no'
with_python='no'
with_selinux='no'
with_system_tzdata=''
with_systemd='no'
with_tcl='no'
with_uuid='no'
with_zlib='yes'

## ----------- ##
## confdefs.h. ##
## ----------- ##

/* confdefs.h */
#define PACKAGE_NAME "PostgreSQL"
#define PACKAGE_TARNAME "postgresql"
#define PACKAGE_VERSION "12.22"
#define PACKAGE_STRING "PostgreSQL 12.22"
#define PACKAGE_BUGREPORT "pgsql-bugs@lists.postgresql.org"
#define PACKAGE_URL ""
#define PG_MAJORVERSION "12"
#define PG_VERSION "12.22"
#define DEF_PGPORT 5432
#define DEF_PGPORT_STR "5432"
#define BLCKSZ 8192
#define RELSEG_SIZE 131072
#define XLOG_BLCKSZ 8192
#define ENABLE_THREAD_SAFETY 1
#define PG_KRB_SRVNAM "postgres"
#define STDC_HEADERS 1
#define HAVE_SYS_TYPES_H 1
#define HAVE_SYS_STAT_H 1
#define HAVE_STDLIB_H 1
#define HAVE_STRING_H 1
#define HAVE_MEMORY_H 1
#define HAVE_STRINGS_H 1
#define HAVE_INTTYPES_H 1
#define HAVE_STDINT_H 1
#define HAVE_UNISTD_H 1
#define HAVE_PTHREAD_PRIO_INHERIT 1
#define HAVE_PTHREAD 1
#define HAVE_STRERROR_R 1
#define HAVE_GETPWUID_R 1
#define HAVE_GETHOSTBYNAME_R 1
#define HAVE_LIBM 1
#define HAVE_LIBZ 1
#define HAVE_SPINLOCKS 1
#define HAVE_ATOMICS 1
#define HAVE_CRYPT_H 1
#define HAVE_GETOPT_H 1
#define HAVE_IFADDRS_H 1
#define HAVE_LANGINFO_H 1
#define HAVE_POLL_H 1
#define HAVE_SYS_EPOLL_H 1
#define HAVE_SYS_IPC_H 1
#define HAVE_SYS_PERSONALITY_H 1
#define HAVE_SYS_PRCTL_H 1
#define HAVE_SYS_RESOURCE_H 1
#define HAVE_SYS_SELECT_H 1
#define HAVE_SYS_SEM_H 1
#define HAVE_SYS_SHM_H 1
#define HAVE_SYS_UN_H 1
#define HAVE_TERMIOS_H 1
#define HAVE_UTIME_H 1
#define HAVE_WCHAR_H 1
#define HAVE_WCTYPE_H 1
#define HAVE_NET_IF_H 1
#define HAVE_NETINET_TCP_H 1
#define PG_PRINTF_ATTRIBUTE gnu_printf
#define FLEXIBLE_ARRAY_MEMBER /**/
#define HAVE_FUNCNAME__FUNC 1
#define HAVE__STATIC_ASSERT 1
#define HAVE_TYPEOF 1
#define HAVE__BUILTIN_TYPES_COMPATIBLE_P 1
#define HAVE__BUILTIN_CONSTANT_P 1
#define HAVE__BUILTIN_UNREACHABLE 1
#define HAVE_COMPUTED_GOTO 1
#define HAVE_STRUCT_TM_TM_ZONE 1
#define HAVE_TM_ZONE 1
#define HAVE_TZNAME 1
#define HAVE_UNIX_SOCKETS 1
#define HAVE_STRUCT_SOCKADDR_STORAGE 1
#define HAVE_STRUCT_SOCKADDR_STORAGE_SS_FAMILY 1
#define HAVE_STRUCT_ADDRINFO 1
#define HAVE_INTPTR_T 1
#define HAVE_UINTPTR_T 1
#define HAVE_UNSIGNED_LONG_LONG_INT 1
#define HAVE_LONG_LONG_INT 1
#define HAVE_LOCALE_T 1
#define restrict __restrict
#define pg_restrict __restrict
#define HAVE_STRUCT_OPTION 1
#define HAVE_X86_64_POPCNTQ 1
#define SIZEOF_OFF_T 8
#define SIZEOF_BOOL 1
#define HAVE_INT_TIMEZONE 1
#define ACCEPT_TYPE_RETURN int
#define ACCEPT_TYPE_ARG1 int
#define ACCEPT_TYPE_ARG2 struct sockaddr *
#define ACCEPT_TYPE_ARG3 socklen_t
#define HAVE_CBRT 1
#define HAVE_CLOCK_GETTIME 1
#define HAVE_FDATASYNC 1
#define HAVE_GETIFADDRS 1
#define HAVE_GETRLIMIT 1
#define HAVE_MEMMOVE 1
#define HAVE_POLL 1
#define HAVE_POSIX_FALLOCATE 1
#define HAVE_PPOLL 1
#define HAVE_READLINK 1
#define HAVE_SETSID 1
#define HAVE_SHM_OPEN 1
#define HAVE_STRCHRNUL 1
#define HAVE_STRSIGNAL 1
#define HAVE_SYMLINK 1
#define HAVE_SYNC_FILE_RANGE 1
#define HAVE_USELOCALE 1
#define HAVE_UTIME 1
#define HAVE_UTIMES 1
#define HAVE__BUILTIN_BSWAP16 1
#define HAVE__BUILTIN_BSWAP32 1
#define HAVE__BUILTIN_BSWAP64 1
#define HAVE__BUILTIN_CLZ 1
#define HAVE__BUILTIN_CTZ 1
#define HAVE__BUILTIN_POPCOUNT 1
#define HAVE__BUILTIN_FRAME_ADDRESS 1
#define HAVE_FSEEKO 1
#define HAVE_FSEEKO 1
#define HAVE_POSIX_FADVISE 1
#define HAVE_DECL_POSIX_FADVISE 1
#define HAVE_DECL_FDATASYNC 1
#define HAVE_DECL_STRLCAT 1
#define HAVE_DECL_STRLCPY 1
#define HAVE_DECL_STRNLEN 1
#define HAVE_DECL_F_FULLFSYNC 0
#define HAVE_DECL_RTLD_GLOBAL 1
#define HAVE_DECL_RTLD_NOW 1
#define HAVE_IPV6 1
#define HAVE_ISINF 1
#define HAVE_CRYPT 1
#define HAVE_DLOPEN 1
#define HAVE_GETOPT 1
#define HAVE_GETRUSAGE 1
#define HAVE_INET_ATON 1
#define HAVE_MKDTEMP 1
#define HAVE_PREAD 1
#define HAVE_PWRITE 1
#define HAVE_RANDOM 1
#define HAVE_RINT 1
#define HAVE_SRANDOM 1
#define HAVE_STRLCAT 1
#define HAVE_STRLCPY 1
#define HAVE_STRNLEN 1
#define HAVE_STRTOF 1
#define HAVE_SETENV 1
#define HAVE_UNSETENV 1
#define HAVE_GETADDRINFO 1
#define HAVE_GETOPT_LONG 1
#define HAVE_SYSLOG 1
#define HAVE_INT_OPTERR 1
#define HAVE_STRTOLL 1
#define HAVE_STRTOULL 1
#define HAVE_DECL_STRTOLL 1
#define HAVE_DECL_STRTOULL 1
#define HAVE_LONG_INT_64 1
#define PG_INT64_TYPE long int
#define INT64_MODIFIER "l"
#define HAVE__BUILTIN_OP_OVERFLOW 1
#define SIZEOF_VOID_P 8
#define SIZEOF_SIZE_T 8
#define SIZEOF_LONG 8
#define USE_FLOAT4_BYVAL 1
#define FLOAT4PASSBYVAL true
#define USE_FLOAT8_BYVAL 1
#define FLOAT8PASSBYVAL true
#define ALIGNOF_SHORT 2
#define ALIGNOF_INT 4
#define ALIGNOF_LONG 8
#define ALIGNOF_DOUBLE 8
#define MAXIMUM_ALIGNOF 8
#define PG_INT128_TYPE __int128
#define ALIGNOF_PG_INT128_TYPE 16
#define HAVE_GCC__SYNC_CHAR_TAS 1
#define HAVE_GCC__SYNC_INT32_TAS 1
#define HAVE_GCC__SYNC_INT32_CAS 1
#define HAVE_GCC__SYNC_INT64_CAS 1
#define HAVE_GCC__ATOMIC_INT32_CAS 1
#define HAVE_GCC__ATOMIC_INT64_CAS 1
#define HAVE__GET_CPUID 1
#define USE_SSE42_CRC32C_WITH_RUNTIME_CHECK 1
#define USE_UNNAMED_POSIX_SEMAPHORES 1
#define USE_SYSV_SHARED_MEMORY 1
#define USE_DEV_URANDOM 1
#define MEMSET_LOOP_LIMIT 1024
#define PG_VERSION_STR "PostgreSQL 12.22 on x86_64-pc-linux-gnu, compiled by gcc (Ubuntu 13.3.0-6ubuntu2~24.04.1) 13.3.0, 64-bit"
#define PG_VERSION_NUM 120022

configure: exit 0
